2884,2918,2164,2941,1483,2197,2965,3186,2993,3022,2240,3043,2271,2296,2328,3071,1568,1592,2355,3099,1636,2395,1665,2419,1688,1710,1741,1773,3126,2452,1807,2484,1844,2513,2546,2572,1869,2600,1900,1923,1950,2637,1973,1254,1284,1310,1333,3157,1355,2665,2005,2690,2721,2743,2036,2773,2798,2827,1402,1422,2067,2095,2122,2851
192,18,128,-1,4,0,0,0
193,3,164,-1,6,0,0,0
194,66,121,-1,6,0,0,0
195,123,160,-1,6,0,0,0
196,2,59,-1,6,0,0,0
197,31,124,-1,4,0,0,0
198,8,154,-1,4,0,0,0
199,7,47,-1,4,0,0,0
200,9,26,-1,4,0,0,0
201,76,170,-1,4,0,0,0
202,41,191,-1,4,0,0,0
203,36,126,-1,4,0,0,0
204,137,158,-1,4,0,0,0
205,40,188,-1,6,0,0,0
206,166,183,-1,4,0,0,0
207,99,140,-1,4,0,0,0
208,136,146,-1,6,0,0,0
209,24,103,-1,6,0,0,0
210,20,106,-1,6,0,0,0
211,34,94,-1,6,0,0,0
212,131,177,-1,4,0,0,0
213,19,107,-1,6,0,0,0
214,4,143,-1,4,0,0,0
215,16,101,-1,6,0,0,0
216,55,60,-1,4,0,0,0
217,159,190,-1,4,0,0,0
218,89,114,-1,6,0,0,0
219,5,51,-1,6,0,0,0
220,29,61,-1,6,0,0,0
221,138,175,-1,6,0,0,0
222,130,187,-1,4,0,0,0
223,38,82,-1,4,0,0,0
224,125,141,-1,6,0,0,0
225,69,135,-1,6,0,0,0
226,32,93,-1,4,0,0,0
227,63,159,-1,4,0,0,0
228,111,125,-1,6,0,0,0
229,105,131,-1,4,0,0,0
230,14,130,-1,6,0,0,0
231,64,-1,-1,4,0,0,0
232,231,192,-1,6,0,0,0
233,95,-1,-1,4,0,0,0
234,233,220,-1,6,0,0,0
235,96,161,-1,6,0,0,0
236,141,150,-1,6,0,0,0
237,23,151,-1,6,0,0,0
238,134,146,-1,4,0,0,0
239,53,71,-1,4,0,0,0
240,50,156,-1,4,0,0,0
241,15,72,-1,6,0,0,0
242,28,67,-1,4,0,0,0
243,7,184,-1,4,0,0,0
244,24,168,-1,4,0,0,0
245,173,179,-1,4,0,0,0
246,31,104,-1,4,0,0,0
247,45,92,-1,4,0,0,0
248,119,-1,-1,4,0,0,0
249,248,206,-1,4,0,0,0
250,102,139,-1,4,0,0,0
251,17,40,-1,6,0,0,0
252,22,70,-1,6,0,0,0
253,81,147,-1,4,0,0,0
254,176,191,-1,6,0,0,0
255,58,170,-1,4,0,0,0
256,85,186,-1,6,0,0,0
257,62,112,-1,6,0,0,0
258,6,32,-1,6,0,0,0
259,27,53,-1,6,0,0,0
260,33,44,-1,4,0,0,0
261,128,169,-1,4,0,0,0
262,21,130,-1,6,0,0,0
263,80,151,-1,6,0,0,0
264,52,148,-1,4,0,0,0
265,152,180,-1,4,0,0,0
266,104,186,-1,6,0,0,0
267,49,94,-1,4,0,0,0
268,42,62,-1,6,0,0,0
269,30,57,-1,6,0,0,0
270,117,181,-1,6,0,0,0
271,83,102,-1,6,0,0,0
272,124,132,-1,6,0,0,0
273,156,191,-1,6,0,0,0
274,225,221,-1,6,0,0,0
275,136,154,-1,4,0,0,0
276,9,68,-1,4,0,0,0
277,11,50,-1,4,0,0,0
278,58,-1,-1,4,0,0,0
279,278,251,-1,4,0,0,0
280,151,-1,-1,4,0,0,0
281,280,208,-1,6,0,0,0
282,4,137,-1,6,0,0,0
283,20,138,-1,6,0,0,0
284,37,106,-1,6,0,0,0
285,118,174,-1,6,0,0,0
286,73,162,-1,6,0,0,0
287,1,189,-1,4,0,0,0
288,36,172,-1,4,0,0,0
289,122,188,-1,4,0,0,0
290,94,95,-1,6,0,0,0
291,87,153,-1,4,0,0,0
292,42,-1,-1,4,0,0,0
293,292,225,-1,6,0,0,0
294,26,70,-1,4,0,0,0
295,5,34,-1,4,0,0,0
296,24,39,-1,4,0,0,0
297,144,170,-1,6,0,0,0
298,37,98,-1,4,0,0,0
299,11,113,-1,4,0,0,0
300,119,146,-1,6,0,0,0
301,79,93,-1,6,0,0,0
302,97,100,-1,4,0,0,0
303,82,165,-1,4,0,0,0
304,48,110,-1,6,0,0,0
305,0,34,-1,6,0,0,0
306,27,-1,-1,4,0,0,0
307,306,275,-1,6,0,0,0
308,44,131,-1,6,0,0,0
309,39,101,-1,6,0,0,0
310,63,68,-1,6,0,0,0
311,166,173,-1,6,0,0,0
312,72,-1,-1,4,0,0,0
313,312,222,-1,6,0,0,0
314,87,120,-1,6,0,0,0
315,28,74,-1,6,0,0,0
316,58,92,-1,6,0,0,0
317,23,-1,-1,4,0,0,0
318,317,200,-1,4,0,0,0
319,111,128,-1,4,0,0,0
320,46,112,-1,4,0,0,0
321,132,-1,-1,4,0,0,0
322,321,285,-1,6,0,0,0
323,89,162,-1,4,0,0,0
324,12,81,-1,6,0,0,0
325,117,178,-1,4,0,0,0
326,156,-1,-1,4,0,0,0
327,326,247,-1,4,0,0,0
328,142,-1,-1,4,0,0,0
329,328,227,-1,4,0,0,0
330,14,27,-1,6,0,0,0
331,133,-1,-1,4,0,0,0
332,331,302,-1,4,0,0,0
333,30,44,-1,6,0,0,0
334,24,-1,-1,4,0,0,0
335,334,206,-1,6,0,0,0
336,26,145,-1,6,0,0,0
337,47,73,-1,6,0,0,0
338,114,155,-1,6,0,0,0
339,0,153,-1,4,0,0,0
340,13,40,-1,6,0,0,0
341,78,168,-1,6,0,0,0
342,19,36,-1,4,0,0,0
343,33,68,-1,6,0,0,0
344,8,-1,-1,4,0,0,0
345,344,193,-1,6,0,0,0
346,167,188,-1,4,0,0,0
347,35,126,-1,6,0,0,0
348,25,-1,-1,4,0,0,0
349,348,298,-1,6,0,0,0
350,60,-1,-1,4,0,0,0
351,350,195,-1,6,0,0,0
352,9,10,-1,4,0,0,0
353,49,-1,-1,4,0,0,0
354,353,241,-1,6,0,0,0
355,76,92,-1,6,0,0,0
356,84,-1,-1,4,0,0,0
357,356,237,-1,4,0,0,0
358,14,90,-1,6,0,0,0
359,28,124,-1,6,0,0,0
360,13,38,-1,6,0,0,0
361,139,-1,-1,4,0,0,0
362,361,259,-1,6,0,0,0
363,12,99,-1,6,0,0,0
364,145,179,-1,6,0,0,0
365,24,142,-1,6,0,0,0
366,20,120,-1,6,0,0,0
367,346,262,-1,4,0,0,0
368,96,127,-1,6,0,0,0
369,73,75,-1,6,0,0,0
370,44,71,-1,4,0,0,0
371,35,144,-1,6,0,0,0
372,69,97,-1,6,0,0,0
373,80,93,-1,4,0,0,0
374,107,148,-1,6,0,0,0
375,27,81,-1,4,0,0,0
376,142,154,-1,4,0,0,0
377,90,163,-1,6,0,0,0
378,134,145,-1,6,0,0,0
379,32,-1,-1,4,0,0,0
380,379,200,-1,6,0,0,0
381,68,150,-1,6,0,0,0
382,84,123,-1,6,0,0,0
383,92,161,-1,6,0,0,0
384,88,181,-1,4,0,0,0
385,139,-1,-1,4,0,0,0
386,385,219,-1,6,0,0,0
387,18,34,-1,6,0,0,0
388,175,-1,-1,4,0,0,0
389,388,241,-1,4,0,0,0
390,73,103,-1,6,0,0,0
391,21,-1,-1,4,0,0,0
392,391,260,-1,4,0,0,0
393,136,-1,-1,4,0,0,0
394,393,253,-1,4,0,0,0
395,2,31,-1,6,0,0,0
396,83,91,-1,4,0,0,0
397,5,97,-1,6,0,0,0
398,11,52,-1,6,0,0,0
399,227,342,-1,4,0,0,0
400,100,152,-1,4,0,0,0
401,228,-1,-1,4,0,0,0
402,401,351,-1,6,0,0,0
403,158,190,-1,6,0,0,0
404,38,39,-1,6,0,0,0
405,131,155,-1,4,0,0,0
406,179,-1,-1,4,0,0,0
407,406,207,-1,4,0,0,0
408,96,129,-1,6,0,0,0
409,105,171,-1,6,0,0,0
410,129,134,-1,6,0,0,0
411,74,172,-1,4,0,0,0
412,17,-1,-1,4,0,0,0
413,412,258,-1,6,0,0,0
414,65,84,-1,6,0,0,0
415,0,15,-1,4,0,0,0
416,49,-1,-1,4,0,0,0
417,416,338,-1,4,0,0,0
418,22,175,-1,6,0,0,0
419,250,203,-1,6,0,0,0
420,29,152,-1,6,0,0,0
421,88,173,-1,6,0,0,0
422,187,-1,-1,4,0,0,0
423,422,254,-1,6,0,0,0
424,122,-1,-1,4,0,0,0
425,424,309,-1,6,0,0,0
426,38,66,-1,4,0,0,0
427,201,225,-1,6,0,0,0
428,3,186,-1,6,0,0,0
429,43,140,-1,6,0,0,0
430,71,138,-1,6,0,0,0
431,58,171,-1,4,0,0,0
432,17,18,-1,6,0,0,0
433,196,229,-1,6,0,0,0
434,208,299,-1,6,0,0,0
435,88,-1,-1,4,0,0,0
436,435,368,-1,6,0,0,0
437,107,-1,-1,4,0,0,0
438,437,324,-1,6,0,0,0
439,48,-1,-1,4,0,0,0
440,439,216,-1,6,0,0,0
441,30,33,-1,4,0,0,0
442,184,-1,-1,4,0,0,0
443,442,206,-1,4,0,0,0
444,5,45,-1,6,0,0,0
445,128,-1,-1,4,0,0,0
446,445,199,-1,4,0,0,0
447,87,-1,-1,4,0,0,0
448,447,227,-1,4,0,0,0
449,121,-1,-1,4,0,0,0
450,449,-1,-1,4,0,0,0
451,450,362,-1,4,0,0,0
452,86,137,-1,6,0,0,0
453,55,97,-1,4,0,0,0
454,159,183,-1,4,0,0,0
455,165,177,-1,4,0,0,0
456,178,-1,-1,4,0,0,0
457,456,215,-1,4,0,0,0
458,83,153,-1,6,0,0,0
459,109,185,-1,6,0,0,0
460,147,180,-1,4,0,0,0
461,244,247,-1,4,0,0,0
462,34,62,-1,6,0,0,0
463,78,143,-1,6,0,0,0
464,1,127,-1,6,0,0,0
465,65,-1,-1,4,0,0,0
466,465,-1,-1,4,0,0,0
467,466,392,-1,6,0,0,0
468,6,165,-1,6,0,0,0
469,69,116,-1,6,0,0,0
470,2,79,-1,6,0,0,0
471,50,-1,-1,4,0,0,0
472,471,421,-1,4,0,0,0
473,63,72,-1,4,0,0,0
474,137,-1,-1,4,0,0,0
475,474,287,-1,4,0,0,0
476,16,133,-1,4,0,0,0
477,148,-1,-1,4,0,0,0
478,477,236,-1,6,0,0,0
479,161,166,-1,6,0,0,0
480,29,-1,-1,4,0,0,0
481,480,459,-1,6,0,0,0
482,160,-1,-1,4,0,0,0
483,482,338,-1,6,0,0,0
484,191,-1,-1,4,0,0,0
485,484,228,-1,6,0,0,0
486,144,190,-1,4,0,0,0
487,84,-1,-1,4,0,0,0
488,487,201,-1,6,0,0,0
489,78,178,-1,6,0,0,0
490,35,64,-1,4,0,0,0
491,127,-1,-1,4,0,0,0
492,491,221,-1,6,0,0,0
493,370,194,-1,6,0,0,0
494,7,162,-1,6,0,0,0
495,110,172,-1,4,0,0,0
496,486,390,-1,4,0,0,0
497,3,161,-1,6,0,0,0
498,10,174,-1,6,0,0,0
499,4,41,-1,6,0,0,0
500,366,266,-1,6,0,0,0
501,21,-1,-1,4,0,0,0
502,501,316,-1,4,0,0,0
503,46,108,-1,4,0,0,0
504,470,270,-1,4,0,0,0
505,119,136,-1,6,0,0,0
506,33,187,-1,4,0,0,0
507,25,85,-1,6,0,0,0
508,66,164,-1,4,0,0,0
509,10,56,-1,4,0,0,0
510,15,64,-1,6,0,0,0
511,77,86,-1,6,0,0,0
512,106,168,-1,4,0,0,0
513,21,-1,-1,4,0,0,0
514,513,285,-1,6,0,0,0
515,67,126,-1,6,0,0,0
516,207,-1,-1,4,0,0,0
517,516,488,-1,6,0,0,0
518,268,453,-1,6,0,0,0
519,198,400,-1,4,0,0,0
520,75,131,-1,6,0,0,0
521,138,149,-1,6,0,0,0
522,107,127,-1,4,0,0,0
523,0,146,-1,4,0,0,0
524,70,108,-1,6,0,0,0
525,128,-1,-1,4,0,0,0
526,525,400,-1,6,0,0,0
527,28,172,-1,4,0,0,0
528,98,103,-1,6,0,0,0
529,109,-1,-1,4,0,0,0
530,529,372,-1,6,0,0,0
531,56,125,-1,4,0,0,0
532,88,169,-1,6,0,0,0
533,171,-1,-1,4,0,0,0
534,533,370,-1,6,0,0,0
535,473,-1,-1,4,0,0,0
536,535,483,-1,6,0,0,0
537,11,-1,-1,4,0,0,0
538,537,369,-1,6,0,0,0
539,112,115,-1,4,0,0,0
540,48,167,-1,6,0,0,0
541,130,144,-1,4,0,0,0
542,29,-1,-1,4,0,0,0
543,542,230,-1,6,0,0,0
544,86,176,-1,6,0,0,0
545,119,-1,-1,4,0,0,0
546,545,244,-1,4,0,0,0
547,400,494,-1,4,0,0,0
548,169,185,-1,6,0,0,0
549,22,183,-1,6,0,0,0
550,25,64,-1,6,0,0,0
551,3,146,-1,6,0,0,0
552,18,122,-1,6,0,0,0
553,185,-1,-1,4,0,0,0
554,553,528,-1,6,0,0,0
555,46,54,-1,6,0,0,0
556,126,140,-1,6,0,0,0
557,60,156,-1,4,0,0,0
558,85,-1,-1,4,0,0,0
559,558,310,-1,4,0,0,0
560,116,-1,-1,4,0,0,0
561,560,508,-1,4,0,0,0
562,40,148,-1,6,0,0,0
563,98,154,-1,6,0,0,0
564,258,289,-1,4,0,0,0
565,134,141,-1,6,0,0,0
566,137,-1,-1,4,0,0,0
567,566,210,-1,4,0,0,0
568,118,-1,-1,4,0,0,0
569,568,360,-1,4,0,0,0
570,2,65,-1,6,0,0,0
571,129,-1,-1,4,0,0,0
572,571,199,-1,4,0,0,0
573,4,10,-1,4,0,0,0
574,140,-1,-1,4,0,0,0
575,574,261,-1,4,0,0,0
576,177,-1,-1,4,0,0,0
577,576,198,-1,6,0,0,0
578,298,303,-1,6,0,0,0
579,181,-1,-1,4,0,0,0
580,579,373,-1,6,0,0,0
581,55,123,-1,6,0,0,0
582,40,115,-1,4,0,0,0
583,167,-1,-1,4,0,0,0
584,583,204,-1,6,0,0,0
585,75,163,-1,6,0,0,0
586,23,-1,-1,4,0,0,0
587,586,236,-1,6,0,0,0
588,184,-1,-1,4,0,0,0
589,588,260,-1,6,0,0,0
590,73,135,-1,4,0,0,0
591,155,160,-1,6,0,0,0
592,81,172,-1,6,0,0,0
593,12,100,-1,4,0,0,0
594,17,-1,-1,4,0,0,0
595,594,223,-1,6,0,0,0
596,171,-1,-1,4,0,0,0
597,596,411,-1,6,0,0,0
598,36,117,-1,6,0,0,0
599,51,-1,-1,4,0,0,0
600,599,555,-1,6,0,0,0
601,77,92,-1,6,0,0,0
602,16,-1,-1,4,0,0,0
603,602,192,-1,6,0,0,0
604,66,150,-1,6,0,0,0
605,30,-1,-1,4,0,0,0
606,605,458,-1,4,0,0,0
607,23,98,-1,4,0,0,0
608,50,149,-1,4,0,0,0
609,21,37,-1,6,0,0,0
610,13,89,-1,6,0,0,0
611,59,76,-1,6,0,0,0
612,152,-1,-1,4,0,0,0
613,612,585,-1,6,0,0,0
614,31,122,-1,6,0,0,0
615,189,-1,-1,4,0,0,0
616,615,341,-1,6,0,0,0
617,23,55,-1,6,0,0,0
618,118,-1,-1,4,0,0,0
619,618,358,-1,6,0,0,0
620,227,430,-1,6,0,0,0
621,0,-1,-1,4,0,0,0
622,621,432,-1,4,0,0,0
623,19,71,-1,6,0,0,0
624,118,-1,-1,4,0,0,0
625,624,374,-1,6,0,0,0
626,494,237,-1,6,0,0,0
627,165,189,-1,6,0,0,0
628,28,42,-1,4,0,0,0
629,3,162,-1,4,0,0,0
630,9,110,-1,6,0,0,0
631,78,-1,-1,4,0,0,0
632,631,207,-1,6,0,0,0
633,476,374,-1,6,0,0,0
634,253,506,-1,4,0,0,0
635,18,-1,-1,4,0,0,0
636,635,298,-1,4,0,0,0
637,468,-1,-1,4,0,0,0
638,637,357,-1,4,0,0,0
639,114,-1,-1,4,0,0,0
640,639,196,-1,6,0,0,0
641,46,111,-1,6,0,0,0
642,7,102,-1,6,0,0,0
643,49,56,-1,6,0,0,0
644,90,121,-1,6,0,0,0
645,116,185,-1,6,0,0,0
646,120,179,-1,6,0,0,0
647,128,-1,-1,4,0,0,0
648,647,-1,-1,4,0,0,0
649,648,249,-1,4,0,0,0
650,130,-1,-1,4,0,0,0
651,650,241,-1,6,0,0,0
652,252,-1,-1,4,0,0,0
653,652,578,-1,4,0,0,0
654,156,188,-1,4,0,0,0
655,99,-1,-1,4,0,0,0
656,655,299,-1,6,0,0,0
657,119,-1,-1,4,0,0,0
658,657,218,-1,6,0,0,0
659,19,77,-1,4,0,0,0
660,35,104,-1,6,0,0,0
661,83,-1,-1,4,0,0,0
662,661,209,-1,4,0,0,0
663,138,-1,-1,4,0,0,0
664,663,360,-1,4,0,0,0
665,145,174,-1,4,0,0,0
666,242,-1,-1,4,0,0,0
667,666,493,-1,4,0,0,0
668,76,91,-1,6,0,0,0
669,190,-1,-1,4,0,0,0
670,669,264,-1,6,0,0,0
671,150,151,-1,6,0,0,0
672,176,-1,-1,4,0,0,0
673,672,370,-1,4,0,0,0
674,47,115,-1,6,0,0,0
675,101,-1,-1,4,0,0,0
676,675,486,-1,4,0,0,0
677,41,-1,-1,4,0,0,0
678,677,415,-1,6,0,0,0
679,74,-1,-1,4,0,0,0
680,679,431,-1,6,0,0,0
681,125,-1,-1,4,0,0,0
682,681,295,-1,6,0,0,0
683,57,132,-1,6,0,0,0
684,251,352,-1,6,0,0,0
685,511,593,-1,6,0,0,0
686,54,-1,-1,4,0,0,0
687,686,208,-1,6,0,0,0
688,264,250,-1,6,0,0,0
689,469,627,-1,4,0,0,0
690,30,116,-1,4,0,0,0
691,12,97,-1,6,0,0,0
692,70,-1,-1,4,0,0,0
693,692,220,-1,6,0,0,0
694,114,-1,-1,4,0,0,0
695,694,240,-1,6,0,0,0
696,73,-1,-1,4,0,0,0
697,696,301,-1,4,0,0,0
698,82,164,-1,6,0,0,0
699,0,-1,-1,4,0,0,0
700,699,609,-1,6,0,0,0
701,42,111,-1,6,0,0,0
702,229,581,-1,6,0,0,0
703,497,444,-1,6,0,0,0
704,181,-1,-1,4,0,0,0
705,704,476,-1,4,0,0,0
706,8,-1,-1,4,0,0,0
707,706,200,-1,6,0,0,0
708,72,-1,-1,4,0,0,0
709,708,-1,-1,4,0,0,0
710,709,485,-1,6,0,0,0
711,204,608,-1,6,0,0,0
712,6,-1,-1,4,0,0,0
713,712,212,-1,6,0,0,0
714,486,-1,-1,4,0,0,0
715,714,664,-1,6,0,0,0
716,5,-1,-1,4,0,0,0
717,716,494,-1,6,0,0,0
718,22,74,-1,4,0,0,0
719,14,-1,-1,4,0,0,0
720,719,368,-1,6,0,0,0
721,114,159,-1,6,0,0,0
722,113,-1,-1,4,0,0,0
723,722,410,-1,4,0,0,0
724,133,184,-1,6,0,0,0
725,43,-1,-1,4,0,0,0
726,725,459,-1,6,0,0,0
727,53,-1,-1,4,0,0,0
728,727,-1,-1,4,0,0,0
729,728,313,-1,6,0,0,0
730,89,-1,-1,4,0,0,0
731,730,352,-1,6,0,0,0
732,105,175,-1,6,0,0,0
733,117,-1,-1,4,0,0,0
734,733,364,-1,6,0,0,0
735,178,-1,-1,4,0,0,0
736,735,-1,-1,4,0,0,0
737,736,-1,-1,4,0,0,0
738,737,667,-1,6,0,0,0
739,339,340,-1,6,0,0,0
740,72,139,-1,6,0,0,0
741,28,-1,-1,4,0,0,0
742,741,214,-1,6,0,0,0
743,39,-1,-1,4,0,0,0
744,743,384,-1,6,0,0,0
745,120,-1,-1,4,0,0,0
746,745,420,-1,6,0,0,0
747,103,163,-1,6,0,0,0
748,107,-1,-1,4,0,0,0
749,748,355,-1,6,0,0,0
750,193,300,-1,4,0,0,0
751,614,-1,-1,4,0,0,0
752,751,717,-1,6,0,0,0
753,55,106,-1,6,0,0,0
754,142,-1,-1,4,0,0,0
755,754,268,-1,6,0,0,0
756,10,138,-1,4,0,0,0
757,33,173,-1,6,0,0,0
758,69,100,-1,6,0,0,0
759,94,139,-1,6,0,0,0
760,156,-1,-1,4,0,0,0
761,760,195,-1,6,0,0,0
762,165,-1,-1,4,0,0,0
763,762,253,-1,6,0,0,0
764,185,-1,-1,4,0,0,0
765,764,384,-1,4,0,0,0
766,192,338,-1,6,0,0,0
767,140,-1,-1,4,0,0,0
768,767,267,-1,6,0,0,0
769,1,74,-1,6,0,0,0
770,112,-1,-1,4,0,0,0
771,770,-1,-1,4,0,0,0
772,771,329,-1,4,0,0,0
773,178,-1,-1,4,0,0,0
774,773,245,-1,4,0,0,0
775,70,135,-1,6,0,0,0
776,508,-1,-1,4,0,0,0
777,776,572,-1,4,0,0,0
778,570,371,-1,4,0,0,0
779,29,163,-1,4,0,0,0
780,19,182,-1,6,0,0,0
781,72,101,-1,6,0,0,0
782,486,414,-1,6,0,0,0
783,190,-1,-1,4,0,0,0
784,783,-1,-1,4,0,0,0
785,784,640,-1,6,0,0,0
786,242,-1,-1,4,0,0,0
787,786,519,-1,6,0,0,0
788,183,-1,-1,4,0,0,0
789,788,303,-1,6,0,0,0
790,360,369,-1,6,0,0,0
791,59,-1,-1,4,0,0,0
792,791,221,-1,6,0,0,0
793,48,-1,-1,4,0,0,0
794,793,213,-1,6,0,0,0
795,170,-1,-1,4,0,0,0
796,795,582,-1,4,0,0,0
797,33,130,-1,6,0,0,0
798,62,124,-1,6,0,0,0
799,69,-1,-1,4,0,0,0
800,799,347,-1,6,0,0,0
801,147,-1,-1,4,0,0,0
802,801,314,-1,6,0,0,0
803,108,150,-1,4,0,0,0
804,505,-1,-1,4,0,0,0
805,804,433,-1,4,0,0,0
806,260,-1,-1,4,0,0,0
807,806,329,-1,6,0,0,0
808,243,224,-1,6,0,0,0
809,460,429,-1,6,0,0,0
810,34,107,-1,6,0,0,0
811,122,167,-1,6,0,0,0
812,346,499,-1,6,0,0,0
813,131,160,-1,6,0,0,0
814,254,414,-1,6,0,0,0
815,37,-1,-1,4,0,0,0
816,815,509,-1,6,0,0,0
817,363,290,-1,6,0,0,0
818,7,9,-1,6,0,0,0
819,8,113,-1,6,0,0,0
820,124,156,-1,6,0,0,0
821,149,-1,-1,4,0,0,0
822,821,193,-1,4,0,0,0
823,43,-1,-1,4,0,0,0
824,823,196,-1,4,0,0,0
825,142,-1,-1,4,0,0,0
826,825,198,-1,6,0,0,0
827,182,-1,-1,4,0,0,0
828,827,199,-1,6,0,0,0
829,39,-1,-1,4,0,0,0
830,829,200,-1,6,0,0,0
831,83,-1,-1,4,0,0,0
832,831,201,-1,6,0,0,0
833,50,-1,-1,4,0,0,0
834,833,203,-1,4,0,0,0
835,204,205,-1,4,0,0,0
836,92,-1,-1,4,0,0,0
837,836,206,-1,6,0,0,0
838,42,-1,-1,4,0,0,0
839,838,207,-1,6,0,0,0
840,186,-1,-1,4,0,0,0
841,840,208,-1,6,0,0,0
842,27,-1,-1,4,0,0,0
843,842,210,-1,6,0,0,0
844,91,-1,-1,4,0,0,0
845,844,212,-1,6,0,0,0
846,98,-1,-1,4,0,0,0
847,846,213,-1,6,0,0,0
848,117,-1,-1,4,0,0,0
849,848,214,-1,6,0,0,0
850,129,-1,-1,4,0,0,0
851,850,215,-1,6,0,0,0
852,157,-1,-1,4,0,0,0
853,852,216,-1,4,0,0,0
854,151,-1,-1,4,0,0,0
855,854,217,-1,6,0,0,0
856,179,-1,-1,4,0,0,0
857,856,218,-1,6,0,0,0
858,52,-1,-1,4,0,0,0
859,858,219,-1,6,0,0,0
860,77,-1,-1,4,0,0,0
861,860,220,-1,6,0,0,0
862,169,-1,-1,4,0,0,0
863,862,221,-1,6,0,0,0
864,180,-1,-1,4,0,0,0
865,864,222,-1,4,0,0,0
866,225,226,-1,4,0,0,0
867,135,-1,-1,4,0,0,0
868,867,229,-1,4,0,0,0
869,38,-1,-1,4,0,0,0
870,869,-1,-1,4,0,0,0
871,870,232,-1,6,0,0,0
872,47,-1,-1,4,0,0,0
873,872,-1,-1,4,0,0,0
874,873,234,-1,6,0,0,0
875,154,-1,-1,4,0,0,0
876,875,236,-1,6,0,0,0
877,158,-1,-1,4,0,0,0
878,877,237,-1,6,0,0,0
879,1,-1,-1,4,0,0,0
880,879,-1,-1,4,0,0,0
881,880,824,-1,4,0,0,0
882,90,-1,-1,4,0,0,0
883,882,240,-1,6,0,0,0
884,177,-1,-1,4,0,0,0
885,884,242,-1,4,0,0,0
886,82,-1,-1,4,0,0,0
887,886,243,-1,6,0,0,0
888,94,-1,-1,4,0,0,0
889,888,244,-1,6,0,0,0
890,245,214,-1,4,0,0,0
891,155,-1,-1,4,0,0,0
892,891,246,-1,4,0,0,0
893,80,-1,-1,4,0,0,0
894,893,-1,-1,4,0,0,0
895,894,249,-1,6,0,0,0
896,251,252,-1,6,0,0,0
897,253,254,-1,4,0,0,0
898,255,256,-1,6,0,0,0
899,100,-1,-1,4,0,0,0
900,899,257,-1,4,0,0,0
901,219,264,-1,6,0,0,0
902,187,-1,-1,4,0,0,0
903,902,267,-1,4,0,0,0
904,182,-1,-1,4,0,0,0
905,904,268,-1,4,0,0,0
906,108,-1,-1,4,0,0,0
907,906,269,-1,6,0,0,0
908,65,-1,-1,4,0,0,0
909,908,-1,-1,4,0,0,0
910,909,890,-1,6,0,0,0
911,137,-1,-1,4,0,0,0
912,911,272,-1,6,0,0,0
913,164,-1,-1,4,0,0,0
914,913,275,-1,6,0,0,0
915,66,-1,-1,4,0,0,0
916,915,285,-1,6,0,0,0
917,77,-1,-1,4,0,0,0
918,917,287,-1,6,0,0,0
919,217,288,-1,4,0,0,0
920,216,289,-1,6,0,0,0
921,245,-1,-1,4,0,0,0
922,921,822,-1,4,0,0,0
923,291,-1,-1,4,0,0,0
924,923,293,-1,6,0,0,0
925,294,-1,-1,7,0,0,0
926,925,907,-1,2,0,0,0
927,141,-1,-1,4,0,0,0
928,927,295,-1,4,0,0,0
929,75,-1,-1,4,0,0,0
930,929,297,-1,6,0,0,0
931,302,-1,-1,4,0,0,0
932,931,822,-1,4,0,0,0
933,303,304,-1,6,0,0,0
934,305,-1,-1,4,0,0,0
935,934,234,-1,6,0,0,0
936,51,-1,-1,4,0,0,0
937,936,309,-1,6,0,0,0
938,310,311,-1,6,0,0,0
939,314,-1,-1,4,0,0,0
940,939,313,-1,6,0,0,0
941,315,316,-1,6,0,0,0
942,69,-1,-1,4,0,0,0
943,942,-1,-1,4,0,0,0
944,943,318,-1,4,0,0,0
945,320,-1,-1,4,0,0,0
946,945,322,-1,4,0,0,0
947,157,-1,-1,4,0,0,0
948,947,324,-1,6,0,0,0
949,325,-1,-1,4,0,0,0
950,949,327,-1,4,0,0,0
951,330,-1,-1,7,0,0,0
952,951,329,-1,2,0,0,0
953,265,-1,-1,4,0,0,0
954,953,332,-1,6,0,0,0
955,7,-1,-1,4,0,0,0
956,955,333,-1,6,0,0,0
957,338,258,-1,6,0,0,0
958,86,-1,-1,4,0,0,0
959,958,339,-1,4,0,0,0
960,340,341,-1,6,0,0,0
961,104,-1,-1,4,0,0,0
962,961,342,-1,6,0,0,0
963,109,-1,-1,4,0,0,0
964,963,346,-1,4,0,0,0
965,59,-1,-1,4,0,0,0
966,965,347,-1,6,0,0,0
967,252,358,-1,6,0,0,0
968,143,-1,-1,4,0,0,0
969,968,360,-1,6,0,0,0
970,147,-1,-1,4,0,0,0
971,970,363,-1,6,0,0,0
972,364,365,-1,6,0,0,0
973,366,-1,-1,4,0,0,0
974,973,841,-1,6,0,0,0
975,101,-1,-1,4,0,0,0
976,975,369,-1,4,0,0,0
977,373,374,-1,6,0,0,0
978,98,-1,-1,4,0,0,0
979,978,384,-1,6,0,0,0
980,187,-1,-1,4,0,0,0
981,980,387,-1,6,0,0,0
982,244,-1,-1,4,0,0,0
983,982,853,-1,6,0,0,0
984,166,-1,-1,4,0,0,0
985,984,395,-1,4,0,0,0
986,261,396,-1,6,0,0,0
987,80,-1,-1,4,0,0,0
988,987,-1,-1,4,0,0,0
989,988,399,-1,6,0,0,0
990,162,-1,-1,4,0,0,0
991,990,400,-1,6,0,0,0
992,403,404,-1,6,0,0,0
993,358,409,-1,6,0,0,0
994,91,-1,-1,4,0,0,0
995,994,410,-1,6,0,0,0
996,145,-1,-1,4,0,0,0
997,996,411,-1,4,0,0,0
998,184,-1,-1,4,0,0,0
999,998,414,-1,6,0,0,0
1000,45,-1,-1,4,0,0,0
1001,1000,418,-1,6,0,0,0
1002,86,-1,-1,4,0,0,0
1003,1002,420,-1,6,0,0,0
1004,108,-1,-1,4,0,0,0
1005,1004,421,-1,6,0,0,0
1006,409,-1,-1,4,0,0,0
1007,1006,837,-1,6,0,0,0
1008,426,-1,-1,4,0,0,0
1009,1008,425,-1,6,0,0,0
1010,427,-1,-1,4,0,0,0
1011,1010,952,-1,6,0,0,0
1012,268,-1,-1,4,0,0,0
1013,1012,-1,-1,4,0,0,0
1014,1013,932,-1,6,0,0,0
1015,240,431,-1,6,0,0,0
1016,147,-1,-1,4,0,0,0
1017,1016,432,-1,4,0,0,0
1018,32,-1,-1,4,0,0,0
1019,1018,-1,-1,4,0,0,0
1020,1019,434,-1,6,0,0,0
1021,106,-1,-1,4,0,0,0
1022,1021,-1,-1,4,0,0,0
1023,1022,962,-1,6,0,0,0
1024,441,-1,-1,4,0,0,0
1025,1024,440,-1,6,0,0,0
1026,309,444,-1,6,0,0,0
1027,160,-1,-1,4,0,0,0
1028,1027,-1,-1,4,0,0,0
1029,1028,448,-1,4,0,0,0
1030,168,-1,-1,4,0,0,0
1031,1030,452,-1,6,0,0,0
1032,342,-1,-1,4,0,0,0
1033,1032,977,-1,6,0,0,0
1034,311,458,-1,6,0,0,0
1035,246,460,-1,6,0,0,0
1036,150,-1,-1,4,0,0,0
1037,1036,462,-1,6,0,0,0
1038,75,-1,-1,4,0,0,0
1039,1038,463,-1,4,0,0,0
1040,170,-1,-1,4,0,0,0
1041,1040,464,-1,4,0,0,0
1042,102,-1,-1,4,0,0,0
1043,1042,469,-1,6,0,0,0
1044,43,-1,-1,4,0,0,0
1045,1044,470,-1,4,0,0,0
1046,180,-1,-1,4,0,0,0
1047,1046,476,-1,4,0,0,0
1048,158,-1,-1,4,0,0,0
1049,1048,-1,-1,4,0,0,0
1050,1049,997,-1,6,0,0,0
1051,822,481,-1,6,0,0,0
1052,483,485,-1,6,0,0,0
1053,486,309,-1,4,0,0,0
1054,489,-1,-1,4,0,0,0
1055,1054,488,-1,6,0,0,0
1056,490,-1,-1,4,0,0,0
1057,1056,492,-1,6,0,0,0
1058,96,-1,-1,4,0,0,0
1059,1058,494,-1,4,0,0,0
1060,95,-1,-1,4,0,0,0
1061,1060,497,-1,6,0,0,0
1062,259,499,-1,4,0,0,0
1063,376,-1,-1,4,0,0,0
1064,1063,500,-1,6,0,0,0
1065,347,503,-1,4,0,0,0
1066,257,506,-1,6,0,0,0
1067,82,-1,-1,4,0,0,0
1068,1067,511,-1,4,0,0,0
1069,228,512,-1,4,0,0,0
1070,133,-1,-1,4,0,0,0
1071,1070,-1,-1,4,0,0,0
1072,1071,-1,-1,4,0,0,0
1073,1072,950,-1,6,0,0,0
1074,896,1045,-1,6,0,0,0
1075,236,-1,-1,4,0,0,0
1076,1075,519,-1,4,0,0,0
1077,26,-1,-1,4,0,0,0
1078,1077,520,-1,4,0,0,0
1079,143,-1,-1,4,0,0,0
1080,1079,521,-1,4,0,0,0
1081,522,523,-1,4,0,0,0
1082,45,-1,-1,4,0,0,0
1083,1082,527,-1,4,0,0,0
1084,528,-1,-1,7,0,0,0
1085,1084,995,-1,2,0,0,0
1086,54,-1,-1,4,0,0,0
1087,1086,531,-1,6,0,0,0
1088,186,-1,-1,4,0,0,0
1089,1088,-1,-1,4,0,0,0
1090,1089,828,-1,6,0,0,0
1091,99,-1,-1,4,0,0,0
1092,1091,-1,-1,4,0,0,0
1093,1092,897,-1,4,0,0,0
1094,538,475,-1,6,0,0,0
1095,539,540,-1,6,0,0,0
1096,106,-1,-1,4,0,0,0
1097,1096,-1,-1,4,0,0,0
1098,1097,859,-1,6,0,0,0
1099,153,-1,-1,4,0,0,0
1100,1099,-1,-1,4,0,0,0
1101,1100,969,-1,6,0,0,0
1102,548,-1,-1,7,0,0,0
1103,1102,883,-1,2,0,0,0
1104,60,-1,-1,4,0,0,0
1105,1104,549,-1,4,0,0,0
1106,555,-1,-1,4,0,0,0
1107,1106,472,-1,6,0,0,0
1108,520,556,-1,4,0,0,0
1109,59,-1,-1,4,0,0,0
1110,1109,-1,-1,4,0,0,0
1111,1110,1053,-1,4,0,0,0
1112,123,-1,-1,4,0,0,0
1113,1112,-1,-1,4,0,0,0
1114,1113,564,-1,6,0,0,0
1115,565,-1,-1,4,0,0,0
1116,1115,332,-1,6,0,0,0
1117,1062,569,-1,4,0,0,0
1118,58,-1,-1,4,0,0,0
1119,1118,-1,-1,4,0,0,0
1120,1119,861,-1,6,0,0,0
1121,507,-1,-1,4,0,0,0
1122,1121,578,-1,6,0,0,0
1123,497,-1,-1,4,0,0,0
1124,1123,-1,-1,4,0,0,0
1125,1124,946,-1,4,0,0,0
1126,63,-1,-1,4,0,0,0
1127,1126,-1,-1,4,0,0,0
1128,1127,580,-1,4,0,0,0
1129,581,-1,-1,4,0,0,0
1130,1129,868,-1,6,0,0,0
1131,153,-1,-1,4,0,0,0
1132,1131,-1,-1,4,0,0,0
1133,1132,584,-1,6,0,0,0
1134,197,-1,-1,4,0,0,0
1135,1134,-1,-1,4,0,0,0
1136,1135,974,-1,6,0,0,0
1137,510,-1,-1,4,0,0,0
1138,1137,897,-1,6,0,0,0
1139,103,-1,-1,4,0,0,0
1140,1139,-1,-1,4,0,0,0
1141,1140,859,-1,6,0,0,0
1142,590,-1,-1,4,0,0,0
1143,1142,249,-1,6,0,0,0
1144,591,592,-1,6,0,0,0
1145,410,-1,-1,4,0,0,0
1146,1145,603,-1,6,0,0,0
1147,300,604,-1,6,0,0,0
1148,79,-1,-1,4,0,0,0
1149,1148,608,-1,4,0,0,0
1150,216,609,-1,4,0,0,0
1151,613,-1,-1,4,0,0,0
1152,1151,1050,-1,6,0,0,0
1153,18,-1,-1,4,0,0,0
1154,1153,614,-1,4,0,0,0
1155,83,-1,-1,4,0,0,0
1156,1155,-1,-1,4,0,0,0
1157,1156,959,-1,4,0,0,0
1158,105,-1,-1,4,0,0,0
1159,1158,-1,-1,4,0,0,0
1160,1159,616,-1,4,0,0,0
1161,133,-1,-1,4,0,0,0
1162,1161,-1,-1,4,0,0,0
1163,1162,962,-1,6,0,0,0
1164,197,627,-1,6,0,0,0
1165,453,-1,-1,4,0,0,0
1166,1165,636,-1,4,0,0,0
1167,511,641,-1,6,0,0,0
1168,374,-1,-1,4,0,0,0
1169,1168,-1,-1,4,0,0,0
1170,1169,649,-1,6,0,0,0
1171,4,-1,-1,4,0,0,0
1172,1171,-1,-1,4,0,0,0
1173,1172,651,-1,4,0,0,0
1174,263,-1,-1,4,0,0,0
1175,1174,841,-1,6,0,0,0
1176,659,660,-1,6,0,0,0
1177,61,-1,-1,4,0,0,0
1178,1177,671,-1,4,0,0,0
1179,368,-1,-1,4,0,0,0
1180,1179,995,-1,6,0,0,0
1181,1,-1,-1,4,0,0,0
1182,1181,674,-1,4,0,0,0
1183,196,683,-1,6,0,0,0
1184,79,-1,-1,4,0,0,0
1185,1184,-1,-1,4,0,0,0
1186,1185,1035,-1,6,0,0,0
1187,687,688,-1,6,0,0,0
1188,297,-1,-1,4,0,0,0
1189,1188,966,-1,6,0,0,0
1190,1182,394,-1,6,0,0,0
1191,370,698,-1,4,0,0,0
1192,885,824,-1,6,0,0,0
1193,705,707,-1,4,0,0,0
1194,512,-1,-1,4,0,0,0
1195,1194,948,-1,6,0,0,0
1196,428,-1,-1,4,0,0,0
1197,1196,713,-1,6,0,0,0
1198,373,-1,-1,4,0,0,0
1199,1198,-1,-1,4,0,0,0
1200,1199,715,-1,4,0,0,0
1201,878,673,-1,6,0,0,0
1202,724,-1,-1,7,0,0,0
1203,1202,354,-1,2,0,0,0
1204,182,-1,-1,4,0,0,0
1205,1204,-1,-1,4,0,0,0
1206,1205,826,-1,6,0,0,0
1207,169,-1,-1,4,0,0,0
1208,1207,740,-1,4,0,0,0
1209,244,747,-1,6,0,0,0
1210,403,-1,-1,4,0,0,0
1211,1210,749,-1,4,0,0,0
1212,753,-1,-1,4,0,0,0
1213,1212,755,-1,6,0,0,0
1214,9,-1,-1,4,0,0,0
1215,1214,756,-1,6,0,0,0
1216,242,-1,-1,4,0,0,0
1217,1216,765,-1,6,0,0,0
1218,113,-1,-1,4,0,0,0
1219,1218,-1,-1,4,0,0,0
1220,1219,997,-1,6,0,0,0
1221,907,750,-1,4,0,0,0
1222,232,828,-1,6,0,0,0
1223,974,922,-1,6,0,0,0
1224,217,-1,-1,4,0,0,0
1225,1224,1047,-1,6,0,0,0
1226,78,-1,-1,4,0,0,0
1227,1226,-1,-1,4,0,0,0
1228,1227,789,-1,4,0,0,0
1229,440,790,-1,4,0,0,0
1230,13,27,-1,7,0,0,0
1231,66,97,-1,7,0,0,0
1232,126,158,-1,2,0,0,0
1233,162,163,-1,6,0,0,0
1234,167,179,-1,6,0,0,0
1235,180,-1,-1,4,0,0,0
1236,1230,1231,-1,7,0,0,0
1237,1232,1233,-1,6,0,0,0
1238,1234,1235,-1,6,0,0,0
1239,208,193,-1,4,0,0,0
1240,251,338,-1,4,0,0,0
1241,740,573,-1,2,0,0,0
1242,550,-1,-1,7,0,0,0
1243,1236,1237,-1,2,0,0,0
1244,1238,1239,-1,6,0,0,0
1245,1240,1241,-1,6,0,0,0
1246,1242,673,-1,2,0,0,0
1247,1150,792,-1,6,0,0,0
1248,1243,1244,-1,6,0,0,0
1249,1245,1246,-1,6,0,0,0
1250,1247,935,-1,4,0,0,0
1251,1064,-1,-1,7,0,0,0
1252,1248,1249,-1,6,0,0,0
1253,1250,1251,-1,4,0,0,0
1254,1252,1253,-1,6,0,0,0
1255,62,72,-1,6,0,0,0
1256,121,146,-1,7,0,0,0
1257,189,-1,-1,7,0,0,0
1258,1255,1256,-1,4,0,0,0
1259,1257,609,-1,7,0,0,0
1260,470,418,-1,2,0,0,0
1261,223,265,-1,6,0,0,0
1262,355,454,-1,2,0,0,0
1263,654,515,-1,4,0,0,0
1264,286,479,-1,7,0,0,0
1265,1258,1259,-1,4,0,0,0
1266,1260,1261,-1,6,0,0,0
1267,1262,1263,-1,6,0,0,0
1268,1264,765,-1,7,0,0,0
1269,876,774,-1,7,0,0,0
1270,794,937,-1,2,0,0,0
1271,889,446,-1,7,0,0,0
1272,796,634,-1,2,0,0,0
1273,1265,1266,-1,6,0,0,0
1274,1267,1268,-1,4,0,0,0
1275,1269,1270,-1,2,0,0,0
1276,1271,1272,-1,2,0,0,0
1277,1220,1052,-1,7,0,0,0
1278,924,-1,-1,7,0,0,0
1279,1273,1274,-1,6,0,0,0
1280,1275,1276,-1,6,0,0,0
1281,1277,1278,-1,7,0,0,0
1282,1279,1280,-1,6,0,0,0
1283,1281,-1,-1,7,0,0,0
1284,1282,1283,-1,4,0,0,0
1285,71,96,-1,7,0,0,0
1286,148,-1,-1,4,0,0,0
1287,1285,1286,-1,2,0,0,0
1288,555,769,-1,4,0,0,0
1289,551,797,-1,2,0,0,0
1290,598,798,-1,7,0,0,0
1291,803,-1,-1,7,0,0,0
1292,1287,1288,-1,6,0,0,0
1293,1289,1290,-1,4,0,0,0
1294,1291,413,-1,7,0,0,0
1295,1208,800,-1,7,0,0,0
1296,682,802,-1,7,0,0,0
1297,855,991,-1,7,0,0,0
1298,697,-1,-1,4,0,0,0
1299,1292,1293,-1,6,0,0,0
1300,1294,1295,-1,7,0,0,0
1301,1296,1297,-1,7,0,0,0
1302,1298,653,-1,4,0,0,0
1303,777,805,-1,2,0,0,0
1304,1193,-1,-1,4,0,0,0
1305,1299,1300,-1,4,0,0,0
1306,1301,1302,-1,2,0,0,0
1307,1303,1304,-1,6,0,0,0
1308,1305,1306,-1,6,0,0,0
1309,1307,-1,-1,4,0,0,0
1310,1308,1309,-1,6,0,0,0
1311,82,125,-1,2,0,0,0
1312,154,-1,-1,4,0,0,0
1313,1311,1312,-1,6,0,0,0
1314,261,512,-1,6,0,0,0
1315,262,581,-1,6,0,0,0
1316,452,238,-1,6,0,0,0
1317,1313,1314,-1,6,0,0,0
1318,1315,1316,-1,6,0,0,0
1319,896,636,-1,6,0,0,0
1320,834,1178,-1,7,0,0,0
1321,976,792,-1,7,0,0,0
1322,1317,1318,-1,6,0,0,0
1323,1319,1320,-1,4,0,0,0
1324,1321,895,-1,7,0,0,0
1325,1220,807,-1,4,0,0,0
1326,1197,1203,-1,4,0,0,0
1327,1211,-1,-1,4,0,0,0
1328,1322,1323,-1,6,0,0,0
1329,1324,1325,-1,2,0,0,0
1330,1326,1327,-1,6,0,0,0
1331,1328,1329,-1,6,0,0,0
1332,1330,-1,-1,4,0,0,0
1333,1331,1332,-1,6,0,0,0
1334,1,17,-1,7,0,0,0
1335,22,73,-1,2,0,0,0
1336,111,174,-1,6,0,0,0
1337,1334,1335,-1,2,0,0,0
1338,1336,208,-1,4,0,0,0
1339,411,395,-1,4,0,0,0
1340,591,781,-1,6,0,0,0
1341,601,-1,-1,4,0,0,0
1342,1337,1338,-1,6,0,0,0
1343,1339,1340,-1,6,0,0,0
1344,1341,559,-1,4,0,0,0
1345,577,1215,-1,2,0,0,0
1346,843,670,-1,2,0,0,0
1347,626,809,-1,4,0,0,0
1348,606,796,-1,4,0,0,0
1349,1342,1343,-1,6,0,0,0
1350,1344,1345,-1,6,0,0,0
1351,1346,1347,-1,6,0,0,0
1352,1348,-1,-1,4,0,0,0
1353,1349,1350,-1,6,0,0,0
1354,1351,1352,-1,6,0,0,0
1355,1353,1354,-1,6,0,0,0
1356,157,-1,-1,4,0,0,0
1357,1356,-1,-1,4,0,0,0
1358,1357,-1,-1,4,0,0,0
1359,1358,1180,-1,4,0,0,0
1360,259,-1,-1,4,0,0,0
1361,1360,999,-1,6,0,0,0
1362,141,-1,-1,4,0,0,0
1363,1362,-1,-1,4,0,0,0
1364,1363,914,-1,6,0,0,0
1365,1068,812,-1,6,0,0,0
1366,15,-1,-1,4,0,0,0
1367,1366,-1,-1,4,0,0,0
1368,1367,903,-1,6,0,0,0
1369,874,1122,-1,6,0,0,0
1370,64,-1,-1,4,0,0,0
1371,1370,-1,-1,4,0,0,0
1372,1371,1015,-1,6,0,0,0
1373,52,-1,-1,4,0,0,0
1374,1373,-1,-1,4,0,0,0
1375,1374,1001,-1,6,0,0,0
1376,222,819,-1,6,0,0,0
1377,85,-1,-1,4,0,0,0
1378,1377,820,-1,4,0,0,0
1379,61,-1,-1,4,0,0,0
1380,1379,-1,-1,4,0,0,0
1381,1380,901,-1,6,0,0,0
1382,5,12,-1,7,0,0,0
1383,16,95,-1,2,0,0,0
1384,1382,1383,-1,2,0,0,0
1385,390,314,-1,6,0,0,0
1386,430,489,-1,6,0,0,0
1387,202,659,-1,2,0,0,0
1388,718,779,-1,6,0,0,0
1389,557,282,-1,2,0,0,0
1390,1384,1385,-1,6,0,0,0
1391,1386,1387,-1,6,0,0,0
1392,1388,1389,-1,6,0,0,0
1393,322,868,-1,6,0,0,0
1394,816,600,-1,2,0,0,0
1395,808,1081,-1,7,0,0,0
1396,1390,1391,-1,6,0,0,0
1397,1392,1393,-1,6,0,0,0
1398,1394,1395,-1,4,0,0,0
1399,1206,638,-1,6,0,0,0
1400,1396,1397,-1,6,0,0,0
1401,1398,1399,-1,6,0,0,0
1402,1400,1401,-1,6,0,0,0
1403,19,125,-1,7,0,0,0
1404,1403,206,-1,7,0,0,0
1405,201,197,-1,4,0,0,0
1406,674,226,-1,2,0,0,0
1407,523,503,-1,2,0,0,0
1408,819,397,-1,2,0,0,0
1409,642,283,-1,2,0,0,0
1410,1404,1405,-1,2,0,0,0
1411,1406,1407,-1,6,0,0,0
1412,1408,1409,-1,6,0,0,0
1413,765,559,-1,7,0,0,0
1414,742,763,-1,4,0,0,0
1415,817,1191,-1,2,0,0,0
1416,1410,1411,-1,6,0,0,0
1417,1412,1413,-1,4,0,0,0
1418,1414,1415,-1,6,0,0,0
1419,1372,1229,-1,7,0,0,0
1420,1416,1417,-1,6,0,0,0
1421,1418,1419,-1,4,0,0,0
1422,1420,1421,-1,6,0,0,0
1423,837,839,-1,4,0,0,0
1424,209,-1,-1,4,0,0,0
1425,1424,841,-1,6,0,0,0
1426,189,-1,-1,4,0,0,0
1427,1426,-1,-1,4,0,0,0
1428,1427,853,-1,6,0,0,0
1429,859,861,-1,6,0,0,0
1430,863,865,-1,6,0,0,0
1431,224,-1,-1,4,0,0,0
1432,1431,866,-1,6,0,0,0
1433,239,-1,-1,4,0,0,0
1434,1433,883,-1,4,0,0,0
1435,26,-1,-1,4,0,0,0
1436,1435,-1,-1,4,0,0,0
1437,1436,885,-1,6,0,0,0
1438,193,-1,-1,4,0,0,0
1439,1438,890,-1,6,0,0,0
1440,216,-1,-1,4,0,0,0
1441,1440,892,-1,6,0,0,0
1442,247,-1,-1,4,0,0,0
1443,1442,-1,-1,4,0,0,0
1444,1443,895,-1,6,0,0,0
1445,250,-1,-1,4,0,0,0
1446,1445,896,-1,6,0,0,0
1447,195,-1,-1,4,0,0,0
1448,1447,897,-1,6,0,0,0
1449,270,-1,-1,7,0,0,0
1450,1449,907,-1,2,0,0,0
1451,149,-1,-1,4,0,0,0
1452,1451,-1,-1,4,0,0,0
1453,1452,914,-1,4,0,0,0
1454,147,-1,-1,4,0,0,0
1455,1454,-1,-1,4,0,0,0
1456,1455,919,-1,6,0,0,0
1457,290,-1,-1,4,0,0,0
1458,1457,-1,-1,4,0,0,0
1459,1458,922,-1,6,0,0,0
1460,296,-1,-1,4,0,0,0
1461,1460,930,-1,6,0,0,0
1462,56,171,-1,7,0,0,0
1463,1462,196,-1,7,0,0,0
1464,298,299,-1,7,0,0,0
1465,300,301,-1,2,0,0,0
1466,308,319,-1,6,0,0,0
1467,1463,1464,-1,7,0,0,0
1468,1465,1466,-1,6,0,0,0
1469,834,930,-1,7,0,0,0
1470,933,307,-1,6,0,0,0
1471,937,938,-1,2,0,0,0
1472,941,-1,-1,7,0,0,0
1473,1467,1468,-1,2,0,0,0
1474,1469,1470,-1,2,0,0,0
1475,1471,1472,-1,4,0,0,0
1476,932,935,-1,4,0,0,0
1477,940,944,-1,4,0,0,0
1478,1473,1474,-1,6,0,0,0
1479,1475,1476,-1,6,0,0,0
1480,1477,-1,-1,4,0,0,0
1481,1478,1479,-1,6,0,0,0
1482,1480,-1,-1,4,0,0,0
1483,1481,1482,-1,6,0,0,0
1484,239,-1,-1,4,0,0,0
1485,1484,959,-1,6,0,0,0
1486,343,-1,-1,4,0,0,0
1487,1486,962,-1,6,0,0,0
1488,345,964,-1,6,0,0,0
1489,966,349,-1,6,0,0,0
1490,232,967,-1,6,0,0,0
1491,158,-1,-1,4,0,0,0
1492,1491,-1,-1,4,0,0,0
1493,1492,969,-1,6,0,0,0
1494,362,971,-1,6,0,0,0
1495,87,-1,-1,4,0,0,0
1496,1495,-1,-1,4,0,0,0
1497,1496,-1,-1,4,0,0,0
1498,1497,974,-1,4,0,0,0
1499,368,-1,-1,4,0,0,0
1500,1499,976,-1,4,0,0,0
1501,132,-1,-1,4,0,0,0
1502,1501,-1,-1,4,0,0,0
1503,1502,-1,-1,4,0,0,0
1504,1503,983,-1,4,0,0,0
1505,408,-1,-1,4,0,0,0
1506,1505,993,-1,6,0,0,0
1507,80,-1,-1,4,0,0,0
1508,1507,-1,-1,4,0,0,0
1509,1508,-1,-1,4,0,0,0
1510,1509,1437,-1,6,0,0,0
1511,443,1026,-1,6,0,0,0
1512,1031,-1,-1,7,0,0,0
1513,1512,451,-1,2,0,0,0
1514,459,-1,-1,4,0,0,0
1515,1514,1035,-1,4,0,0,0
1516,417,-1,-1,4,0,0,0
1517,1516,1450,-1,6,0,0,0
1518,461,1037,-1,6,0,0,0
1519,1041,-1,-1,4,0,0,0
1520,1519,467,-1,4,0,0,0
1521,198,-1,-1,4,0,0,0
1522,1521,1047,-1,4,0,0,0
1523,369,-1,-1,4,0,0,0
1524,1523,-1,-1,4,0,0,0
1525,1524,1052,-1,6,0,0,0
1526,1053,-1,-1,4,0,0,0
1527,1526,983,-1,6,0,0,0
1528,45,-1,-1,4,0,0,0
1529,1528,-1,-1,4,0,0,0
1530,1529,1062,-1,6,0,0,0
1531,505,-1,-1,4,0,0,0
1532,1531,1066,-1,4,0,0,0
1533,1043,-1,-1,4,0,0,0
1534,1533,1076,-1,6,0,0,0
1535,488,-1,-1,4,0,0,0
1536,1535,1093,-1,6,0,0,0
1537,541,-1,-1,4,0,0,0
1538,1537,-1,-1,4,0,0,0
1539,1538,1098,-1,6,0,0,0
1540,136,-1,-1,4,0,0,0
1541,1540,-1,-1,4,0,0,0
1542,1541,-1,-1,4,0,0,0
1543,1542,1101,-1,6,0,0,0
1544,17,41,-1,7,0,0,0
1545,144,-1,-1,7,0,0,0
1546,1544,1545,-1,7,0,0,0
1547,204,346,-1,6,0,0,0
1548,225,324,-1,2,0,0,0
1549,527,272,-1,6,0,0,0
1550,544,-1,-1,4,0,0,0
1551,1546,1547,-1,2,0,0,0
1552,1548,1549,-1,6,0,0,0
1553,1550,318,-1,4,0,0,0
1554,543,845,-1,2,0,0,0
1555,502,546,-1,6,0,0,0
1556,1080,547,-1,4,0,0,0
1557,1551,1552,-1,6,0,0,0
1558,1553,1554,-1,6,0,0,0
1559,1555,1556,-1,6,0,0,0
1560,1023,1489,-1,7,0,0,0
1561,1025,1500,-1,6,0,0,0
1562,1103,-1,-1,4,0,0,0
1563,1557,1558,-1,6,0,0,0
1564,1559,1560,-1,4,0,0,0
1565,1561,1562,-1,6,0,0,0
1566,1563,1564,-1,6,0,0,0
1567,1565,-1,-1,4,0,0,0
1568,1566,1567,-1,6,0,0,0
1569,47,84,-1,4,0,0,0
1570,113,190,-1,6,0,0,0
1571,1569,1570,-1,6,0,0,0
1572,400,304,-1,4,0,0,0
1573,550,551,-1,7,0,0,0
1574,552,-1,-1,7,0,0,0
1575,1571,1572,-1,6,0,0,0
1576,1573,1574,-1,7,0,0,0
1577,861,901,-1,6,0,0,0
1578,1105,457,-1,2,0,0,0
1579,835,916,-1,4,0,0,0
1580,438,554,-1,4,0,0,0
1581,1108,-1,-1,4,0,0,0
1582,1575,1576,-1,4,0,0,0
1583,1577,1578,-1,6,0,0,0
1584,1579,1580,-1,6,0,0,0
1585,1581,1107,-1,4,0,0,0
1586,940,-1,-1,7,0,0,0
1587,1582,1583,-1,6,0,0,0
1588,1584,1585,-1,6,0,0,0
1589,1586,-1,-1,7,0,0,0
1590,1587,1588,-1,6,0,0,0
1591,1589,-1,-1,7,0,0,0
1592,1590,1591,-1,4,0,0,0
1593,325,-1,-1,4,0,0,0
1594,1593,-1,-1,4,0,0,0
1595,1594,1423,-1,6,0,0,0
1596,323,-1,-1,4,0,0,0
1597,1596,-1,-1,4,0,0,0
1598,1597,-1,-1,4,0,0,0
1599,1598,1125,-1,6,0,0,0
1600,88,-1,-1,4,0,0,0
1601,1600,-1,-1,4,0,0,0
1602,1601,-1,-1,4,0,0,0
1603,1602,1130,-1,4,0,0,0
1604,582,-1,-1,4,0,0,0
1605,1604,-1,-1,4,0,0,0
1606,1605,1133,-1,4,0,0,0
1607,832,-1,-1,4,0,0,0
1608,1607,-1,-1,4,0,0,0
1609,1608,1136,-1,6,0,0,0
1610,954,1138,-1,6,0,0,0
1611,32,74,-1,2,0,0,0
1612,139,-1,-1,4,0,0,0
1613,1611,1612,-1,6,0,0,0
1614,254,499,-1,2,0,0,0
1615,239,453,-1,2,0,0,0
1616,215,585,-1,6,0,0,0
1617,464,263,-1,7,0,0,0
1618,541,550,-1,6,0,0,0
1619,1613,1614,-1,6,0,0,0
1620,1615,1616,-1,6,0,0,0
1621,1617,1618,-1,2,0,0,0
1622,933,587,-1,2,0,0,0
1623,589,1144,-1,2,0,0,0
1624,547,504,-1,7,0,0,0
1625,1619,1620,-1,6,0,0,0
1626,1621,1622,-1,6,0,0,0
1627,1623,1624,-1,4,0,0,0
1628,946,1141,-1,6,0,0,0
1629,1143,926,-1,2,0,0,0
1630,1625,1626,-1,6,0,0,0
1631,1627,1628,-1,6,0,0,0
1632,1629,1136,-1,4,0,0,0
1633,1606,-1,-1,7,0,0,0
1634,1630,1631,-1,6,0,0,0
1635,1632,1633,-1,4,0,0,0
1636,1634,1635,-1,6,0,0,0
1637,57,82,-1,7,0,0,0
1638,95,101,-1,4,0,0,0
1639,142,-1,-1,4,0,0,0
1640,1637,1638,-1,2,0,0,0
1641,1639,199,-1,4,0,0,0
1642,460,311,-1,2,0,0,0
1643,205,266,-1,6,0,0,0
1644,607,531,-1,4,0,0,0
1645,398,610,-1,7,0,0,0
1646,611,-1,-1,4,0,0,0
1647,1640,1641,-1,6,0,0,0
1648,1642,1643,-1,6,0,0,0
1649,1644,1645,-1,4,0,0,0
1650,1646,995,-1,6,0,0,0
1651,876,1149,-1,6,0,0,0
1652,1150,419,-1,6,0,0,0
1653,1154,-1,-1,7,0,0,0
1654,1647,1648,-1,6,0,0,0
1655,1649,1650,-1,6,0,0,0
1656,1651,1652,-1,6,0,0,0
1657,1653,536,-1,2,0,0,0
1658,1157,1160,-1,7,0,0,0
1659,1654,1655,-1,6,0,0,0
1660,1656,1657,-1,6,0,0,0
1661,1658,1073,-1,2,0,0,0
1662,1152,-1,-1,4,0,0,0
1663,1659,1660,-1,6,0,0,0
1664,1661,1662,-1,6,0,0,0
1665,1663,1664,-1,6,0,0,0
1666,928,-1,-1,4,0,0,0
1667,1666,1163,-1,6,0,0,0
1668,11,66,-1,7,0,0,0
1669,175,188,-1,7,0,0,0
1670,1668,1669,-1,7,0,0,0
1671,486,200,-1,4,0,0,0
1672,499,609,-1,4,0,0,0
1673,623,628,-1,2,0,0,0
1674,405,-1,-1,4,0,0,0
1675,1670,1671,-1,2,0,0,0
1676,1672,1673,-1,6,0,0,0
1677,1674,907,-1,4,0,0,0
1678,448,622,-1,6,0,0,0
1679,625,626,-1,6,0,0,0
1680,1164,972,-1,7,0,0,0
1681,898,-1,-1,7,0,0,0
1682,1675,1676,-1,6,0,0,0
1683,1677,1678,-1,6,0,0,0
1684,1679,1680,-1,4,0,0,0
1685,1681,1532,-1,7,0,0,0
1686,1682,1683,-1,6,0,0,0
1687,1684,1685,-1,4,0,0,0
1688,1686,1687,-1,6,0,0,0
1689,111,159,-1,7,0,0,0
1690,176,185,-1,2,0,0,0
1691,1689,1690,-1,2,0,0,0
1692,220,291,-1,6,0,0,0
1693,629,630,-1,6,0,0,0
1694,1691,1692,-1,6,0,0,0
1695,1693,841,-1,4,0,0,0
1696,1053,493,-1,7,0,0,0
1697,826,632,-1,2,0,0,0
1698,619,633,-1,4,0,0,0
1699,941,634,-1,6,0,0,0
1700,1694,1695,-1,6,0,0,0
1701,1696,1697,-1,2,0,0,0
1702,1698,1699,-1,6,0,0,0
1703,1143,1166,-1,2,0,0,0
1704,638,-1,-1,4,0,0,0
1705,1700,1701,-1,6,0,0,0
1706,1702,1703,-1,6,0,0,0
1707,1704,-1,-1,4,0,0,0
1708,1705,1706,-1,6,0,0,0
1709,1707,-1,-1,4,0,0,0
1710,1708,1709,-1,6,0,0,0
1711,36,-1,-1,4,0,0,0
1712,1711,269,-1,6,0,0,0
1713,431,275,-1,7,0,0,0
1714,340,527,-1,4,0,0,0
1715,458,403,-1,6,0,0,0
1716,276,375,-1,2,0,0,0
1717,642,643,-1,6,0,0,0
1718,644,645,-1,6,0,0,0
1719,646,-1,-1,4,0,0,0
1720,1712,1713,-1,4,0,0,0
1721,1714,1715,-1,6,0,0,0
1722,1716,1717,-1,6,0,0,0
1723,1718,1719,-1,6,0,0,0
1724,868,538,-1,7,0,0,0
1725,640,1149,-1,2,0,0,0
1726,892,461,-1,4,0,0,0
1727,1167,-1,-1,4,0,0,0
1728,1720,1721,-1,6,0,0,0
1729,1722,1723,-1,6,0,0,0
1730,1724,1725,-1,2,0,0,0
1731,1726,1727,-1,6,0,0,0
1732,467,1098,-1,6,0,0,0
1733,1116,1057,-1,4,0,0,0
1734,1173,653,-1,6,0,0,0
1735,1728,1729,-1,6,0,0,0
1736,1730,1731,-1,6,0,0,0
1737,1732,1733,-1,6,0,0,0
1738,1734,1170,-1,6,0,0,0
1739,1735,1736,-1,6,0,0,0
1740,1737,1738,-1,6,0,0,0
1741,1739,1740,-1,6,0,0,0
1742,30,31,-1,6,0,0,0
1743,47,60,-1,2,0,0,0
1744,65,97,-1,4,0,0,0
1745,191,-1,-1,7,0,0,0
1746,1742,1743,-1,6,0,0,0
1747,1744,1745,-1,4,0,0,0
1748,227,252,-1,2,0,0,0
1749,366,390,-1,4,0,0,0
1750,462,654,-1,2,0,0,0
1751,630,643,-1,7,0,0,0
1752,563,-1,-1,4,0,0,0
1753,1746,1747,-1,6,0,0,0
1754,1748,1749,-1,6,0,0,0
1755,1750,1751,-1,4,0,0,0
1756,1752,948,-1,6,0,0,0
1757,863,1083,-1,7,0,0,0
1758,279,481,-1,4,0,0,0
1759,656,625,-1,2,0,0,0
1760,658,1176,-1,2,0,0,0
1761,1753,1754,-1,6,0,0,0
1762,1755,1756,-1,6,0,0,0
1763,1757,1758,-1,2,0,0,0
1764,1759,1760,-1,6,0,0,0
1765,1146,1175,-1,7,0,0,0
1766,1009,-1,-1,7,0,0,0
1767,1761,1762,-1,6,0,0,0
1768,1763,1764,-1,6,0,0,0
1769,1765,1766,-1,7,0,0,0
1770,1513,-1,-1,7,0,0,0
1771,1767,1768,-1,6,0,0,0
1772,1769,1770,-1,7,0,0,0
1773,1771,1772,-1,4,0,0,0
1774,167,-1,-1,4,0,0,0
1775,1774,-1,-1,4,0,0,0
1776,1775,1178,-1,6,0,0,0
1777,524,-1,-1,4,0,0,0
1778,1777,-1,-1,4,0,0,0
1779,1778,1186,-1,6,0,0,0
1780,11,139,-1,6,0,0,0
1781,169,173,-1,7,0,0,0
1782,177,181,-1,4,0,0,0
1783,1780,1781,-1,4,0,0,0
1784,1782,194,-1,4,0,0,0
1785,209,432,-1,2,0,0,0
1786,418,585,-1,4,0,0,0
1787,272,629,-1,6,0,0,0
1788,690,691,-1,4,0,0,0
1789,1783,1784,-1,6,0,0,0
1790,1785,1786,-1,6,0,0,0
1791,1787,1788,-1,6,0,0,0
1792,354,564,-1,2,0,0,0
1793,399,693,-1,4,0,0,0
1794,695,697,-1,6,0,0,0
1795,1191,-1,-1,4,0,0,0
1796,1789,1790,-1,6,0,0,0
1797,1791,1792,-1,6,0,0,0
1798,1793,1794,-1,6,0,0,0
1799,1795,1076,-1,4,0,0,0
1800,402,1189,-1,7,0,0,0
1801,1190,1511,-1,6,0,0,0
1802,1796,1797,-1,6,0,0,0
1803,1798,1799,-1,6,0,0,0
1804,1800,1801,-1,2,0,0,0
1805,1802,1803,-1,6,0,0,0
1806,1804,-1,-1,4,0,0,0
1807,1805,1806,-1,6,0,0,0
1808,607,-1,-1,4,0,0,0
1809,1808,-1,-1,4,0,0,0
1810,1809,1192,-1,6,0,0,0
1811,43,44,-1,6,0,0,0
1812,97,118,-1,6,0,0,0
1813,120,-1,-1,4,0,0,0
1814,1811,1812,-1,6,0,0,0
1815,1813,220,-1,4,0,0,0
1816,268,527,-1,6,0,0,0
1817,674,591,-1,7,0,0,0
1818,557,336,-1,7,0,0,0
1819,211,-1,-1,7,0,0,0
1820,1814,1815,-1,6,0,0,0
1821,1816,1817,-1,4,0,0,0
1822,1818,1819,-1,7,0,0,0
1823,329,1017,-1,7,0,0,0
1824,865,680,-1,7,0,0,0
1825,1005,849,-1,7,0,0,0
1826,711,-1,-1,4,0,0,0
1827,1820,1821,-1,6,0,0,0
1828,1822,1823,-1,7,0,0,0
1829,1824,1825,-1,7,0,0,0
1830,1826,1085,-1,4,0,0,0
1831,710,1195,-1,7,0,0,0
1832,1055,1197,-1,2,0,0,0
1833,1157,-1,-1,4,0,0,0
1834,1827,1828,-1,4,0,0,0
1835,1829,1830,-1,2,0,0,0
1836,1831,1832,-1,2,0,0,0
1837,1833,1534,-1,4,0,0,0
1838,1200,-1,-1,4,0,0,0
1839,1834,1835,-1,6,0,0,0
1840,1836,1837,-1,6,0,0,0
1841,1838,-1,-1,4,0,0,0
1842,1839,1840,-1,6,0,0,0
1843,1841,-1,-1,4,0,0,0
1844,1842,1843,-1,6,0,0,0
1845,723,-1,-1,4,0,0,0
1846,1845,1201,-1,6,0,0,0
1847,0,35,-1,7,0,0,0
1848,1847,242,-1,7,0,0,0
1849,204,522,-1,4,0,0,0
1850,690,590,-1,6,0,0,0
1851,378,-1,-1,7,0,0,0
1852,1848,1849,-1,2,0,0,0
1853,1850,1851,-1,4,0,0,0
1854,351,640,-1,7,0,0,0
1855,1149,750,-1,7,0,0,0
1856,595,986,-1,6,0,0,0
1857,1003,-1,-1,7,0,0,0
1858,1852,1853,-1,6,0,0,0
1859,1854,1855,-1,7,0,0,0
1860,1856,1857,-1,4,0,0,0
1861,1522,710,-1,4,0,0,0
1862,1456,517,-1,7,0,0,0
1863,752,1213,-1,4,0,0,0
1864,1858,1859,-1,4,0,0,0
1865,1860,1861,-1,6,0,0,0
1866,1862,1863,-1,2,0,0,0
1867,1864,1865,-1,6,0,0,0
1868,1866,-1,-1,4,0,0,0
1869,1867,1868,-1,6,0,0,0
1870,325,-1,-1,4,0,0,0
1871,1870,-1,-1,4,0,0,0
1872,1871,1220,-1,6,0,0,0
1873,3,25,-1,2,0,0,0
1874,154,164,-1,2,0,0,0
1875,1873,1874,-1,6,0,0,0
1876,206,219,-1,6,0,0,0
1877,302,236,-1,2,0,0,0
1878,528,452,-1,2,0,0,0
1879,718,654,-1,6,0,0,0
1880,308,-1,-1,4,0,0,0
1881,1875,1876,-1,6,0,0,0
1882,1877,1878,-1,6,0,0,0
1883,1879,1880,-1,6,0,0,0
1884,885,313,-1,7,0,0,0
1885,723,1041,-1,2,0,0,0
1886,919,768,-1,7,0,0,0
1887,857,1183,-1,2,0,0,0
1888,274,-1,-1,7,0,0,0
1889,1881,1882,-1,6,0,0,0
1890,1883,1884,-1,4,0,0,0
1891,1885,1886,-1,4,0,0,0
1892,1887,1888,-1,4,0,0,0
1893,1222,1187,-1,7,0,0,0
1894,1128,1160,-1,2,0,0,0
1895,1889,1890,-1,6,0,0,0
1896,1891,1892,-1,6,0,0,0
1897,1893,1894,-1,2,0,0,0
1898,1895,1896,-1,6,0,0,0
1899,1897,-1,-1,4,0,0,0
1900,1898,1899,-1,6,0,0,0
1901,26,166,-1,7,0,0,0
1902,168,175,-1,2,0,0,0
1903,1901,1902,-1,2,0,0,0
1904,250,324,-1,4,0,0,0
1905,205,263,-1,2,0,0,0
1906,291,769,-1,4,0,0,0
1907,1903,1904,-1,6,0,0,0
1908,1905,1906,-1,6,0,0,0
1909,351,603,-1,7,0,0,0
1910,905,530,-1,6,0,0,0
1911,695,534,-1,4,0,0,0
1912,992,-1,-1,4,0,0,0
1913,1907,1908,-1,6,0,0,0
1914,1909,1910,-1,2,0,0,0
1915,1911,1912,-1,6,0,0,0
1916,874,729,-1,4,0,0,0
1917,772,-1,-1,4,0,0,0
1918,1913,1914,-1,6,0,0,0
1919,1915,1916,-1,6,0,0,0
1920,1917,1223,-1,4,0,0,0
1921,1918,1919,-1,6,0,0,0
1922,1920,-1,-1,4,0,0,0
1923,1921,1922,-1,6,0,0,0
1924,44,48,-1,7,0,0,0
1925,61,138,-1,7,0,0,0
1926,183,184,-1,4,0,0,0
1927,1924,1925,-1,7,0,0,0
1928,1926,246,-1,6,0,0,0
1929,512,340,-1,4,0,0,0
1930,330,629,-1,6,0,0,0
1931,573,277,-1,6,0,0,0
1932,611,775,-1,2,0,0,0
1933,1927,1928,-1,2,0,0,0
1934,1929,1930,-1,6,0,0,0
1935,1931,1932,-1,6,0,0,0
1936,519,351,-1,7,0,0,0
1937,1083,774,-1,2,0,0,0
1938,587,768,-1,2,0,0,0
1939,778,-1,-1,4,0,0,0
1940,1933,1934,-1,6,0,0,0
1941,1935,1936,-1,4,0,0,0
1942,1937,1938,-1,6,0,0,0
1943,1939,1175,-1,6,0,0,0
1944,1225,777,-1,6,0,0,0
1945,1940,1941,-1,6,0,0,0
1946,1942,1943,-1,6,0,0,0
1947,1944,-1,-1,4,0,0,0
1948,1945,1946,-1,6,0,0,0
1949,1947,-1,-1,4,0,0,0
1950,1948,1949,-1,6,0,0,0
1951,87,112,-1,6,0,0,0
1952,146,170,-1,2,0,0,0
1953,180,187,-1,7,0,0,0
1954,188,-1,-1,7,0,0,0
1955,1951,1952,-1,6,0,0,0
1956,1953,1954,-1,7,0,0,0
1957,646,-1,-1,7,0,0,0
1958,1955,1956,-1,4,0,0,0
1959,1957,575,-1,7,0,0,0
1960,700,1061,-1,2,0,0,0
1961,956,761,-1,7,0,0,0
1962,1154,-1,-1,4,0,0,0
1963,1958,1959,-1,4,0,0,0
1964,1960,1961,-1,4,0,0,0
1965,1962,1530,-1,4,0,0,0
1966,785,787,-1,6,0,0,0
1967,1228,1229,-1,2,0,0,0
1968,1963,1964,-1,6,0,0,0
1969,1965,1966,-1,6,0,0,0
1970,1967,-1,-1,4,0,0,0
1971,1968,1969,-1,6,0,0,0
1972,1970,-1,-1,4,0,0,0
1973,1971,1972,-1,6,0,0,0
1974,454,-1,-1,4,0,0,0
1975,1974,-1,-1,4,0,0,0
1976,1975,1361,-1,4,0,0,0
1977,19,54,-1,7,0,0,0
1978,58,75,-1,4,0,0,0
1979,103,191,-1,7,0,0,0
1980,1977,1978,-1,2,0,0,0
1981,1979,199,-1,2,0,0,0
1982,608,299,-1,4,0,0,0
1983,352,683,-1,4,0,0,0
1984,691,-1,-1,7,0,0,0
1985,1980,1981,-1,6,0,0,0
1986,1982,1983,-1,6,0,0,0
1987,1984,234,-1,7,0,0,0
1988,493,868,-1,2,0,0,0
1989,901,774,-1,2,0,0,0
1990,726,802,-1,7,0,0,0
1991,981,689,-1,7,0,0,0
1992,778,-1,-1,7,0,0,0
1993,1985,1986,-1,6,0,0,0
1994,1987,1988,-1,2,0,0,0
1995,1989,1990,-1,4,0,0,0
1996,1991,1992,-1,7,0,0,0
1997,1446,1364,-1,7,0,0,0
1998,1365,772,-1,4,0,0,0
1999,1993,1994,-1,6,0,0,0
2000,1995,1996,-1,4,0,0,0
2001,1997,1998,-1,2,0,0,0
2002,1359,1444,-1,4,0,0,0
2003,1999,2000,-1,6,0,0,0
2004,2001,2002,-1,6,0,0,0
2005,2003,2004,-1,6,0,0,0
2006,2,40,-1,4,0,0,0
2007,59,61,-1,2,0,0,0
2008,116,127,-1,2,0,0,0
2009,2006,2007,-1,6,0,0,0
2010,2008,608,-1,4,0,0,0
2011,507,585,-1,2,0,0,0
2012,290,556,-1,7,0,0,0
2013,797,811,-1,2,0,0,0
2014,2009,2010,-1,6,0,0,0
2015,2011,2012,-1,4,0,0,0
2016,2013,354,-1,4,0,0,0
2017,434,816,-1,7,0,0,0
2018,734,814,-1,4,0,0,0
2019,518,-1,-1,4,0,0,0
2020,2014,2015,-1,6,0,0,0
2021,2016,2017,-1,4,0,0,0
2022,2018,2019,-1,6,0,0,0
2023,1522,1101,-1,7,0,0,0
2024,1375,1217,-1,2,0,0,0
2025,1222,1228,-1,2,0,0,0
2026,1029,-1,-1,4,0,0,0
2027,2020,2021,-1,6,0,0,0
2028,2022,2023,-1,4,0,0,0
2029,2024,2025,-1,6,0,0,0
2030,2026,-1,-1,4,0,0,0
2031,2027,2028,-1,6,0,0,0
2032,2029,2030,-1,6,0,0,0
2033,1599,-1,-1,7,0,0,0
2034,2031,2032,-1,6,0,0,0
2035,2033,-1,-1,7,0,0,0
2036,2034,2035,-1,4,0,0,0
2037,4,81,-1,7,0,0,0
2038,91,115,-1,6,0,0,0
2039,160,-1,-1,7,0,0,0
2040,2037,2038,-1,2,0,0,0
2041,2039,244,-1,2,0,0,0
2042,476,310,-1,7,0,0,0
2043,464,510,-1,7,0,0,0
2044,315,277,-1,7,0,0,0
2045,455,610,-1,6,0,0,0
2046,2040,2041,-1,6,0,0,0
2047,2042,2043,-1,7,0,0,0
2048,2044,2045,-1,2,0,0,0
2049,1035,765,-1,2,0,0,0
2050,425,526,-1,6,0,0,0
2051,866,1167,-1,2,0,0,0
2052,386,478,-1,6,0,0,0
2053,589,1376,-1,4,0,0,0
2054,1378,-1,-1,7,0,0,0
2055,2046,2047,-1,4,0,0,0
2056,2048,2049,-1,6,0,0,0
2057,2050,2051,-1,6,0,0,0
2058,2052,2053,-1,6,0,0,0
2059,2054,935,-1,2,0,0,0
2060,1074,-1,-1,4,0,0,0
2061,2055,2056,-1,6,0,0,0
2062,2057,2058,-1,6,0,0,0
2063,2059,2060,-1,6,0,0,0
2064,1223,1595,-1,2,0,0,0
2065,2061,2062,-1,6,0,0,0
2066,2063,2064,-1,6,0,0,0
2067,2065,2066,-1,6,0,0,0
2068,16,31,-1,4,0,0,0
2069,39,122,-1,2,0,0,0
2070,143,-1,-1,7,0,0,0
2071,2068,2069,-1,6,0,0,0
2072,2070,216,-1,7,0,0,0
2073,245,459,-1,7,0,0,0
2074,420,305,-1,7,0,0,0
2075,235,255,-1,6,0,0,0
2076,665,818,-1,2,0,0,0
2077,775,732,-1,4,0,0,0
2078,2071,2072,-1,4,0,0,0
2079,2073,2074,-1,7,0,0,0
2080,2075,2076,-1,6,0,0,0
2081,2077,824,-1,6,0,0,0
2082,485,413,-1,7,0,0,0
2083,496,367,-1,6,0,0,0
2084,546,567,-1,6,0,0,0
2085,2078,2079,-1,4,0,0,0
2086,2080,2081,-1,6,0,0,0
2087,2082,2083,-1,2,0,0,0
2088,2084,989,-1,4,0,0,0
2089,1364,-1,-1,7,0,0,0
2090,2085,2086,-1,6,0,0,0
2091,2087,2088,-1,6,0,0,0
2092,2089,1846,-1,2,0,0,0
2093,2090,2091,-1,6,0,0,0
2094,2092,-1,-1,4,0,0,0
2095,2093,2094,-1,6,0,0,0
2096,63,116,-1,4,0,0,0
2097,129,-1,-1,7,0,0,0
2098,2096,2097,-1,4,0,0,0
2099,239,340,-1,6,0,0,0
2100,212,428,-1,2,0,0,0
2101,429,490,-1,4,0,0,0
2102,798,-1,-1,4,0,0,0
2103,2098,2099,-1,6,0,0,0
2104,2100,2101,-1,6,0,0,0
2105,2102,234,-1,4,0,0,0
2106,830,293,-1,4,0,0,0
2107,1150,597,-1,6,0,0,0
2108,580,1209,-1,4,0,0,0
2109,1034,-1,-1,7,0,0,0
2110,2103,2104,-1,6,0,0,0
2111,2105,2106,-1,6,0,0,0
2112,2107,2108,-1,6,0,0,0
2113,2109,1368,-1,7,0,0,0
2114,1375,787,-1,6,0,0,0
2115,1365,1190,-1,2,0,0,0
2116,2110,2111,-1,6,0,0,0
2117,2112,2113,-1,4,0,0,0
2118,2114,2115,-1,6,0,0,0
2119,1525,1667,-1,7,0,0,0
2120,2116,2117,-1,6,0,0,0
2121,2118,2119,-1,4,0,0,0
2122,2120,2121,-1,6,0,0,0
2123,139,-1,-1,4,0,0,0
2124,2123,-1,-1,4,0,0,0
2125,2124,-1,-1,4,0,0,0
2126,2125,1428,-1,6,0,0,0
2127,223,-1,-1,4,0,0,0
2128,2127,-1,-1,4,0,0,0
2129,2128,1432,-1,4,0,0,0
2130,241,-1,-1,4,0,0,0
2131,2130,-1,-1,4,0,0,0
2132,2131,1437,-1,6,0,0,0
2133,1446,1448,-1,6,0,0,0
2134,43,63,-1,6,0,0,0
2135,89,121,-1,7,0,0,0
2136,126,159,-1,2,0,0,0
2137,172,177,-1,7,0,0,0
2138,2134,2135,-1,4,0,0,0
2139,2136,2137,-1,4,0,0,0
2140,258,259,-1,6,0,0,0
2141,260,261,-1,6,0,0,0
2142,262,263,-1,7,0,0,0
2143,265,235,-1,7,0,0,0
2144,266,271,-1,4,0,0,0
2145,273,-1,-1,7,0,0,0
2146,2138,2139,-1,6,0,0,0
2147,2140,2141,-1,6,0,0,0
2148,2142,2143,-1,7,0,0,0
2149,2144,2145,-1,4,0,0,0
2150,901,903,-1,7,0,0,0
2151,905,912,-1,4,0,0,0
2152,274,-1,-1,7,0,0,0
2153,2146,2147,-1,6,0,0,0
2154,2148,2149,-1,2,0,0,0
2155,2150,2151,-1,2,0,0,0
2156,2152,1450,-1,7,0,0,0
2157,1428,910,-1,4,0,0,0
2158,1453,-1,-1,4,0,0,0
2159,2153,2154,-1,6,0,0,0
2160,2155,2156,-1,4,0,0,0
2161,2157,2158,-1,6,0,0,0
2162,2159,2160,-1,6,0,0,0
2163,2161,-1,-1,4,0,0,0
2164,2162,2163,-1,6,0,0,0
2165,928,-1,-1,4,0,0,0
2166,2165,1461,-1,4,0,0,0
2167,2,5,-1,6,0,0,0
2168,99,101,-1,7,0,0,0
2169,123,124,-1,6,0,0,0
2170,135,143,-1,2,0,0,0
2171,161,186,-1,2,0,0,0
2172,2167,2168,-1,4,0,0,0
2173,2169,2170,-1,6,0,0,0
2174,2171,236,-1,4,0,0,0
2175,300,323,-1,7,0,0,0
2176,336,337,-1,7,0,0,0
2177,319,-1,-1,7,0,0,0
2178,2172,2173,-1,6,0,0,0
2179,2174,2175,-1,4,0,0,0
2180,2176,2177,-1,7,0,0,0
2181,948,905,-1,6,0,0,0
2182,956,335,-1,7,0,0,0
2183,957,960,-1,7,0,0,0
2184,2178,2179,-1,6,0,0,0
2185,2180,2181,-1,2,0,0,0
2186,2182,2183,-1,7,0,0,0
2187,946,950,-1,2,0,0,0
2188,952,954,-1,6,0,0,0
2189,1485,1487,-1,4,0,0,0
2190,1488,1489,-1,7,0,0,0
2191,2184,2185,-1,6,0,0,0
2192,2186,2187,-1,2,0,0,0
2193,2188,2189,-1,6,0,0,0
2194,2190,-1,-1,7,0,0,0
2195,2191,2192,-1,6,0,0,0
2196,2193,2194,-1,4,0,0,0
2197,2195,2196,-1,6,0,0,0
2198,367,-1,-1,4,0,0,0
2199,2198,-1,-1,4,0,0,0
2200,2199,1498,-1,6,0,0,0
2201,155,-1,-1,4,0,0,0
2202,2201,-1,-1,4,0,0,0
2203,2202,-1,-1,4,0,0,0
2204,2203,-1,-1,4,0,0,0
2205,2204,1504,-1,6,0,0,0
2206,407,-1,-1,4,0,0,0
2207,2206,1506,-1,4,0,0,0
2208,1510,1014,-1,4,0,0,0
2209,37,91,-1,7,0,0,0
2210,152,175,-1,7,0,0,0
2211,176,-1,-1,7,0,0,0
2212,2209,2210,-1,7,0,0,0
2213,2211,411,-1,7,0,0,0
2214,303,222,-1,6,0,0,0
2215,297,428,-1,2,0,0,0
2216,257,429,-1,7,0,0,0
2217,430,276,-1,4,0,0,0
2218,378,-1,-1,7,0,0,0
2219,2212,2213,-1,7,0,0,0
2220,2214,2215,-1,6,0,0,0
2221,2216,2217,-1,2,0,0,0
2222,2218,878,-1,2,0,0,0
2223,1015,967,-1,6,0,0,0
2224,964,1017,-1,2,0,0,0
2225,433,436,-1,2,0,0,0
2226,438,446,-1,4,0,0,0
2227,2219,2220,-1,2,0,0,0
2228,2221,2222,-1,6,0,0,0
2229,2223,2224,-1,6,0,0,0
2230,2225,2226,-1,6,0,0,0
2231,1437,1020,-1,7,0,0,0
2232,1023,1025,-1,6,0,0,0
2233,1511,1029,-1,7,0,0,0
2234,2227,2228,-1,6,0,0,0
2235,2229,2230,-1,6,0,0,0
2236,2231,2232,-1,2,0,0,0
2237,2233,1513,-1,7,0,0,0
2238,2234,2235,-1,6,0,0,0
2239,2236,2237,-1,4,0,0,0
2240,2238,2239,-1,6,0,0,0
2241,202,-1,-1,4,0,0,0
2242,2241,-1,-1,4,0,0,0
2243,2242,1515,-1,6,0,0,0
2244,21,106,-1,7,0,0,0
2245,2244,253,-1,7,0,0,0
2246,251,373,-1,6,0,0,0
2247,295,272,-1,6,0,0,0
2248,468,333,-1,6,0,0,0
2249,426,473,-1,6,0,0,0
2250,238,377,-1,7,0,0,0
2251,479,-1,-1,7,0,0,0
2252,2245,2246,-1,2,0,0,0
2253,2247,2248,-1,6,0,0,0
2254,2249,2250,-1,4,0,0,0
2255,2251,1043,-1,7,0,0,0
2256,1045,472,-1,6,0,0,0
2257,475,478,-1,7,0,0,0
2258,900,-1,-1,7,0,0,0
2259,2252,2253,-1,6,0,0,0
2260,2254,2255,-1,4,0,0,0
2261,2256,2257,-1,4,0,0,0
2262,2258,1522,-1,2,0,0,0
2263,1050,1051,-1,7,0,0,0
2264,1055,1057,-1,7,0,0,0
2265,2259,2260,-1,6,0,0,0
2266,2261,2262,-1,6,0,0,0
2267,2263,2264,-1,7,0,0,0
2268,1525,1527,-1,7,0,0,0
2269,2265,2266,-1,6,0,0,0
2270,2267,2268,-1,7,0,0,0
2271,2269,2270,-1,4,0,0,0
2272,67,83,-1,6,0,0,0
2273,173,185,-1,4,0,0,0
2274,2272,2273,-1,6,0,0,0
2275,200,302,-1,6,0,0,0
2276,213,341,-1,6,0,0,0
2277,212,452,-1,6,0,0,0
2278,495,498,-1,6,0,0,0
2279,2274,2275,-1,6,0,0,0
2280,2276,2277,-1,6,0,0,0
2281,2278,493,-1,4,0,0,0
2282,1059,1017,-1,6,0,0,0
2283,496,1061,-1,2,0,0,0
2284,920,502,-1,4,0,0,0
2285,1065,504,-1,7,0,0,0
2286,2279,2280,-1,6,0,0,0
2287,2281,2282,-1,6,0,0,0
2288,2283,2284,-1,6,0,0,0
2289,2285,1530,-1,2,0,0,0
2290,1064,1532,-1,4,0,0,0
2291,2286,2287,-1,6,0,0,0
2292,2288,2289,-1,6,0,0,0
2293,2290,-1,-1,4,0,0,0
2294,2291,2292,-1,6,0,0,0
2295,2293,-1,-1,4,0,0,0
2296,2294,2295,-1,6,0,0,0
2297,49,134,-1,6,0,0,0
2298,145,157,-1,7,0,0,0
2299,2297,2298,-1,4,0,0,0
2300,219,258,-1,2,0,0,0
2301,499,431,-1,4,0,0,0
2302,507,508,-1,7,0,0,0
2303,428,509,-1,7,0,0,0
2304,510,333,-1,4,0,0,0
2305,296,495,-1,6,0,0,0
2306,515,-1,-1,7,0,0,0
2307,2299,2300,-1,6,0,0,0
2308,2301,2302,-1,4,0,0,0
2309,2303,2304,-1,2,0,0,0
2310,2305,2306,-1,4,0,0,0
2311,1068,1069,-1,2,0,0,0
2312,986,514,-1,7,0,0,0
2313,423,518,-1,7,0,0,0
2314,1078,1080,-1,6,0,0,0
2315,1081,-1,-1,4,0,0,0
2316,2307,2308,-1,6,0,0,0
2317,2309,2310,-1,6,0,0,0
2318,2311,2312,-1,4,0,0,0
2319,2313,2314,-1,2,0,0,0
2320,2315,1515,-1,6,0,0,0
2321,517,1074,-1,2,0,0,0
2322,2316,2317,-1,6,0,0,0
2323,2318,2319,-1,6,0,0,0
2324,2320,2321,-1,6,0,0,0
2325,1073,1534,-1,2,0,0,0
2326,2322,2323,-1,6,0,0,0
2327,2324,2325,-1,6,0,0,0
2328,2326,2327,-1,6,0,0,0
2329,123,-1,-1,4,0,0,0
2330,2329,-1,-1,4,0,0,0
2331,2330,-1,-1,4,0,0,0
2332,2331,-1,-1,4,0,0,0
2333,2332,1543,-1,4,0,0,0
2334,185,-1,-1,4,0,0,0
2335,2334,347,-1,4,0,0,0
2336,243,509,-1,7,0,0,0
2337,557,562,-1,2,0,0,0
2338,563,-1,-1,7,0,0,0
2339,2335,2336,-1,4,0,0,0
2340,2337,2338,-1,4,0,0,0
2341,863,559,-1,2,0,0,0
2342,561,281,-1,4,0,0,0
2343,567,-1,-1,4,0,0,0
2344,2339,2340,-1,6,0,0,0
2345,2341,2342,-1,6,0,0,0
2346,2343,1111,-1,6,0,0,0
2347,1490,1114,-1,7,0,0,0
2348,1116,1117,-1,4,0,0,0
2349,2344,2345,-1,6,0,0,0
2350,2346,2347,-1,4,0,0,0
2351,2348,2132,-1,4,0,0,0
2352,1595,1520,-1,6,0,0,0
2353,2349,2350,-1,6,0,0,0
2354,2351,2352,-1,6,0,0,0
2355,2353,2354,-1,6,0,0,0
2356,1122,-1,-1,4,0,0,0
2357,2356,-1,-1,4,0,0,0
2358,2357,1599,-1,6,0,0,0
2359,1610,-1,-1,7,0,0,0
2360,2359,1609,-1,2,0,0,0
2361,80,133,-1,4,0,0,0
2362,175,184,-1,2,0,0,0
2363,186,-1,-1,4,0,0,0
2364,2361,2362,-1,6,0,0,0
2365,2363,199,-1,4,0,0,0
2366,229,264,-1,6,0,0,0
2367,235,593,-1,6,0,0,0
2368,294,455,-1,2,0,0,0
2369,498,598,-1,6,0,0,0
2370,601,382,-1,6,0,0,0
2371,2364,2365,-1,6,0,0,0
2372,2366,2367,-1,6,0,0,0
2373,2368,2369,-1,6,0,0,0
2374,2370,883,-1,4,0,0,0
2375,584,595,-1,4,0,0,0
2376,597,600,-1,6,0,0,0
2377,554,1147,-1,7,0,0,0
2378,606,1039,-1,7,0,0,0
2379,2371,2372,-1,6,0,0,0
2380,2373,2374,-1,6,0,0,0
2381,2375,2376,-1,6,0,0,0
2382,2377,2378,-1,7,0,0,0
2383,1052,1111,-1,2,0,0,0
2384,1146,-1,-1,7,0,0,0
2385,2379,2380,-1,6,0,0,0
2386,2381,2382,-1,4,0,0,0
2387,2383,2384,-1,4,0,0,0
2388,2126,1459,-1,2,0,0,0
2389,1011,-1,-1,7,0,0,0
2390,2385,2386,-1,6,0,0,0
2391,2387,2388,-1,6,0,0,0
2392,2389,-1,-1,7,0,0,0
2393,2390,2391,-1,6,0,0,0
2394,2392,-1,-1,7,0,0,0
2395,2393,2394,-1,4,0,0,0
2396,76,165,-1,6,0,0,0
2397,189,-1,-1,7,0,0,0
2398,2396,2397,-1,4,0,0,0
2399,309,373,-1,6,0,0,0
2400,555,570,-1,7,0,0,0
2401,524,495,-1,7,0,0,0
2402,617,562,-1,2,0,0,0
2403,2398,2399,-1,6,0,0,0
2404,2400,2401,-1,7,0,0,0
2405,2402,526,-1,6,0,0,0
2406,335,380,-1,4,0,0,0
2407,436,619,-1,7,0,0,0
2408,620,-1,-1,7,0,0,0
2409,2403,2404,-1,4,0,0,0
2410,2405,2406,-1,6,0,0,0
2411,2407,2408,-1,7,0,0,0
2412,974,1051,-1,2,0,0,0
2413,1494,-1,-1,7,0,0,0
2414,2409,2410,-1,6,0,0,0
2415,2411,2412,-1,2,0,0,0
2416,2413,1667,-1,2,0,0,0
2417,2414,2415,-1,6,0,0,0
2418,2416,-1,-1,4,0,0,0
2419,2417,2418,-1,6,0,0,0
2420,1105,-1,-1,4,0,0,0
2421,2420,1776,-1,4,0,0,0
2422,32,161,-1,4,0,0,0
2423,181,-1,-1,4,0,0,0
2424,2422,2423,-1,6,0,0,0
2425,216,360,-1,2,0,0,0
2426,204,369,-1,7,0,0,0
2427,194,320,-1,7,0,0,0
2428,671,-1,-1,4,0,0,0
2429,2424,2425,-1,6,0,0,0
2430,2426,2427,-1,7,0,0,0
2431,2428,448,-1,6,0,0,0
2432,673,1182,-1,2,0,0,0
2433,676,514,-1,2,0,0,0
2434,543,678,-1,2,0,0,0
2435,680,632,-1,7,0,0,0
2436,682,1183,-1,7,0,0,0
2437,684,685,-1,7,0,0,0
2438,689,-1,-1,7,0,0,0
2439,2429,2430,-1,4,0,0,0
2440,2431,2432,-1,6,0,0,0
2441,2433,2434,-1,6,0,0,0
2442,2435,2436,-1,7,0,0,0
2443,2437,2438,-1,7,0,0,0
2444,1180,649,-1,2,0,0,0
2445,910,1187,-1,7,0,0,0
2446,2439,2440,-1,6,0,0,0
2447,2441,2442,-1,4,0,0,0
2448,2443,2444,-1,2,0,0,0
2449,2445,1779,-1,7,0,0,0
2450,2446,2447,-1,6,0,0,0
2451,2448,2449,-1,4,0,0,0
2452,2450,2451,-1,6,0,0,0
2453,44,57,-1,7,0,0,0
2454,74,99,-1,7,0,0,0
2455,144,155,-1,7,0,0,0
2456,164,171,-1,7,0,0,0
2457,2453,2454,-1,7,0,0,0
2458,2455,2456,-1,7,0,0,0
2459,347,267,-1,7,0,0,0
2460,301,291,-1,2,0,0,0
2461,701,381,-1,7,0,0,0
2462,2457,2458,-1,7,0,0,0
2463,2459,2460,-1,2,0,0,0
2464,2461,362,-1,7,0,0,0
2465,662,1059,-1,4,0,0,0
2466,700,595,-1,2,0,0,0
2467,702,703,-1,2,0,0,0
2468,2462,2463,-1,2,0,0,0
2469,2464,2465,-1,2,0,0,0
2470,2466,2467,-1,6,0,0,0
2471,1120,1107,-1,2,0,0,0
2472,1094,1173,-1,2,0,0,0
2473,1193,-1,-1,7,0,0,0
2474,2468,2469,-1,6,0,0,0
2475,2470,2471,-1,6,0,0,0
2476,2472,2473,-1,4,0,0,0
2477,1170,1810,-1,2,0,0,0
2478,2243,-1,-1,7,0,0,0
2479,2474,2475,-1,6,0,0,0
2480,2476,2477,-1,6,0,0,0
2481,2478,-1,-1,7,0,0,0
2482,2479,2480,-1,6,0,0,0
2483,2481,-1,-1,7,0,0,0
2484,2482,2483,-1,4,0,0,0
2485,104,132,-1,2,0,0,0
2486,147,-1,-1,4,0,0,0
2487,2485,2486,-1,6,0,0,0
2488,208,339,-1,4,0,0,0
2489,470,343,-1,6,0,0,0
2490,718,271,-1,4,0,0,0
2491,721,628,-1,2,0,0,0
2492,2487,2488,-1,6,0,0,0
2493,2489,2490,-1,6,0,0,0
2494,2491,234,-1,4,0,0,0
2495,519,890,-1,6,0,0,0
2496,717,561,-1,2,0,0,0
2497,575,457,-1,7,0,0,0
2498,1069,530,-1,7,0,0,0
2499,720,847,-1,7,0,0,0
2500,1065,-1,-1,7,0,0,0
2501,2492,2493,-1,6,0,0,0
2502,2494,2495,-1,6,0,0,0
2503,2496,2497,-1,4,0,0,0
2504,2498,2499,-1,7,0,0,0
2505,2500,1114,-1,2,0,0,0
2506,1007,1203,-1,4,0,0,0
2507,2501,2502,-1,6,0,0,0
2508,2503,2504,-1,4,0,0,0
2509,2505,2506,-1,6,0,0,0
2510,1846,1200,-1,2,0,0,0
2511,2507,2508,-1,6,0,0,0
2512,2509,2510,-1,6,0,0,0
2513,2511,2512,-1,6,0,0,0
2514,2,47,-1,2,0,0,0
2515,2514,206,-1,6,0,0,0
2516,410,441,-1,2,0,0,0
2517,377,617,-1,6,0,0,0
2518,732,-1,-1,7,0,0,0
2519,2515,2516,-1,6,0,0,0
2520,2517,2518,-1,4,0,0,0
2521,1053,327,-1,2,0,0,0
2522,839,966,-1,6,0,0,0
2523,928,1043,-1,7,0,0,0
2524,999,1059,-1,7,0,0,0
2525,933,726,-1,7,0,0,0
2526,693,918,-1,4,0,0,0
2527,731,734,-1,6,0,0,0
2528,711,739,-1,4,0,0,0
2529,2519,2520,-1,6,0,0,0
2530,2521,2522,-1,6,0,0,0
2531,2523,2524,-1,7,0,0,0
2532,2525,2526,-1,2,0,0,0
2533,2527,2528,-1,6,0,0,0
2534,729,1206,-1,7,0,0,0
2535,1033,-1,-1,7,0,0,0
2536,2529,2530,-1,6,0,0,0
2537,2531,2532,-1,2,0,0,0
2538,2533,2534,-1,4,0,0,0
2539,2535,1125,-1,7,0,0,0
2540,738,-1,-1,4,0,0,0
2541,2536,2537,-1,6,0,0,0
2542,2538,2539,-1,4,0,0,0
2543,2540,-1,-1,4,0,0,0
2544,2541,2542,-1,6,0,0,0
2545,2543,2360,-1,4,0,0,0
2546,2544,2545,-1,6,0,0,0
2547,22,-1,-1,4,0,0,0
2548,2547,246,-1,6,0,0,0
2549,608,453,-1,4,0,0,0
2550,444,489,-1,4,0,0,0
2551,690,273,-1,6,0,0,0
2552,2548,2549,-1,6,0,0,0
2553,2550,2551,-1,6,0,0,0
2554,603,538,-1,4,0,0,0
2555,1208,407,-1,2,0,0,0
2556,742,744,-1,6,0,0,0
2557,746,912,-1,7,0,0,0
2558,1209,1147,-1,2,0,0,0
2559,1095,-1,-1,4,0,0,0
2560,2552,2553,-1,6,0,0,0
2561,2554,2555,-1,6,0,0,0
2562,2556,2557,-1,4,0,0,0
2563,2558,2559,-1,6,0,0,0
2564,1180,881,-1,7,0,0,0
2565,1090,1211,-1,4,0,0,0
2566,2560,2561,-1,6,0,0,0
2567,2562,2563,-1,6,0,0,0
2568,2564,2565,-1,2,0,0,0
2569,2129,-1,-1,4,0,0,0
2570,2566,2567,-1,6,0,0,0
2571,2568,2569,-1,6,0,0,0
2572,2570,2571,-1,6,0,0,0
2573,76,149,-1,6,0,0,0
2574,2573,295,-1,4,0,0,0
2575,310,363,-1,6,0,0,0
2576,304,243,-1,7,0,0,0
2577,623,757,-1,4,0,0,0
2578,701,758,-1,2,0,0,0
2579,759,-1,-1,7,0,0,0
2580,2574,2575,-1,6,0,0,0
2581,2576,2577,-1,2,0,0,0
2582,2578,2579,-1,4,0,0,0
2583,584,977,-1,2,0,0,0
2584,1215,307,-1,6,0,0,0
2585,746,761,-1,4,0,0,0
2586,763,766,-1,7,0,0,0
2587,1078,-1,-1,4,0,0,0
2588,2580,2581,-1,6,0,0,0
2589,2582,2583,-1,6,0,0,0
2590,2584,2585,-1,6,0,0,0
2591,2586,2587,-1,2,0,0,0
2592,1085,1217,-1,6,0,0,0
2593,1221,-1,-1,7,0,0,0
2594,2588,2589,-1,6,0,0,0
2595,2590,2591,-1,6,0,0,0
2596,2592,2593,-1,4,0,0,0
2597,1872,1527,-1,4,0,0,0
2598,2594,2595,-1,6,0,0,0
2599,2596,2597,-1,6,0,0,0
2600,2598,2599,-1,6,0,0,0
2601,55,93,-1,6,0,0,0
2602,148,-1,-1,4,0,0,0
2603,2601,2602,-1,6,0,0,0
2604,240,247,-1,6,0,0,0
2605,302,346,-1,2,0,0,0
2606,260,511,-1,2,0,0,0
2607,267,210,-1,4,0,0,0
2608,230,549,-1,7,0,0,0
2609,462,779,-1,2,0,0,0
2610,780,781,-1,7,0,0,0
2611,668,532,-1,7,0,0,0
2612,645,-1,-1,4,0,0,0
2613,2603,2604,-1,6,0,0,0
2614,2605,2606,-1,6,0,0,0
2615,2607,2608,-1,4,0,0,0
2616,2609,2610,-1,4,0,0,0
2617,2611,2612,-1,2,0,0,0
2618,1047,876,-1,6,0,0,0
2619,766,620,-1,2,0,0,0
2620,782,739,-1,7,0,0,0
2621,1108,-1,-1,4,0,0,0
2622,2613,2614,-1,6,0,0,0
2623,2615,2616,-1,6,0,0,0
2624,2617,2618,-1,6,0,0,0
2625,2619,2620,-1,4,0,0,0
2626,2621,1192,-1,4,0,0,0
2627,1093,451,-1,2,0,0,0
2628,1425,-1,-1,7,0,0,0
2629,2622,2623,-1,6,0,0,0
2630,2624,2625,-1,6,0,0,0
2631,2626,2627,-1,6,0,0,0
2632,2628,-1,-1,7,0,0,0
2633,2629,2630,-1,6,0,0,0
2634,2631,2632,-1,4,0,0,0
2635,2633,2634,-1,6,0,0,0
2636,2358,-1,-1,7,0,0,0
2637,2635,2636,-1,4,0,0,0
2638,7,85,-1,2,0,0,0
2639,178,-1,-1,7,0,0,0
2640,2638,2639,-1,4,0,0,0
2641,192,342,-1,2,0,0,0
2642,258,363,-1,4,0,0,0
2643,779,810,-1,6,0,0,0
2644,758,544,-1,4,0,0,0
2645,811,-1,-1,4,0,0,0
2646,2640,2641,-1,6,0,0,0
2647,2642,2643,-1,6,0,0,0
2648,2644,2645,-1,6,0,0,0
2649,700,597,-1,7,0,0,0
2650,577,389,-1,7,0,0,0
2651,2646,2647,-1,6,0,0,0
2652,2648,2649,-1,4,0,0,0
2653,2650,881,-1,2,0,0,0
2654,1439,-1,-1,7,0,0,0
2655,2651,2652,-1,6,0,0,0
2656,2653,2654,-1,4,0,0,0
2657,1498,1359,-1,6,0,0,0
2658,1779,1539,-1,7,0,0,0
2659,1603,1976,-1,6,0,0,0
2660,2655,2656,-1,6,0,0,0
2661,2657,2658,-1,4,0,0,0
2662,2659,-1,-1,4,0,0,0
2663,2660,2661,-1,6,0,0,0
2664,2662,-1,-1,4,0,0,0
2665,2663,2664,-1,6,0,0,0
2666,14,33,-1,7,0,0,0
2667,56,-1,-1,4,0,0,0
2668,2666,2667,-1,2,0,0,0
2669,342,264,-1,2,0,0,0
2670,756,539,-1,4,0,0,0
2671,803,-1,-1,7,0,0,0
2672,2668,2669,-1,6,0,0,0
2673,2670,2671,-1,4,0,0,0
2674,1015,1069,-1,2,0,0,0
2675,658,938,-1,2,0,0,0
2676,2672,2673,-1,6,0,0,0
2677,2674,2675,-1,6,0,0,0
2678,871,1425,-1,6,0,0,0
2679,1368,1485,-1,2,0,0,0
2680,1189,752,-1,7,0,0,0
2681,2676,2677,-1,6,0,0,0
2682,2678,2679,-1,6,0,0,0
2683,2680,2133,-1,2,0,0,0
2684,1369,1152,-1,7,0,0,0
2685,2681,2682,-1,6,0,0,0
2686,2683,2684,-1,4,0,0,0
2687,2208,-1,-1,7,0,0,0
2688,2685,2686,-1,6,0,0,0
2689,2687,-1,-1,7,0,0,0
2690,2688,2689,-1,4,0,0,0
2691,52,55,-1,4,0,0,0
2692,92,149,-1,6,0,0,0
2693,161,-1,-1,7,0,0,0
2694,2691,2692,-1,6,0,0,0
2695,2693,410,-1,7,0,0,0
2696,301,371,-1,7,0,0,0
2697,813,-1,-1,7,0,0,0
2698,2694,2695,-1,4,0,0,0
2699,2696,2697,-1,7,0,0,0
2700,345,839,-1,4,0,0,0
2701,564,717,-1,4,0,0,0
2702,903,662,-1,7,0,0,0
2703,281,622,-1,4,0,0,0
2704,744,814,-1,7,0,0,0
2705,2698,2699,-1,4,0,0,0
2706,2700,2701,-1,6,0,0,0
2707,2702,2703,-1,2,0,0,0
2708,2704,1372,-1,7,0,0,0
2709,1493,785,-1,4,0,0,0
2710,807,1195,-1,7,0,0,0
2711,2705,2706,-1,6,0,0,0
2712,2707,2708,-1,4,0,0,0
2713,2709,2710,-1,4,0,0,0
2714,2132,1872,-1,7,0,0,0
2715,1369,-1,-1,7,0,0,0
2716,2711,2712,-1,6,0,0,0
2717,2713,2714,-1,4,0,0,0
2718,2715,-1,-1,7,0,0,0
2719,2716,2717,-1,6,0,0,0
2720,2718,-1,-1,7,0,0,0
2721,2719,2720,-1,4,0,0,0
2722,9,44,-1,6,0,0,0
2723,123,177,-1,7,0,0,0
2724,2722,2723,-1,4,0,0,0
2725,218,311,-1,7,0,0,0
2726,343,644,-1,4,0,0,0
2727,759,-1,-1,7,0,0,0
2728,2724,2725,-1,4,0,0,0
2729,2726,2727,-1,4,0,0,0
2730,327,826,-1,4,0,0,0
2731,676,561,-1,7,0,0,0
2732,960,1176,-1,2,0,0,0
2733,2728,2729,-1,6,0,0,0
2734,2730,2731,-1,4,0,0,0
2735,2732,1141,-1,4,0,0,0
2736,805,-1,-1,7,0,0,0
2737,2733,2734,-1,6,0,0,0
2738,2735,2736,-1,4,0,0,0
2739,1359,1536,-1,4,0,0,0
2740,2421,-1,-1,4,0,0,0
2741,2737,2738,-1,6,0,0,0
2742,2739,2740,-1,6,0,0,0
2743,2741,2742,-1,6,0,0,0
2744,3,115,-1,4,0,0,0
2745,176,190,-1,4,0,0,0
2746,2744,2745,-1,6,0,0,0
2747,241,339,-1,2,0,0,0
2748,420,341,-1,4,0,0,0
2749,256,552,-1,7,0,0,0
2750,757,721,-1,4,0,0,0
2751,2746,2747,-1,6,0,0,0
2752,2748,2749,-1,4,0,0,0
2753,2750,293,-1,4,0,0,0
2754,964,572,-1,7,0,0,0
2755,569,492,-1,6,0,0,0
2756,419,1167,-1,6,0,0,0
2757,979,684,-1,4,0,0,0
2758,633,702,-1,2,0,0,0
2759,809,1164,-1,2,0,0,0
2760,817,-1,-1,7,0,0,0
2761,2751,2752,-1,6,0,0,0
2762,2753,2754,-1,4,0,0,0
2763,2755,2756,-1,6,0,0,0
2764,2757,2758,-1,6,0,0,0
2765,2759,2760,-1,4,0,0,0
2766,895,1434,-1,2,0,0,0
2767,2761,2762,-1,6,0,0,0
2768,2763,2764,-1,6,0,0,0
2769,2765,2766,-1,6,0,0,0
2770,2166,-1,-1,4,0,0,0
2771,2767,2768,-1,6,0,0,0
2772,2769,2770,-1,6,0,0,0
2773,2771,2772,-1,6,0,0,0
2774,77,110,-1,4,0,0,0
2775,114,-1,-1,4,0,0,0
2776,2774,2775,-1,6,0,0,0
2777,384,209,-1,2,0,0,0
2778,364,627,-1,7,0,0,0
2779,509,641,-1,4,0,0,0
2780,818,813,-1,6,0,0,0
2781,2776,2777,-1,6,0,0,0
2782,2778,2779,-1,2,0,0,0
2783,2780,832,-1,4,0,0,0
2784,279,1208,-1,2,0,0,0
2785,613,851,-1,6,0,0,0
2786,782,1376,-1,2,0,0,0
2787,703,1378,-1,4,0,0,0
2788,2781,2782,-1,6,0,0,0
2789,2783,2784,-1,6,0,0,0
2790,2785,2786,-1,6,0,0,0
2791,2787,1192,-1,6,0,0,0
2792,1166,-1,-1,7,0,0,0
2793,2788,2789,-1,6,0,0,0
2794,2790,2791,-1,6,0,0,0
2795,2792,-1,-1,7,0,0,0
2796,2793,2794,-1,6,0,0,0
2797,2795,2333,-1,7,0,0,0
2798,2796,2797,-1,4,0,0,0
2799,10,68,-1,4,0,0,0
2800,76,135,-1,6,0,0,0
2801,157,174,-1,4,0,0,0
2802,2799,2800,-1,6,0,0,0
2803,2801,246,-1,4,0,0,0
2804,414,421,-1,2,0,0,0
2805,213,226,-1,4,0,0,0
2806,2802,2803,-1,6,0,0,0
2807,2804,2805,-1,6,0,0,0
2808,232,997,-1,2,0,0,0
2809,837,425,-1,6,0,0,0
2810,1061,720,-1,7,0,0,0
2811,1087,685,-1,4,0,0,0
2812,2806,2807,-1,6,0,0,0
2813,2808,2809,-1,6,0,0,0
2814,2810,2811,-1,2,0,0,0
2815,1446,1381,-1,7,0,0,0
2816,1225,1213,-1,6,0,0,0
2817,944,1117,-1,7,0,0,0
2818,2812,2813,-1,6,0,0,0
2819,2814,2815,-1,4,0,0,0
2820,2816,2817,-1,4,0,0,0
2821,738,1517,-1,4,0,0,0
2822,2818,2819,-1,6,0,0,0
2823,2820,2821,-1,6,0,0,0
2824,2200,-1,-1,4,0,0,0
2825,2822,2823,-1,6,0,0,0
2826,2824,-1,-1,4,0,0,0
2827,2825,2826,-1,6,0,0,0
2828,102,119,-1,7,0,0,0
2829,135,156,-1,7,0,0,0
2830,2828,2829,-1,7,0,0,0
2831,320,287,-1,2,0,0,0
2832,418,323,-1,2,0,0,0
2833,468,463,-1,4,0,0,0
2834,780,810,-1,4,0,0,0
2835,2830,2831,-1,2,0,0,0
2836,2832,2833,-1,6,0,0,0
2837,2834,603,-1,4,0,0,0
2838,830,1068,-1,2,0,0,0
2839,496,835,-1,6,0,0,0
2840,2835,2836,-1,6,0,0,0
2841,2837,2838,-1,6,0,0,0
2842,2839,932,-1,4,0,0,0
2843,1020,1381,-1,7,0,0,0
2844,1441,-1,-1,4,0,0,0
2845,2840,2841,-1,6,0,0,0
2846,2842,2843,-1,4,0,0,0
2847,2844,1810,-1,4,0,0,0
2848,1976,2207,-1,6,0,0,0
2849,2845,2846,-1,6,0,0,0
2850,2847,2848,-1,6,0,0,0
2851,2849,2850,-1,6,0,0,0
2852,71,161,-1,6,0,0,0
2853,2852,192,-1,4,0,0,0
2854,194,195,-1,7,0,0,0
2855,197,202,-1,2,0,0,0
2856,211,-1,-1,4,0,0,0
2857,2853,2854,-1,4,0,0,0
2858,2855,2856,-1,6,0,0,0
2859,822,824,-1,7,0,0,0
2860,826,828,-1,7,0,0,0
2861,830,832,-1,4,0,0,0
2862,834,835,-1,2,0,0,0
2863,843,845,-1,2,0,0,0
2864,847,849,-1,4,0,0,0
2865,851,855,-1,7,0,0,0
2866,857,-1,-1,7,0,0,0
2867,2857,2858,-1,6,0,0,0
2868,2859,2860,-1,7,0,0,0
2869,2861,2862,-1,6,0,0,0
2870,2863,2864,-1,6,0,0,0
2871,2865,2866,-1,7,0,0,0
2872,1423,1425,-1,4,0,0,0
2873,1429,1430,-1,4,0,0,0
2874,2867,2868,-1,4,0,0,0
2875,2869,2870,-1,6,0,0,0
2876,2871,2872,-1,2,0,0,0
2877,2873,2126,-1,4,0,0,0
2878,2129,-1,-1,7,0,0,0
2879,2874,2875,-1,6,0,0,0
2880,2876,2877,-1,6,0,0,0
2881,2878,-1,-1,7,0,0,0
2882,2879,2880,-1,6,0,0,0
2883,2881,-1,-1,7,0,0,0
2884,2882,2883,-1,4,0,0,0
2885,51,57,-1,6,0,0,0
2886,86,118,-1,4,0,0,0
2887,145,167,-1,2,0,0,0
2888,2885,2886,-1,6,0,0,0
2889,2887,227,-1,6,0,0,0
2890,228,221,-1,4,0,0,0
2891,203,218,-1,4,0,0,0
2892,230,235,-1,6,0,0,0
2893,238,-1,-1,4,0,0,0
2894,2888,2889,-1,6,0,0,0
2895,2890,2891,-1,6,0,0,0
2896,2892,2893,-1,6,0,0,0
2897,868,876,-1,2,0,0,0
2898,878,887,-1,7,0,0,0
2899,889,898,-1,7,0,0,0
2900,900,-1,-1,7,0,0,0
2901,2894,2895,-1,6,0,0,0
2902,2896,2897,-1,6,0,0,0
2903,2898,2899,-1,7,0,0,0
2904,2900,871,-1,7,0,0,0
2905,874,881,-1,2,0,0,0
2906,1434,1439,-1,6,0,0,0
2907,1441,-1,-1,4,0,0,0
2908,2901,2902,-1,6,0,0,0
2909,2903,2904,-1,7,0,0,0
2910,2905,2906,-1,6,0,0,0
2911,2907,2132,-1,4,0,0,0
2912,1444,2133,-1,2,0,0,0
2913,2908,2909,-1,4,0,0,0
2914,2910,2911,-1,6,0,0,0
2915,2912,-1,-1,4,0,0,0
2916,2913,2914,-1,6,0,0,0
2917,2915,-1,-1,4,0,0,0
2918,2916,2917,-1,6,0,0,0
2919,117,157,-1,6,0,0,0
2920,183,-1,-1,7,0,0,0
2921,2919,2920,-1,4,0,0,0
2922,276,277,-1,6,0,0,0
2923,282,283,-1,7,0,0,0
2924,284,286,-1,6,0,0,0
2925,2921,2922,-1,6,0,0,0
2926,2923,2924,-1,2,0,0,0
2927,824,279,-1,2,0,0,0
2928,281,916,-1,7,0,0,0
2929,918,920,-1,2,0,0,0
2930,2925,2926,-1,6,0,0,0
2931,2927,2928,-1,4,0,0,0
2932,2929,871,-1,4,0,0,0
2933,1456,924,-1,4,0,0,0
2934,926,-1,-1,7,0,0,0
2935,2930,2931,-1,6,0,0,0
2936,2932,2933,-1,6,0,0,0
2937,2934,1459,-1,7,0,0,0
2938,2166,-1,-1,4,0,0,0
2939,2935,2936,-1,6,0,0,0
2940,2937,2938,-1,2,0,0,0
2941,2939,2940,-1,6,0,0,0
2942,34,98,-1,2,0,0,0
2943,111,112,-1,6,0,0,0
2944,182,183,-1,4,0,0,0
2945,2942,2943,-1,6,0,0,0
2946,2944,219,-1,4,0,0,0
2947,285,269,-1,4,0,0,0
2948,352,355,-1,7,0,0,0
2949,359,-1,-1,4,0,0,0
2950,2945,2946,-1,6,0,0,0
2951,2947,2948,-1,4,0,0,0
2952,2949,351,-1,4,0,0,0
2953,354,357,-1,7,0,0,0
2954,957,972,-1,7,0,0,0
2955,2950,2951,-1,6,0,0,0
2956,2952,2953,-1,4,0,0,0
2957,2954,1490,-1,7,0,0,0
2958,1493,1494,-1,7,0,0,0
2959,1500,-1,-1,7,0,0,0
2960,2955,2956,-1,6,0,0,0
2961,2957,2958,-1,7,0,0,0
2962,2959,-1,-1,7,0,0,0
2963,2960,2961,-1,4,0,0,0
2964,2962,2200,-1,2,0,0,0
2965,2963,2964,-1,6,0,0,0
2966,969,-1,-1,4,0,0,0
2967,2966,-1,-1,4,0,0,0
2968,2967,-1,-1,4,0,0,0
2969,2968,2205,-1,4,0,0,0
2970,9,28,-1,2,0,0,0
2971,88,-1,-1,4,0,0,0
2972,2970,2971,-1,6,0,0,0
2973,240,390,-1,4,0,0,0
2974,397,398,-1,7,0,0,0
2975,284,383,-1,6,0,0,0
2976,405,-1,-1,7,0,0,0
2977,2972,2973,-1,6,0,0,0
2978,2974,2975,-1,2,0,0,0
2979,2976,861,-1,7,0,0,0
2980,392,394,-1,7,0,0,0
2981,985,986,-1,6,0,0,0
2982,991,992,-1,4,0,0,0
2983,2977,2978,-1,6,0,0,0
2984,2979,2980,-1,7,0,0,0
2985,2981,2982,-1,6,0,0,0
2986,1446,989,-1,7,0,0,0
2987,402,1488,-1,4,0,0,0
2988,2983,2984,-1,4,0,0,0
2989,2985,2986,-1,4,0,0,0
2990,2987,2207,-1,6,0,0,0
2991,2988,2989,-1,6,0,0,0
2992,2990,-1,-1,4,0,0,0
2993,2991,2992,-1,6,0,0,0
2994,1,81,-1,4,0,0,0
2995,138,179,-1,2,0,0,0
2996,2994,2995,-1,6,0,0,0
2997,196,240,-1,7,0,0,0
2998,214,275,-1,2,0,0,0
2999,415,-1,-1,4,0,0,0
3000,2996,2997,-1,4,0,0,0
3001,2998,2999,-1,6,0,0,0
3002,995,997,-1,7,0,0,0
3003,859,413,-1,6,0,0,0
3004,999,417,-1,2,0,0,0
3005,1001,419,-1,6,0,0,0
3006,1003,1005,-1,2,0,0,0
3007,423,-1,-1,7,0,0,0
3008,3000,3001,-1,6,0,0,0
3009,3002,3003,-1,2,0,0,0
3010,3004,3005,-1,6,0,0,0
3011,3006,3007,-1,4,0,0,0
3012,1007,1009,-1,6,0,0,0
3013,3008,3009,-1,6,0,0,0
3014,3010,3011,-1,6,0,0,0
3015,3012,1504,-1,6,0,0,0
3016,1011,-1,-1,7,0,0,0
3017,3013,3014,-1,6,0,0,0
3018,3015,3016,-1,4,0,0,0
3019,2208,-1,-1,7,0,0,0
3020,3017,3018,-1,6,0,0,0
3021,3019,-1,-1,7,0,0,0
3022,3020,3021,-1,4,0,0,0
3023,20,-1,-1,7,0,0,0
3024,3023,240,-1,7,0,0,0
3025,222,324,-1,7,0,0,0
3026,453,454,-1,2,0,0,0
3027,455,359,-1,6,0,0,0
3028,3024,3025,-1,7,0,0,0
3029,3026,3027,-1,6,0,0,0
3030,841,322,-1,7,0,0,0
3031,345,457,-1,2,0,0,0
3032,1034,1039,-1,2,0,0,0
3033,3028,3029,-1,2,0,0,0
3034,3030,3031,-1,2,0,0,0
3035,3032,871,-1,4,0,0,0
3036,1033,1518,-1,6,0,0,0
3037,3033,3034,-1,6,0,0,0
3038,3035,3036,-1,6,0,0,0
3039,2243,1517,-1,4,0,0,0
3040,1520,-1,-1,4,0,0,0
3041,3037,3038,-1,6,0,0,0
3042,3039,3040,-1,6,0,0,0
3043,3041,3042,-1,6,0,0,0
3044,187,-1,-1,4,0,0,0
3045,3044,194,-1,6,0,0,0
3046,203,325,-1,6,0,0,0
3047,524,522,-1,2,0,0,0
3048,532,-1,-1,7,0,0,0
3049,3045,3046,-1,6,0,0,0
3050,3047,3048,-1,4,0,0,0
3051,345,413,-1,6,0,0,0
3052,830,526,-1,4,0,0,0
3053,1083,985,-1,6,0,0,0
3054,530,1087,-1,7,0,0,0
3055,534,1095,-1,7,0,0,0
3056,3049,3050,-1,6,0,0,0
3057,3051,3052,-1,6,0,0,0
3058,3053,3054,-1,4,0,0,0
3059,3055,983,-1,7,0,0,0
3060,1085,1090,-1,6,0,0,0
3061,536,1094,-1,4,0,0,0
3062,3056,3057,-1,6,0,0,0
3063,3058,3059,-1,4,0,0,0
3064,3060,3061,-1,6,0,0,0
3065,1536,1539,-1,6,0,0,0
3066,3062,3063,-1,6,0,0,0
3067,3064,3065,-1,6,0,0,0
3068,2333,-1,-1,7,0,0,0
3069,3066,3067,-1,6,0,0,0
3070,3068,-1,-1,7,0,0,0
3071,3069,3070,-1,4,0,0,0
3072,6,35,-1,2,0,0,0
3073,38,75,-1,6,0,0,0
3074,173,-1,-1,4,0,0,0
3075,3072,3073,-1,6,0,0,0
3076,3074,219,-1,6,0,0,0
3077,237,287,-1,4,0,0,0
3078,304,570,-1,7,0,0,0
3079,315,573,-1,6,0,0,0
3080,3075,3076,-1,6,0,0,0
3081,3077,3078,-1,4,0,0,0
3082,3079,483,-1,4,0,0,0
3083,572,575,-1,7,0,0,0
3084,443,577,-1,7,0,0,0
3085,3080,3081,-1,6,0,0,0
3086,3082,3083,-1,4,0,0,0
3087,3084,1111,-1,2,0,0,0
3088,1434,1120,-1,2,0,0,0
3089,1487,1518,-1,7,0,0,0
3090,1128,-1,-1,4,0,0,0
3091,3085,3086,-1,6,0,0,0
3092,3087,3088,-1,6,0,0,0
3093,3089,3090,-1,2,0,0,0
3094,1603,1606,-1,7,0,0,0
3095,3091,3092,-1,6,0,0,0
3096,3093,3094,-1,4,0,0,0
3097,3095,3096,-1,6,0,0,0
3098,2358,2360,-1,7,0,0,0
3099,3097,3098,-1,4,0,0,0
3100,18,20,-1,2,0,0,0
3101,46,62,-1,6,0,0,0
3102,98,162,-1,4,0,0,0
3103,168,-1,-1,4,0,0,0
3104,3100,3101,-1,6,0,0,0
3105,3102,3103,-1,6,0,0,0
3106,476,421,-1,2,0,0,0
3107,262,570,-1,7,0,0,0
3108,665,660,-1,4,0,0,0
3109,668,-1,-1,7,0,0,0
3110,3104,3105,-1,6,0,0,0
3111,3106,3107,-1,4,0,0,0
3112,3108,3109,-1,4,0,0,0
3113,526,662,-1,7,0,0,0
3114,664,887,-1,2,0,0,0
3115,670,1144,-1,4,0,0,0
3116,3110,3111,-1,6,0,0,0
3117,3112,3113,-1,4,0,0,0
3118,3114,3115,-1,6,0,0,0
3119,667,1453,-1,4,0,0,0
3120,1103,-1,-1,4,0,0,0
3121,3116,3117,-1,6,0,0,0
3122,3118,3119,-1,6,0,0,0
3123,3120,2421,-1,4,0,0,0
3124,3121,3122,-1,6,0,0,0
3125,3123,-1,-1,4,0,0,0
3126,3124,3125,-1,6,0,0,0
3127,36,153,-1,6,0,0,0
3128,165,-1,-1,7,0,0,0
3129,3127,3128,-1,4,0,0,0
3130,310,421,-1,2,0,0,0
3131,409,375,-1,7,0,0,0
3132,665,-1,-1,7,0,0,0
3133,3129,3130,-1,6,0,0,0
3134,3131,3132,-1,7,0,0,0
3135,885,493,-1,7,0,0,0
3136,327,564,-1,4,0,0,0
3137,676,985,-1,6,0,0,0
3138,705,678,-1,6,0,0,0
3139,794,800,-1,4,0,0,0
3140,731,656,-1,7,0,0,0
3141,808,-1,-1,4,0,0,0
3142,3133,3134,-1,4,0,0,0
3143,3135,3136,-1,2,0,0,0
3144,3137,3138,-1,6,0,0,0
3145,3139,3140,-1,4,0,0,0
3146,3141,1490,-1,4,0,0,0
3147,1429,1430,-1,7,0,0,0
3148,1221,-1,-1,7,0,0,0
3149,3142,3143,-1,6,0,0,0
3150,3144,3145,-1,6,0,0,0
3151,3146,3147,-1,4,0,0,0
3152,3148,-1,-1,7,0,0,0
3153,3149,3150,-1,6,0,0,0
3154,3151,3152,-1,4,0,0,0
3155,3153,3154,-1,6,0,0,0
3156,2969,-1,-1,7,0,0,0
3157,3155,3156,-1,4,0,0,0
3158,12,16,-1,4,0,0,0
3159,20,29,-1,6,0,0,0
3160,40,49,-1,7,0,0,0
3161,67,158,-1,2,0,0,0
3162,3158,3159,-1,6,0,0,0
3163,3160,3161,-1,2,0,0,0
3164,370,346,-1,7,0,0,0
3165,268,371,-1,7,0,0,0
3166,372,375,-1,6,0,0,0
3167,376,377,-1,6,0,0,0
3168,378,337,-1,6,0,0,0
3169,381,382,-1,4,0,0,0
3170,383,-1,-1,7,0,0,0
3171,3162,3163,-1,6,0,0,0
3172,3164,3165,-1,7,0,0,0
3173,3166,3167,-1,6,0,0,0
3174,3168,3169,-1,6,0,0,0
3175,3170,977,-1,2,0,0,0
3176,380,979,-1,4,0,0,0
3177,386,981,-1,4,0,0,0
3178,389,-1,-1,7,0,0,0
3179,3171,3172,-1,4,0,0,0
3180,3173,3174,-1,6,0,0,0
3181,3175,3176,-1,6,0,0,0
3182,3177,3178,-1,4,0,0,0
3183,3179,3180,-1,6,0,0,0
3184,3181,3182,-1,6,0,0,0
3185,3183,3184,-1,6,0,0,0
3186,3185,2969,-1,4,0,0,0
