3019,3183,3215,3052,2277,3084,2306,2330,3111,2357,2384,2413,2446,3138,1459,2473,2494,2522,2549,2574,2610,2641,1512,1539,1567,2672,1591,2705,1619,2733,1649,1674,1698,2755,1723,1741,2782,1773,2813,2837,1804,1829,1856,2863,1887,3160,1923,2900,1268,1949,1979,2008,1302,2031,2062,2931,2087,2114,2143,2963,2992,2172,2201,2224
192,144,177,-1,6,0,0,0
193,22,44,-1,4,0,0,0
194,45,95,-1,4,0,0,0
195,35,36,-1,4,0,0,0
196,43,51,-1,6,0,0,0
197,90,188,-1,6,0,0,0
198,6,176,-1,6,0,0,0
199,7,73,-1,6,0,0,0
200,71,93,-1,6,0,0,0
201,20,137,-1,4,0,0,0
202,134,157,-1,4,0,0,0
203,145,151,-1,6,0,0,0
204,154,178,-1,4,0,0,0
205,23,61,-1,6,0,0,0
206,57,74,-1,4,0,0,0
207,59,133,-1,4,0,0,0
208,108,172,-1,6,0,0,0
209,64,128,-1,6,0,0,0
210,37,165,-1,6,0,0,0
211,16,42,-1,4,0,0,0
212,56,84,-1,6,0,0,0
213,89,147,-1,4,0,0,0
214,83,103,-1,4,0,0,0
215,60,109,-1,6,0,0,0
216,105,114,-1,4,0,0,0
217,10,96,-1,6,0,0,0
218,9,40,-1,6,0,0,0
219,18,156,-1,4,0,0,0
220,69,77,-1,6,0,0,0
221,62,126,-1,6,0,0,0
222,46,81,-1,6,0,0,0
223,99,174,-1,4,0,0,0
224,70,134,-1,6,0,0,0
225,66,123,-1,4,0,0,0
226,97,161,-1,6,0,0,0
227,159,160,-1,6,0,0,0
228,55,94,-1,6,0,0,0
229,106,116,-1,6,0,0,0
230,0,107,-1,4,0,0,0
231,73,189,-1,6,0,0,0
232,80,172,-1,4,0,0,0
233,86,135,-1,4,0,0,0
234,120,-1,-1,4,0,0,0
235,234,204,-1,4,0,0,0
236,52,179,-1,4,0,0,0
237,31,54,-1,6,0,0,0
238,92,177,-1,6,0,0,0
239,88,152,-1,6,0,0,0
240,19,42,-1,6,0,0,0
241,58,122,-1,6,0,0,0
242,110,170,-1,4,0,0,0
243,30,100,-1,4,0,0,0
244,74,165,-1,6,0,0,0
245,1,115,-1,6,0,0,0
246,87,148,-1,6,0,0,0
247,53,-1,-1,4,0,0,0
248,247,220,-1,6,0,0,0
249,60,138,-1,4,0,0,0
250,82,146,-1,6,0,0,0
251,116,180,-1,6,0,0,0
252,15,79,-1,6,0,0,0
253,24,29,-1,6,0,0,0
254,85,153,-1,4,0,0,0
255,32,119,-1,6,0,0,0
256,45,188,-1,6,0,0,0
257,81,87,-1,6,0,0,0
258,1,115,-1,4,0,0,0
259,65,78,-1,4,0,0,0
260,130,187,-1,4,0,0,0
261,162,185,-1,6,0,0,0
262,0,100,-1,6,0,0,0
263,34,131,-1,6,0,0,0
264,22,90,-1,4,0,0,0
265,120,184,-1,6,0,0,0
266,57,121,-1,6,0,0,0
267,91,113,-1,6,0,0,0
268,28,155,-1,4,0,0,0
269,52,179,-1,6,0,0,0
270,4,92,-1,4,0,0,0
271,102,159,-1,6,0,0,0
272,26,46,-1,6,0,0,0
273,74,148,-1,4,0,0,0
274,31,95,-1,6,0,0,0
275,68,103,-1,6,0,0,0
276,33,162,-1,4,0,0,0
277,57,121,-1,4,0,0,0
278,17,124,-1,4,0,0,0
279,65,-1,-1,4,0,0,0
280,279,214,-1,4,0,0,0
281,50,175,-1,4,0,0,0
282,137,145,-1,6,0,0,0
283,79,139,-1,6,0,0,0
284,105,113,-1,6,0,0,0
285,119,183,-1,6,0,0,0
286,242,239,-1,6,0,0,0
287,70,104,-1,4,0,0,0
288,58,151,-1,6,0,0,0
289,133,136,-1,6,0,0,0
290,174,176,-1,6,0,0,0
291,265,212,-1,6,0,0,0
292,100,-1,-1,4,0,0,0
293,292,250,-1,4,0,0,0
294,96,-1,-1,4,0,0,0
295,294,208,-1,6,0,0,0
296,69,76,-1,6,0,0,0
297,8,72,-1,6,0,0,0
298,98,158,-1,4,0,0,0
299,109,173,-1,6,0,0,0
300,89,111,-1,6,0,0,0
301,28,43,-1,6,0,0,0
302,129,143,-1,6,0,0,0
303,4,83,-1,6,0,0,0
304,86,172,-1,4,0,0,0
305,26,48,-1,6,0,0,0
306,30,167,-1,6,0,0,0
307,12,61,-1,4,0,0,0
308,163,187,-1,6,0,0,0
309,69,181,-1,4,0,0,0
310,1,19,-1,4,0,0,0
311,37,121,-1,4,0,0,0
312,68,188,-1,4,0,0,0
313,72,155,-1,4,0,0,0
314,80,126,-1,4,0,0,0
315,62,166,-1,4,0,0,0
316,119,180,-1,4,0,0,0
317,6,-1,-1,4,0,0,0
318,317,195,-1,6,0,0,0
319,161,190,-1,6,0,0,0
320,78,90,-1,6,0,0,0
321,75,110,-1,6,0,0,0
322,96,118,-1,6,0,0,0
323,101,-1,-1,4,0,0,0
324,323,216,-1,6,0,0,0
325,281,193,-1,4,0,0,0
326,29,45,-1,4,0,0,0
327,32,37,-1,4,0,0,0
328,97,123,-1,4,0,0,0
329,285,258,-1,4,0,0,0
330,51,-1,-1,4,0,0,0
331,330,214,-1,6,0,0,0
332,63,127,-1,6,0,0,0
333,287,263,-1,4,0,0,0
334,147,153,-1,6,0,0,0
335,106,-1,-1,4,0,0,0
336,335,257,-1,6,0,0,0
337,59,187,-1,6,0,0,0
338,39,55,-1,4,0,0,0
339,16,164,-1,4,0,0,0
340,120,-1,-1,4,0,0,0
341,340,274,-1,6,0,0,0
342,171,186,-1,6,0,0,0
343,25,26,-1,4,0,0,0
344,81,112,-1,4,0,0,0
345,2,125,-1,4,0,0,0
346,41,43,-1,6,0,0,0
347,82,-1,-1,4,0,0,0
348,347,251,-1,6,0,0,0
349,297,274,-1,4,0,0,0
350,21,73,-1,4,0,0,0
351,75,-1,-1,4,0,0,0
352,351,193,-1,4,0,0,0
353,49,156,-1,6,0,0,0
354,42,55,-1,6,0,0,0
355,5,149,-1,4,0,0,0
356,80,-1,-1,4,0,0,0
357,356,345,-1,4,0,0,0
358,18,143,-1,6,0,0,0
359,38,147,-1,6,0,0,0
360,160,-1,-1,4,0,0,0
361,360,264,-1,6,0,0,0
362,74,-1,-1,4,0,0,0
363,362,319,-1,4,0,0,0
364,9,150,-1,4,0,0,0
365,217,-1,-1,4,0,0,0
366,365,349,-1,4,0,0,0
367,32,54,-1,6,0,0,0
368,66,130,-1,6,0,0,0
369,154,157,-1,6,0,0,0
370,64,101,-1,4,0,0,0
371,55,-1,-1,4,0,0,0
372,371,332,-1,4,0,0,0
373,3,60,-1,4,0,0,0
374,3,94,-1,4,0,0,0
375,85,163,-1,4,0,0,0
376,84,169,-1,6,0,0,0
377,46,-1,-1,4,0,0,0
378,377,223,-1,4,0,0,0
379,11,118,-1,4,0,0,0
380,25,-1,-1,4,0,0,0
381,380,203,-1,4,0,0,0
382,83,136,-1,4,0,0,0
383,86,150,-1,6,0,0,0
384,168,186,-1,4,0,0,0
385,158,190,-1,4,0,0,0
386,184,-1,-1,4,0,0,0
387,386,209,-1,4,0,0,0
388,35,-1,-1,4,0,0,0
389,388,367,-1,6,0,0,0
390,76,132,-1,4,0,0,0
391,111,-1,-1,4,0,0,0
392,391,334,-1,6,0,0,0
393,6,40,-1,4,0,0,0
394,39,124,-1,4,0,0,0
395,77,112,-1,6,0,0,0
396,50,175,-1,6,0,0,0
397,53,117,-1,6,0,0,0
398,45,-1,-1,4,0,0,0
399,398,297,-1,6,0,0,0
400,93,121,-1,4,0,0,0
401,35,147,-1,6,0,0,0
402,41,181,-1,6,0,0,0
403,50,-1,-1,4,0,0,0
404,403,218,-1,6,0,0,0
405,112,135,-1,4,0,0,0
406,231,201,-1,4,0,0,0
407,116,133,-1,4,0,0,0
408,122,155,-1,4,0,0,0
409,46,60,-1,6,0,0,0
410,29,166,-1,6,0,0,0
411,157,-1,-1,4,0,0,0
412,411,239,-1,6,0,0,0
413,37,178,-1,6,0,0,0
414,107,-1,-1,4,0,0,0
415,414,342,-1,6,0,0,0
416,191,-1,-1,4,0,0,0
417,416,307,-1,4,0,0,0
418,92,102,-1,4,0,0,0
419,64,-1,-1,4,0,0,0
420,419,220,-1,6,0,0,0
421,94,182,-1,4,0,0,0
422,145,-1,-1,4,0,0,0
423,422,264,-1,6,0,0,0
424,338,275,-1,6,0,0,0
425,57,64,-1,4,0,0,0
426,58,-1,-1,4,0,0,0
427,426,261,-1,4,0,0,0
428,98,182,-1,4,0,0,0
429,26,110,-1,4,0,0,0
430,36,150,-1,4,0,0,0
431,104,161,-1,4,0,0,0
432,160,-1,-1,4,0,0,0
433,432,258,-1,4,0,0,0
434,205,302,-1,4,0,0,0
435,42,-1,-1,4,0,0,0
436,435,376,-1,6,0,0,0
437,4,20,-1,4,0,0,0
438,14,51,-1,6,0,0,0
439,7,21,-1,6,0,0,0
440,139,167,-1,6,0,0,0
441,49,185,-1,4,0,0,0
442,13,39,-1,6,0,0,0
443,48,181,-1,4,0,0,0
444,22,58,-1,6,0,0,0
445,35,-1,-1,4,0,0,0
446,445,221,-1,6,0,0,0
447,123,158,-1,6,0,0,0
448,24,168,-1,4,0,0,0
449,34,-1,-1,4,0,0,0
450,449,438,-1,6,0,0,0
451,77,172,-1,4,0,0,0
452,300,405,-1,6,0,0,0
453,47,87,-1,4,0,0,0
454,11,47,-1,6,0,0,0
455,176,-1,-1,4,0,0,0
456,455,249,-1,4,0,0,0
457,54,-1,-1,4,0,0,0
458,457,440,-1,4,0,0,0
459,102,129,-1,4,0,0,0
460,27,49,-1,6,0,0,0
461,17,53,-1,4,0,0,0
462,51,127,-1,4,0,0,0
463,67,-1,-1,4,0,0,0
464,463,374,-1,6,0,0,0
465,210,343,-1,6,0,0,0
466,62,99,-1,6,0,0,0
467,140,-1,-1,4,0,0,0
468,467,270,-1,4,0,0,0
469,8,56,-1,4,0,0,0
470,3,66,-1,4,0,0,0
471,149,-1,-1,4,0,0,0
472,471,370,-1,4,0,0,0
473,84,107,-1,4,0,0,0
474,136,168,-1,4,0,0,0
475,10,140,-1,4,0,0,0
476,37,177,-1,6,0,0,0
477,191,-1,-1,4,0,0,0
478,477,332,-1,6,0,0,0
479,40,50,-1,4,0,0,0
480,12,116,-1,6,0,0,0
481,142,-1,-1,4,0,0,0
482,481,226,-1,4,0,0,0
483,249,278,-1,4,0,0,0
484,442,-1,-1,4,0,0,0
485,484,329,-1,4,0,0,0
486,36,67,-1,4,0,0,0
487,152,-1,-1,4,0,0,0
488,487,250,-1,6,0,0,0
489,98,-1,-1,4,0,0,0
490,489,215,-1,6,0,0,0
491,68,93,-1,6,0,0,0
492,23,-1,-1,4,0,0,0
493,492,-1,-1,4,0,0,0
494,493,478,-1,4,0,0,0
495,71,-1,-1,4,0,0,0
496,495,339,-1,4,0,0,0
497,75,76,-1,4,0,0,0
498,47,175,-1,6,0,0,0
499,17,-1,-1,4,0,0,0
500,499,285,-1,4,0,0,0
501,134,-1,-1,4,0,0,0
502,501,407,-1,6,0,0,0
503,75,141,-1,4,0,0,0
504,163,-1,-1,4,0,0,0
505,504,223,-1,6,0,0,0
506,101,168,-1,6,0,0,0
507,128,-1,-1,4,0,0,0
508,507,262,-1,6,0,0,0
509,68,-1,-1,4,0,0,0
510,509,338,-1,4,0,0,0
511,12,38,-1,4,0,0,0
512,14,42,-1,4,0,0,0
513,21,124,-1,4,0,0,0
514,86,-1,-1,4,0,0,0
515,514,192,-1,4,0,0,0
516,88,-1,-1,4,0,0,0
517,516,277,-1,4,0,0,0
518,169,-1,-1,4,0,0,0
519,518,276,-1,4,0,0,0
520,44,69,-1,6,0,0,0
521,454,393,-1,4,0,0,0
522,45,185,-1,6,0,0,0
523,289,301,-1,4,0,0,0
524,8,-1,-1,4,0,0,0
525,524,242,-1,6,0,0,0
526,343,486,-1,4,0,0,0
527,106,114,-1,4,0,0,0
528,111,-1,-1,4,0,0,0
529,528,405,-1,6,0,0,0
530,108,109,-1,6,0,0,0
531,87,178,-1,4,0,0,0
532,36,143,-1,4,0,0,0
533,144,-1,-1,4,0,0,0
534,533,297,-1,4,0,0,0
535,140,149,-1,6,0,0,0
536,99,115,-1,6,0,0,0
537,148,161,-1,4,0,0,0
538,186,-1,-1,4,0,0,0
539,538,243,-1,6,0,0,0
540,85,107,-1,4,0,0,0
541,44,82,-1,4,0,0,0
542,266,374,-1,6,0,0,0
543,240,319,-1,6,0,0,0
544,15,80,-1,6,0,0,0
545,61,-1,-1,4,0,0,0
546,545,-1,-1,4,0,0,0
547,546,336,-1,4,0,0,0
548,88,165,-1,6,0,0,0
549,224,497,-1,6,0,0,0
550,397,-1,-1,4,0,0,0
551,550,372,-1,4,0,0,0
552,68,185,-1,6,0,0,0
553,29,129,-1,6,0,0,0
554,89,166,-1,6,0,0,0
555,5,170,-1,4,0,0,0
556,243,299,-1,6,0,0,0
557,342,439,-1,6,0,0,0
558,27,-1,-1,4,0,0,0
559,558,214,-1,6,0,0,0
560,11,119,-1,4,0,0,0
561,176,-1,-1,4,0,0,0
562,561,503,-1,4,0,0,0
563,70,179,-1,4,0,0,0
564,84,127,-1,4,0,0,0
565,85,120,-1,6,0,0,0
566,191,-1,-1,4,0,0,0
567,566,346,-1,4,0,0,0
568,53,158,-1,4,0,0,0
569,124,-1,-1,4,0,0,0
570,569,-1,-1,4,0,0,0
571,570,542,-1,4,0,0,0
572,20,96,-1,6,0,0,0
573,173,-1,-1,4,0,0,0
574,573,208,-1,6,0,0,0
575,63,-1,-1,4,0,0,0
576,575,-1,-1,4,0,0,0
577,576,543,-1,4,0,0,0
578,151,152,-1,4,0,0,0
579,2,30,-1,4,0,0,0
580,167,-1,-1,4,0,0,0
581,580,203,-1,6,0,0,0
582,179,-1,-1,4,0,0,0
583,582,209,-1,6,0,0,0
584,13,92,-1,6,0,0,0
585,132,142,-1,6,0,0,0
586,16,162,-1,4,0,0,0
587,8,-1,-1,4,0,0,0
588,587,200,-1,4,0,0,0
589,22,-1,-1,4,0,0,0
590,589,460,-1,6,0,0,0
591,14,28,-1,6,0,0,0
592,20,-1,-1,4,0,0,0
593,592,287,-1,6,0,0,0
594,141,173,-1,6,0,0,0
595,9,-1,-1,4,0,0,0
596,595,226,-1,6,0,0,0
597,368,-1,-1,4,0,0,0
598,597,505,-1,6,0,0,0
599,3,19,-1,4,0,0,0
600,397,259,-1,4,0,0,0
601,67,131,-1,6,0,0,0
602,73,113,-1,6,0,0,0
603,31,-1,-1,4,0,0,0
604,603,383,-1,6,0,0,0
605,156,-1,-1,4,0,0,0
606,605,421,-1,6,0,0,0
607,70,146,-1,4,0,0,0
608,166,-1,-1,4,0,0,0
609,608,370,-1,4,0,0,0
610,285,-1,-1,4,0,0,0
611,610,406,-1,4,0,0,0
612,346,594,-1,4,0,0,0
613,263,441,-1,6,0,0,0
614,397,197,-1,4,0,0,0
615,34,70,-1,4,0,0,0
616,39,121,-1,4,0,0,0
617,189,-1,-1,4,0,0,0
618,617,383,-1,4,0,0,0
619,1,102,-1,4,0,0,0
620,164,-1,-1,4,0,0,0
621,620,300,-1,4,0,0,0
622,270,314,-1,4,0,0,0
623,156,175,-1,6,0,0,0
624,104,-1,-1,4,0,0,0
625,624,267,-1,6,0,0,0
626,275,443,-1,6,0,0,0
627,146,191,-1,4,0,0,0
628,67,71,-1,6,0,0,0
629,51,-1,-1,4,0,0,0
630,629,258,-1,4,0,0,0
631,106,149,-1,4,0,0,0
632,23,127,-1,6,0,0,0
633,25,125,-1,6,0,0,0
634,65,187,-1,6,0,0,0
635,92,-1,-1,4,0,0,0
636,635,-1,-1,4,0,0,0
637,636,625,-1,6,0,0,0
638,123,-1,-1,4,0,0,0
639,638,226,-1,4,0,0,0
640,34,115,-1,4,0,0,0
641,39,-1,-1,4,0,0,0
642,641,277,-1,4,0,0,0
643,110,175,-1,4,0,0,0
644,60,-1,-1,4,0,0,0
645,644,283,-1,4,0,0,0
646,153,-1,-1,4,0,0,0
647,646,451,-1,6,0,0,0
648,305,359,-1,6,0,0,0
649,324,423,-1,6,0,0,0
650,16,-1,-1,4,0,0,0
651,650,240,-1,4,0,0,0
652,118,-1,-1,4,0,0,0
653,652,225,-1,4,0,0,0
654,220,441,-1,4,0,0,0
655,39,-1,-1,4,0,0,0
656,655,266,-1,4,0,0,0
657,0,153,-1,4,0,0,0
658,9,126,-1,6,0,0,0
659,105,182,-1,4,0,0,0
660,163,-1,-1,4,0,0,0
661,660,241,-1,4,0,0,0
662,5,133,-1,6,0,0,0
663,43,-1,-1,4,0,0,0
664,663,511,-1,6,0,0,0
665,169,174,-1,6,0,0,0
666,62,-1,-1,4,0,0,0
667,666,-1,-1,4,0,0,0
668,667,490,-1,4,0,0,0
669,89,-1,-1,4,0,0,0
670,669,491,-1,4,0,0,0
671,332,-1,-1,4,0,0,0
672,671,596,-1,4,0,0,0
673,342,599,-1,4,0,0,0
674,114,124,-1,6,0,0,0
675,2,-1,-1,4,0,0,0
676,675,338,-1,4,0,0,0
677,72,165,-1,4,0,0,0
678,266,385,-1,4,0,0,0
679,88,136,-1,6,0,0,0
680,58,169,-1,4,0,0,0
681,20,138,-1,6,0,0,0
682,443,568,-1,4,0,0,0
683,2,128,-1,4,0,0,0
684,100,-1,-1,4,0,0,0
685,684,-1,-1,4,0,0,0
686,685,378,-1,6,0,0,0
687,27,78,-1,6,0,0,0
688,408,-1,-1,4,0,0,0
689,688,381,-1,6,0,0,0
690,448,-1,-1,4,0,0,0
691,690,559,-1,4,0,0,0
692,241,-1,-1,4,0,0,0
693,692,415,-1,6,0,0,0
694,93,-1,-1,4,0,0,0
695,694,627,-1,6,0,0,0
696,172,-1,-1,4,0,0,0
697,696,401,-1,6,0,0,0
698,129,-1,-1,4,0,0,0
699,698,-1,-1,4,0,0,0
700,699,488,-1,4,0,0,0
701,168,-1,-1,4,0,0,0
702,701,320,-1,4,0,0,0
703,7,141,-1,4,0,0,0
704,367,469,-1,4,0,0,0
705,65,76,-1,4,0,0,0
706,99,125,-1,4,0,0,0
707,89,-1,-1,4,0,0,0
708,707,-1,-1,4,0,0,0
709,708,656,-1,6,0,0,0
710,540,-1,-1,4,0,0,0
711,710,583,-1,6,0,0,0
712,552,615,-1,6,0,0,0
713,28,-1,-1,4,0,0,0
714,713,448,-1,4,0,0,0
715,49,141,-1,4,0,0,0
716,62,131,-1,4,0,0,0
717,184,-1,-1,4,0,0,0
718,717,-1,-1,4,0,0,0
719,718,478,-1,4,0,0,0
720,145,-1,-1,4,0,0,0
721,720,219,-1,4,0,0,0
722,84,154,-1,6,0,0,0
723,12,-1,-1,4,0,0,0
724,723,355,-1,4,0,0,0
725,36,55,-1,4,0,0,0
726,33,76,-1,6,0,0,0
727,24,111,-1,6,0,0,0
728,1,144,-1,6,0,0,0
729,118,-1,-1,4,0,0,0
730,729,722,-1,4,0,0,0
731,224,425,-1,4,0,0,0
732,510,581,-1,4,0,0,0
733,130,-1,-1,4,0,0,0
734,733,-1,-1,4,0,0,0
735,734,378,-1,6,0,0,0
736,399,606,-1,6,0,0,0
737,144,191,-1,6,0,0,0
738,257,-1,-1,4,0,0,0
739,738,357,-1,6,0,0,0
740,52,-1,-1,4,0,0,0
741,740,-1,-1,4,0,0,0
742,741,381,-1,4,0,0,0
743,230,-1,-1,4,0,0,0
744,743,399,-1,6,0,0,0
745,21,162,-1,4,0,0,0
746,25,114,-1,4,0,0,0
747,270,210,-1,4,0,0,0
748,460,288,-1,4,0,0,0
749,59,-1,-1,4,0,0,0
750,749,268,-1,6,0,0,0
751,16,184,-1,6,0,0,0
752,218,276,-1,6,0,0,0
753,370,475,-1,4,0,0,0
754,175,-1,-1,4,0,0,0
755,754,205,-1,4,0,0,0
756,105,-1,-1,4,0,0,0
757,756,-1,-1,4,0,0,0
758,757,-1,-1,4,0,0,0
759,758,637,-1,6,0,0,0
760,103,136,-1,6,0,0,0
761,7,-1,-1,4,0,0,0
762,761,375,-1,4,0,0,0
763,90,-1,-1,4,0,0,0
764,763,338,-1,4,0,0,0
765,119,-1,-1,4,0,0,0
766,765,-1,-1,4,0,0,0
767,766,378,-1,4,0,0,0
768,118,137,-1,6,0,0,0
769,56,-1,-1,4,0,0,0
770,769,211,-1,4,0,0,0
771,131,190,-1,4,0,0,0
772,159,173,-1,4,0,0,0
773,27,189,-1,6,0,0,0
774,24,33,-1,6,0,0,0
775,190,-1,-1,4,0,0,0
776,775,438,-1,6,0,0,0
777,149,-1,-1,4,0,0,0
778,777,773,-1,4,0,0,0
779,181,-1,-1,4,0,0,0
780,779,768,-1,4,0,0,0
781,361,-1,-1,4,0,0,0
782,781,693,-1,6,0,0,0
783,111,-1,-1,4,0,0,0
784,783,-1,-1,4,0,0,0
785,784,458,-1,4,0,0,0
786,30,-1,-1,4,0,0,0
787,786,252,-1,4,0,0,0
788,74,87,-1,4,0,0,0
789,633,607,-1,6,0,0,0
790,70,176,-1,4,0,0,0
791,83,88,-1,4,0,0,0
792,189,-1,-1,4,0,0,0
793,792,227,-1,6,0,0,0
794,321,-1,-1,4,0,0,0
795,794,-1,-1,4,0,0,0
796,795,551,-1,4,0,0,0
797,774,-1,-1,4,0,0,0
798,797,753,-1,4,0,0,0
799,66,80,-1,6,0,0,0
800,184,-1,-1,4,0,0,0
801,800,662,-1,6,0,0,0
802,174,-1,-1,4,0,0,0
803,802,-1,-1,4,0,0,0
804,803,478,-1,4,0,0,0
805,511,532,-1,4,0,0,0
806,151,-1,-1,4,0,0,0
807,806,-1,-1,4,0,0,0
808,807,776,-1,6,0,0,0
809,4,-1,-1,4,0,0,0
810,809,271,-1,4,0,0,0
811,15,145,-1,4,0,0,0
812,78,134,-1,6,0,0,0
813,13,130,-1,4,0,0,0
814,48,97,-1,4,0,0,0
815,30,79,-1,4,0,0,0
816,105,-1,-1,4,0,0,0
817,816,376,-1,4,0,0,0
818,111,137,-1,4,0,0,0
819,43,77,-1,4,0,0,0
820,116,117,-1,6,0,0,0
821,73,-1,-1,4,0,0,0
822,821,259,-1,6,0,0,0
823,85,167,-1,4,0,0,0
824,95,122,-1,4,0,0,0
825,25,-1,-1,4,0,0,0
826,825,400,-1,6,0,0,0
827,108,-1,-1,4,0,0,0
828,827,264,-1,4,0,0,0
829,59,93,-1,4,0,0,0
830,152,183,-1,6,0,0,0
831,26,-1,-1,4,0,0,0
832,831,728,-1,4,0,0,0
833,390,282,-1,4,0,0,0
834,18,80,-1,4,0,0,0
835,52,107,-1,4,0,0,0
836,43,-1,-1,4,0,0,0
837,836,-1,-1,4,0,0,0
838,837,-1,-1,4,0,0,0
839,838,739,-1,6,0,0,0
840,66,115,-1,4,0,0,0
841,82,-1,-1,4,0,0,0
842,841,195,-1,6,0,0,0
843,150,-1,-1,4,0,0,0
844,843,197,-1,6,0,0,0
845,38,-1,-1,4,0,0,0
846,845,198,-1,4,0,0,0
847,200,201,-1,6,0,0,0
848,203,204,-1,6,0,0,0
849,17,-1,-1,4,0,0,0
850,849,205,-1,6,0,0,0
851,33,-1,-1,4,0,0,0
852,851,208,-1,6,0,0,0
853,91,-1,-1,4,0,0,0
854,853,209,-1,4,0,0,0
855,101,-1,-1,4,0,0,0
856,855,210,-1,6,0,0,0
857,15,-1,-1,4,0,0,0
858,857,211,-1,6,0,0,0
859,212,213,-1,4,0,0,0
860,158,-1,-1,4,0,0,0
861,860,214,-1,6,0,0,0
862,216,217,-1,4,0,0,0
863,218,219,-1,6,0,0,0
864,97,-1,-1,4,0,0,0
865,864,220,-1,4,0,0,0
866,221,222,-1,4,0,0,0
867,225,200,-1,6,0,0,0
868,142,-1,-1,4,0,0,0
869,868,226,-1,6,0,0,0
870,168,-1,-1,4,0,0,0
871,870,227,-1,4,0,0,0
872,138,-1,-1,4,0,0,0
873,872,230,-1,4,0,0,0
874,14,-1,-1,4,0,0,0
875,874,231,-1,6,0,0,0
876,236,237,-1,4,0,0,0
877,23,-1,-1,4,0,0,0
878,877,239,-1,6,0,0,0
879,7,-1,-1,4,0,0,0
880,879,240,-1,6,0,0,0
881,59,-1,-1,4,0,0,0
882,881,241,-1,4,0,0,0
883,244,245,-1,6,0,0,0
884,246,-1,-1,4,0,0,0
885,884,248,-1,6,0,0,0
886,41,-1,-1,4,0,0,0
887,886,250,-1,4,0,0,0
888,72,-1,-1,4,0,0,0
889,888,251,-1,6,0,0,0
890,252,253,-1,6,0,0,0
891,126,-1,-1,4,0,0,0
892,891,257,-1,6,0,0,0
893,258,259,-1,6,0,0,0
894,173,-1,-1,4,0,0,0
895,894,261,-1,4,0,0,0
896,262,263,-1,6,0,0,0
897,123,-1,-1,4,0,0,0
898,897,264,-1,6,0,0,0
899,61,-1,-1,4,0,0,0
900,899,265,-1,4,0,0,0
901,140,-1,-1,4,0,0,0
902,901,266,-1,4,0,0,0
903,267,204,-1,4,0,0,0
904,268,269,-1,4,0,0,0
905,53,-1,-1,4,0,0,0
906,905,270,-1,4,0,0,0
907,135,-1,-1,4,0,0,0
908,907,271,-1,4,0,0,0
909,124,-1,-1,4,0,0,0
910,909,273,-1,4,0,0,0
911,50,-1,-1,4,0,0,0
912,911,274,-1,6,0,0,0
913,15,-1,-1,4,0,0,0
914,913,281,-1,6,0,0,0
915,285,260,-1,4,0,0,0
916,132,-1,-1,4,0,0,0
917,916,287,-1,4,0,0,0
918,164,-1,-1,4,0,0,0
919,918,288,-1,4,0,0,0
920,117,-1,-1,4,0,0,0
921,920,289,-1,6,0,0,0
922,291,293,-1,4,0,0,0
923,245,-1,-1,4,0,0,0
924,923,295,-1,6,0,0,0
925,297,298,-1,4,0,0,0
926,299,300,-1,4,0,0,0
927,252,302,-1,6,0,0,0
928,120,-1,-1,4,0,0,0
929,928,307,-1,6,0,0,0
930,225,314,-1,4,0,0,0
931,231,315,-1,4,0,0,0
932,316,-1,-1,4,0,0,0
933,932,882,-1,6,0,0,0
934,209,-1,-1,4,0,0,0
935,934,318,-1,6,0,0,0
936,319,320,-1,6,0,0,0
937,185,-1,-1,4,0,0,0
938,937,-1,-1,4,0,0,0
939,938,329,-1,6,0,0,0
940,49,-1,-1,4,0,0,0
941,940,-1,-1,4,0,0,0
942,941,331,-1,6,0,0,0
943,165,-1,-1,4,0,0,0
944,943,332,-1,4,0,0,0
945,236,-1,-1,4,0,0,0
946,945,842,-1,6,0,0,0
947,334,-1,-1,4,0,0,0
948,947,336,-1,4,0,0,0
949,14,-1,-1,4,0,0,0
950,949,337,-1,4,0,0,0
951,91,-1,-1,4,0,0,0
952,951,338,-1,6,0,0,0
953,218,339,-1,6,0,0,0
954,154,-1,-1,4,0,0,0
955,954,345,-1,4,0,0,0
956,230,346,-1,4,0,0,0
957,253,-1,-1,4,0,0,0
958,957,871,-1,4,0,0,0
959,867,915,-1,4,0,0,0
960,90,-1,-1,4,0,0,0
961,960,-1,-1,4,0,0,0
962,961,850,-1,6,0,0,0
963,314,353,-1,6,0,0,0
964,273,355,-1,6,0,0,0
965,171,-1,-1,4,0,0,0
966,965,-1,-1,4,0,0,0
967,966,361,-1,6,0,0,0
968,882,878,-1,6,0,0,0
969,223,364,-1,4,0,0,0
970,128,-1,-1,4,0,0,0
971,970,367,-1,4,0,0,0
972,368,369,-1,4,0,0,0
973,110,-1,-1,4,0,0,0
974,973,370,-1,6,0,0,0
975,373,-1,-1,4,0,0,0
976,975,372,-1,6,0,0,0
977,103,-1,-1,4,0,0,0
978,977,375,-1,4,0,0,0
979,376,-1,-1,4,0,0,0
980,979,867,-1,6,0,0,0
981,182,-1,-1,4,0,0,0
982,981,-1,-1,4,0,0,0
983,982,378,-1,4,0,0,0
984,22,-1,-1,4,0,0,0
985,984,-1,-1,4,0,0,0
986,985,381,-1,4,0,0,0
987,287,383,-1,4,0,0,0
988,385,-1,-1,4,0,0,0
989,988,387,-1,4,0,0,0
990,183,-1,-1,4,0,0,0
991,990,390,-1,6,0,0,0
992,196,-1,-1,4,0,0,0
993,992,392,-1,4,0,0,0
994,393,394,-1,6,0,0,0
995,395,396,-1,6,0,0,0
996,253,397,-1,6,0,0,0
997,239,-1,-1,4,0,0,0
998,997,399,-1,6,0,0,0
999,198,405,-1,6,0,0,0
1000,406,955,-1,6,0,0,0
1001,170,-1,-1,4,0,0,0
1002,1001,-1,-1,4,0,0,0
1003,1002,869,-1,4,0,0,0
1004,285,410,-1,4,0,0,0
1005,304,-1,-1,7,0,0,0
1006,1005,412,-1,2,0,0,0
1007,217,413,-1,6,0,0,0
1008,415,417,-1,6,0,0,0
1009,418,353,-1,6,0,0,0
1010,930,950,-1,6,0,0,0
1011,421,-1,-1,4,0,0,0
1012,1011,978,-1,6,0,0,0
1013,357,436,-1,4,0,0,0
1014,54,-1,-1,4,0,0,0
1015,1014,438,-1,6,0,0,0
1016,289,439,-1,6,0,0,0
1017,442,443,-1,6,0,0,0
1018,21,-1,-1,4,0,0,0
1019,1018,447,-1,4,0,0,0
1020,268,-1,-1,4,0,0,0
1021,1020,927,-1,4,0,0,0
1022,6,-1,-1,4,0,0,0
1023,1022,448,-1,6,0,0,0
1024,162,-1,-1,4,0,0,0
1025,1024,451,-1,6,0,0,0
1026,381,-1,-1,4,0,0,0
1027,1026,1000,-1,4,0,0,0
1028,19,-1,-1,4,0,0,0
1029,1028,454,-1,4,0,0,0
1030,104,-1,-1,4,0,0,0
1031,1030,-1,-1,4,0,0,0
1032,1031,458,-1,6,0,0,0
1033,460,461,-1,4,0,0,0
1034,322,462,-1,4,0,0,0
1035,277,466,-1,6,0,0,0
1036,1,-1,-1,4,0,0,0
1037,1036,-1,-1,4,0,0,0
1038,1037,468,-1,4,0,0,0
1039,42,-1,-1,4,0,0,0
1040,1039,-1,-1,4,0,0,0
1041,1040,472,-1,4,0,0,0
1042,475,298,-1,4,0,0,0
1043,301,476,-1,4,0,0,0
1044,375,-1,-1,4,0,0,0
1045,1044,478,-1,6,0,0,0
1046,179,-1,-1,4,0,0,0
1047,1046,480,-1,6,0,0,0
1048,482,483,-1,6,0,0,0
1049,164,-1,-1,4,0,0,0
1050,1049,486,-1,6,0,0,0
1051,192,-1,-1,4,0,0,0
1052,1051,-1,-1,4,0,0,0
1053,1052,494,-1,4,0,0,0
1054,143,-1,-1,4,0,0,0
1055,1054,497,-1,4,0,0,0
1056,498,-1,-1,7,0,0,0
1057,1056,856,-1,2,0,0,0
1058,228,-1,-1,4,0,0,0
1059,1058,500,-1,4,0,0,0
1060,265,-1,-1,4,0,0,0
1061,1060,510,-1,6,0,0,0
1062,5,-1,-1,4,0,0,0
1063,1062,511,-1,4,0,0,0
1064,339,520,-1,4,0,0,0
1065,390,-1,-1,4,0,0,0
1066,1065,850,-1,4,0,0,0
1067,522,-1,-1,4,0,0,0
1068,1067,523,-1,4,0,0,0
1069,171,-1,-1,4,0,0,0
1070,1069,-1,-1,4,0,0,0
1071,1070,525,-1,6,0,0,0
1072,34,-1,-1,4,0,0,0
1073,1072,527,-1,6,0,0,0
1074,138,-1,-1,4,0,0,0
1075,1074,-1,-1,4,0,0,0
1076,1075,-1,-1,4,0,0,0
1077,1076,1061,-1,4,0,0,0
1078,47,-1,-1,4,0,0,0
1079,1078,530,-1,4,0,0,0
1080,160,-1,-1,4,0,0,0
1081,1080,531,-1,4,0,0,0
1082,532,-1,-1,4,0,0,0
1083,1082,534,-1,4,0,0,0
1084,536,537,-1,4,0,0,0
1085,57,-1,-1,4,0,0,0
1086,1085,540,-1,4,0,0,0
1087,541,-1,-1,4,0,0,0
1088,1087,844,-1,6,0,0,0
1089,38,-1,-1,4,0,0,0
1090,1089,-1,-1,4,0,0,0
1091,1090,-1,-1,4,0,0,0
1092,1091,547,-1,6,0,0,0
1093,251,552,-1,4,0,0,0
1094,553,554,-1,4,0,0,0
1095,178,-1,-1,4,0,0,0
1096,1095,555,-1,6,0,0,0
1097,556,557,-1,4,0,0,0
1098,231,560,-1,6,0,0,0
1099,170,-1,-1,4,0,0,0
1100,1099,565,-1,4,0,0,0
1101,568,-1,-1,4,0,0,0
1102,1101,-1,-1,4,0,0,0
1103,1102,571,-1,4,0,0,0
1104,342,-1,-1,4,0,0,0
1105,1104,873,-1,6,0,0,0
1106,344,572,-1,4,0,0,0
1107,187,-1,-1,4,0,0,0
1108,1107,-1,-1,4,0,0,0
1109,1108,-1,-1,4,0,0,0
1110,1109,577,-1,6,0,0,0
1111,252,578,-1,6,0,0,0
1112,579,-1,-1,4,0,0,0
1113,1112,912,-1,6,0,0,0
1114,908,588,-1,4,0,0,0
1115,506,-1,-1,7,0,0,0
1116,1115,590,-1,2,0,0,0
1117,63,-1,-1,4,0,0,0
1118,1117,-1,-1,4,0,0,0
1119,1118,910,-1,4,0,0,0
1120,599,-1,-1,4,0,0,0
1121,1120,600,-1,4,0,0,0
1122,253,601,-1,6,0,0,0
1123,11,-1,-1,4,0,0,0
1124,1123,602,-1,4,0,0,0
1125,157,-1,-1,4,0,0,0
1126,1125,-1,-1,4,0,0,0
1127,1126,882,-1,4,0,0,0
1128,267,-1,-1,4,0,0,0
1129,1128,953,-1,6,0,0,0
1130,469,-1,-1,4,0,0,0
1131,1130,614,-1,6,0,0,0
1132,73,-1,-1,4,0,0,0
1133,1132,619,-1,4,0,0,0
1134,198,623,-1,4,0,0,0
1135,194,-1,-1,7,0,0,0
1136,1135,625,-1,2,0,0,0
1137,19,-1,-1,4,0,0,0
1138,1137,628,-1,6,0,0,0
1139,244,632,-1,4,0,0,0
1140,633,-1,-1,4,0,0,0
1141,1140,529,-1,4,0,0,0
1142,8,-1,-1,4,0,0,0
1143,1142,634,-1,6,0,0,0
1144,460,-1,-1,4,0,0,0
1145,1144,914,-1,6,0,0,0
1146,645,-1,-1,7,0,0,0
1147,1146,1119,-1,2,0,0,0
1148,133,-1,-1,4,0,0,0
1149,1148,-1,-1,4,0,0,0
1150,1149,887,-1,6,0,0,0
1151,402,-1,-1,7,0,0,0
1152,1151,656,-1,2,0,0,0
1153,544,657,-1,4,0,0,0
1154,260,658,-1,6,0,0,0
1155,186,-1,-1,4,0,0,0
1156,1155,659,-1,6,0,0,0
1157,29,-1,-1,4,0,0,0
1158,1157,-1,-1,4,0,0,0
1159,1158,661,-1,4,0,0,0
1160,439,665,-1,4,0,0,0
1161,137,-1,-1,4,0,0,0
1162,1161,674,-1,6,0,0,0
1163,444,-1,-1,4,0,0,0
1164,1163,676,-1,6,0,0,0
1165,677,-1,-1,4,0,0,0
1166,1165,678,-1,6,0,0,0
1167,216,681,-1,4,0,0,0
1168,683,-1,-1,7,0,0,0
1169,1168,914,-1,2,0,0,0
1170,410,-1,-1,4,0,0,0
1171,1170,-1,-1,4,0,0,0
1172,1171,686,-1,4,0,0,0
1173,687,-1,-1,4,0,0,0
1174,1173,-1,-1,4,0,0,0
1175,1174,689,-1,6,0,0,0
1176,55,-1,-1,4,0,0,0
1177,1176,-1,-1,4,0,0,0
1178,1177,869,-1,4,0,0,0
1179,695,-1,-1,7,0,0,0
1180,1179,693,-1,2,0,0,0
1181,440,703,-1,4,0,0,0
1182,705,-1,-1,7,0,0,0
1183,1182,625,-1,2,0,0,0
1184,679,706,-1,4,0,0,0
1185,213,-1,-1,4,0,0,0
1186,1185,721,-1,6,0,0,0
1187,101,-1,-1,4,0,0,0
1188,1187,728,-1,4,0,0,0
1189,503,-1,-1,4,0,0,0
1190,1189,865,-1,6,0,0,0
1191,48,-1,-1,4,0,0,0
1192,1191,-1,-1,4,0,0,0
1193,1192,1029,-1,6,0,0,0
1194,747,748,-1,4,0,0,0
1195,531,-1,-1,4,0,0,0
1196,1195,750,-1,6,0,0,0
1197,616,-1,-1,4,0,0,0
1198,1197,-1,-1,4,0,0,0
1199,1198,962,-1,6,0,0,0
1200,628,-1,-1,4,0,0,0
1201,1200,889,-1,4,0,0,0
1202,773,-1,-1,4,0,0,0
1203,1202,752,-1,4,0,0,0
1204,147,-1,-1,4,0,0,0
1205,1204,-1,-1,4,0,0,0
1206,1205,987,-1,4,0,0,0
1207,36,-1,-1,4,0,0,0
1208,1207,-1,-1,4,0,0,0
1209,1208,910,-1,4,0,0,0
1210,472,-1,-1,4,0,0,0
1211,1210,785,-1,6,0,0,0
1212,142,-1,-1,4,0,0,0
1213,1212,791,-1,4,0,0,0
1214,0,-1,-1,4,0,0,0
1215,1214,-1,-1,4,0,0,0
1216,1215,890,-1,6,0,0,0
1217,94,-1,-1,4,0,0,0
1218,1217,-1,-1,4,0,0,0
1219,1218,865,-1,4,0,0,0
1220,44,-1,-1,4,0,0,0
1221,1220,-1,-1,4,0,0,0
1222,1221,956,-1,4,0,0,0
1223,556,-1,-1,4,0,0,0
1224,1223,808,-1,4,0,0,0
1225,72,-1,-1,4,0,0,0
1226,1225,-1,-1,4,0,0,0
1227,1226,810,-1,6,0,0,0
1228,35,-1,-1,4,0,0,0
1229,1228,-1,-1,4,0,0,0
1230,1229,862,-1,4,0,0,0
1231,953,846,-1,4,0,0,0
1232,912,987,-1,6,0,0,0
1233,456,-1,-1,4,0,0,0
1234,1233,-1,-1,4,0,0,0
1235,1234,1092,-1,6,0,0,0
1236,814,-1,-1,7,0,0,0
1237,1236,280,-1,2,0,0,0
1238,22,65,-1,2,0,0,0
1239,69,82,-1,4,0,0,0
1240,103,114,-1,6,0,0,0
1241,145,-1,-1,7,0,0,0
1242,1238,1239,-1,6,0,0,0
1243,1240,1241,-1,4,0,0,0
1244,257,497,-1,2,0,0,0
1245,278,579,-1,2,0,0,0
1246,572,354,-1,4,0,0,0
1247,819,820,-1,4,0,0,0
1248,1242,1243,-1,6,0,0,0
1249,1244,1245,-1,6,0,0,0
1250,1246,1247,-1,6,0,0,0
1251,329,752,-1,7,0,0,0
1252,446,1156,-1,2,0,0,0
1253,235,464,-1,2,0,0,0
1254,613,-1,-1,4,0,0,0
1255,1248,1249,-1,6,0,0,0
1256,1250,1251,-1,4,0,0,0
1257,1252,1253,-1,6,0,0,0
1258,1254,637,-1,6,0,0,0
1259,968,1045,-1,2,0,0,0
1260,1003,1114,-1,6,0,0,0
1261,1216,-1,-1,7,0,0,0
1262,1255,1256,-1,6,0,0,0
1263,1257,1258,-1,6,0,0,0
1264,1259,1260,-1,6,0,0,0
1265,1261,1211,-1,2,0,0,0
1266,1262,1263,-1,6,0,0,0
1267,1264,1265,-1,6,0,0,0
1268,1266,1267,-1,6,0,0,0
1269,814,-1,-1,4,0,0,0
1270,1269,822,-1,4,0,0,0
1271,823,-1,-1,7,0,0,0
1272,1271,999,-1,2,0,0,0
1273,266,824,-1,6,0,0,0
1274,12,58,-1,7,0,0,0
1275,67,87,-1,7,0,0,0
1276,110,133,-1,4,0,0,0
1277,188,-1,-1,4,0,0,0
1278,1274,1275,-1,7,0,0,0
1279,1276,1277,-1,6,0,0,0
1280,298,555,-1,4,0,0,0
1281,554,616,-1,6,0,0,0
1282,199,585,-1,2,0,0,0
1283,737,819,-1,7,0,0,0
1284,799,-1,-1,7,0,0,0
1285,1278,1279,-1,2,0,0,0
1286,1280,1281,-1,6,0,0,0
1287,1282,1283,-1,4,0,0,0
1288,1284,953,-1,7,0,0,0
1289,488,446,-1,7,0,0,0
1290,549,500,-1,7,0,0,0
1291,828,-1,-1,4,0,0,0
1292,1285,1286,-1,6,0,0,0
1293,1287,1288,-1,4,0,0,0
1294,1289,1290,-1,7,0,0,0
1295,1291,1237,-1,4,0,0,0
1296,1145,-1,-1,7,0,0,0
1297,1292,1293,-1,6,0,0,0
1298,1294,1295,-1,2,0,0,0
1299,1296,759,-1,7,0,0,0
1300,1297,1298,-1,6,0,0,0
1301,1299,-1,-1,7,0,0,0
1302,1300,1301,-1,4,0,0,0
1303,102,-1,-1,4,0,0,0
1304,1303,-1,-1,4,0,0,0
1305,1304,887,-1,4,0,0,0
1306,167,-1,-1,4,0,0,0
1307,1306,-1,-1,4,0,0,0
1308,1307,929,-1,4,0,0,0
1309,830,-1,-1,4,0,0,0
1310,1309,832,-1,4,0,0,0
1311,833,-1,-1,7,0,0,0
1312,1311,967,-1,2,0,0,0
1313,139,-1,-1,4,0,0,0
1314,1313,-1,-1,4,0,0,0
1315,1314,-1,-1,4,0,0,0
1316,1315,1222,-1,6,0,0,0
1317,579,-1,-1,4,0,0,0
1318,1317,896,-1,4,0,0,0
1319,751,840,-1,4,0,0,0
1320,0,-1,-1,4,0,0,0
1321,1320,-1,-1,4,0,0,0
1322,1321,846,-1,6,0,0,0
1323,202,-1,-1,4,0,0,0
1324,1323,848,-1,4,0,0,0
1325,2,-1,-1,4,0,0,0
1326,1325,-1,-1,4,0,0,0
1327,1326,850,-1,4,0,0,0
1328,63,-1,-1,4,0,0,0
1329,1328,-1,-1,4,0,0,0
1330,1329,852,-1,4,0,0,0
1331,92,-1,-1,4,0,0,0
1332,1331,-1,-1,4,0,0,0
1333,1332,856,-1,4,0,0,0
1334,170,-1,-1,4,0,0,0
1335,1334,-1,-1,4,0,0,0
1336,1335,858,-1,4,0,0,0
1337,215,-1,-1,4,0,0,0
1338,1337,862,-1,6,0,0,0
1339,865,866,-1,4,0,0,0
1340,873,875,-1,6,0,0,0
1341,112,-1,-1,4,0,0,0
1342,1341,-1,-1,4,0,0,0
1343,1342,878,-1,6,0,0,0
1344,157,-1,-1,4,0,0,0
1345,1344,-1,-1,4,0,0,0
1346,1345,880,-1,6,0,0,0
1347,242,-1,-1,7,0,0,0
1348,1347,882,-1,2,0,0,0
1349,243,-1,-1,4,0,0,0
1350,1349,883,-1,6,0,0,0
1351,260,-1,-1,4,0,0,0
1352,1351,895,-1,6,0,0,0
1353,898,-1,-1,4,0,0,0
1354,1353,1348,-1,6,0,0,0
1355,211,-1,-1,4,0,0,0
1356,1355,908,-1,4,0,0,0
1357,275,-1,-1,4,0,0,0
1358,1357,912,-1,6,0,0,0
1359,141,-1,-1,4,0,0,0
1360,1359,-1,-1,4,0,0,0
1361,1360,915,-1,6,0,0,0
1362,181,-1,-1,4,0,0,0
1363,1362,-1,-1,4,0,0,0
1364,1363,917,-1,6,0,0,0
1365,290,-1,-1,7,0,0,0
1366,1365,921,-1,2,0,0,0
1367,296,-1,-1,4,0,0,0
1368,1367,925,-1,6,0,0,0
1369,134,-1,-1,4,0,0,0
1370,1369,-1,-1,4,0,0,0
1371,1370,926,-1,4,0,0,0
1372,125,-1,-1,4,0,0,0
1373,1372,-1,-1,4,0,0,0
1374,1373,930,-1,4,0,0,0
1375,122,-1,-1,4,0,0,0
1376,1375,-1,-1,4,0,0,0
1377,1376,-1,-1,4,0,0,0
1378,1377,939,-1,4,0,0,0
1379,126,-1,-1,4,0,0,0
1380,1379,-1,-1,4,0,0,0
1381,1380,-1,-1,4,0,0,0
1382,1381,942,-1,4,0,0,0
1383,180,-1,-1,4,0,0,0
1384,1383,-1,-1,4,0,0,0
1385,1384,-1,-1,4,0,0,0
1386,1385,946,-1,4,0,0,0
1387,278,-1,-1,4,0,0,0
1388,1387,950,-1,4,0,0,0
1389,953,341,-1,4,0,0,0
1390,291,-1,-1,7,0,0,0
1391,1390,962,-1,2,0,0,0
1392,354,-1,-1,4,0,0,0
1393,1392,964,-1,6,0,0,0
1394,971,972,-1,4,0,0,0
1395,17,-1,-1,4,0,0,0
1396,1395,-1,-1,4,0,0,0
1397,1396,974,-1,6,0,0,0
1398,95,-1,-1,4,0,0,0
1399,1398,-1,-1,4,0,0,0
1400,1399,978,-1,6,0,0,0
1401,155,-1,-1,4,0,0,0
1402,1401,-1,-1,4,0,0,0
1403,1402,-1,-1,4,0,0,0
1404,1403,980,-1,6,0,0,0
1405,113,-1,-1,4,0,0,0
1406,1405,-1,-1,4,0,0,0
1407,1406,987,-1,4,0,0,0
1408,389,991,-1,4,0,0,0
1409,996,-1,-1,4,0,0,0
1410,1409,998,-1,6,0,0,0
1411,420,-1,-1,4,0,0,0
1412,1411,1012,-1,6,0,0,0
1413,437,-1,-1,4,0,0,0
1414,1413,1015,-1,4,0,0,0
1415,453,-1,-1,4,0,0,0
1416,1415,-1,-1,4,0,0,0
1417,1416,-1,-1,4,0,0,0
1418,1417,1027,-1,6,0,0,0
1419,45,-1,-1,4,0,0,0
1420,1419,-1,-1,4,0,0,0
1421,1420,-1,-1,4,0,0,0
1422,1421,1032,-1,4,0,0,0
1423,203,-1,-1,4,0,0,0
1424,1423,-1,-1,4,0,0,0
1425,1424,1352,-1,4,0,0,0
1426,410,-1,-1,4,0,0,0
1427,1426,-1,-1,4,0,0,0
1428,1427,1038,-1,6,0,0,0
1429,479,-1,-1,7,0,0,0
1430,1429,-1,-1,7,0,0,0
1431,1430,1045,-1,2,0,0,0
1432,306,-1,-1,4,0,0,0
1433,1432,1050,-1,6,0,0,0
1434,18,24,-1,6,0,0,0
1435,115,-1,-1,4,0,0,0
1436,1434,1435,-1,6,0,0,0
1437,214,203,-1,7,0,0,0
1438,231,257,-1,4,0,0,0
1439,314,269,-1,6,0,0,0
1440,254,491,-1,6,0,0,0
1441,430,-1,-1,7,0,0,0
1442,1436,1437,-1,4,0,0,0
1443,1438,1439,-1,6,0,0,0
1444,1440,1441,-1,4,0,0,0
1445,468,488,-1,2,0,0,0
1446,852,490,-1,2,0,0,0
1447,900,496,-1,4,0,0,0
1448,1055,502,-1,2,0,0,0
1449,1442,1443,-1,6,0,0,0
1450,1444,1445,-1,6,0,0,0
1451,1446,1447,-1,6,0,0,0
1452,1448,1057,-1,6,0,0,0
1453,1059,-1,-1,4,0,0,0
1454,1449,1450,-1,6,0,0,0
1455,1451,1452,-1,6,0,0,0
1456,1453,1053,-1,6,0,0,0
1457,1454,1455,-1,6,0,0,0
1458,1456,-1,-1,4,0,0,0
1459,1457,1458,-1,6,0,0,0
1460,526,-1,-1,7,0,0,0
1461,1460,1071,-1,2,0,0,0
1462,146,-1,-1,4,0,0,0
1463,1462,-1,-1,4,0,0,0
1464,1463,1079,-1,4,0,0,0
1465,535,-1,-1,7,0,0,0
1466,1465,-1,-1,7,0,0,0
1467,1466,1361,-1,2,0,0,0
1468,539,1086,-1,4,0,0,0
1469,1096,-1,-1,4,0,0,0
1470,1469,1097,-1,6,0,0,0
1471,1106,-1,-1,7,0,0,0
1472,1471,1105,-1,2,0,0,0
1473,93,-1,-1,4,0,0,0
1474,1473,-1,-1,4,0,0,0
1475,1474,-1,-1,4,0,0,0
1476,1475,1119,-1,4,0,0,0
1477,249,-1,-1,4,0,0,0
1478,1477,-1,-1,4,0,0,0
1479,1478,1322,-1,4,0,0,0
1480,413,-1,-1,4,0,0,0
1481,1480,1124,-1,6,0,0,0
1482,289,-1,-1,4,0,0,0
1483,1482,-1,-1,4,0,0,0
1484,1483,1127,-1,4,0,0,0
1485,165,-1,-1,4,0,0,0
1486,1485,-1,-1,4,0,0,0
1487,1486,-1,-1,4,0,0,0
1488,1487,1129,-1,6,0,0,0
1489,44,178,-1,7,0,0,0
1490,183,-1,-1,7,0,0,0
1491,1489,1490,-1,7,0,0,0
1492,192,246,-1,4,0,0,0
1493,615,616,-1,7,0,0,0
1494,1491,1492,-1,2,0,0,0
1495,1493,898,-1,2,0,0,0
1496,490,618,-1,7,0,0,0
1497,1133,621,-1,4,0,0,0
1498,519,1100,-1,7,0,0,0
1499,622,1134,-1,7,0,0,0
1500,1034,626,-1,4,0,0,0
1501,1494,1495,-1,6,0,0,0
1502,1496,1497,-1,2,0,0,0
1503,1498,1499,-1,7,0,0,0
1504,1500,1041,-1,4,0,0,0
1505,1136,1121,-1,4,0,0,0
1506,1343,-1,-1,7,0,0,0
1507,1501,1502,-1,6,0,0,0
1508,1503,1504,-1,2,0,0,0
1509,1505,1506,-1,4,0,0,0
1510,1507,1508,-1,6,0,0,0
1511,1509,-1,-1,4,0,0,0
1512,1510,1511,-1,6,0,0,0
1513,108,131,-1,6,0,0,0
1514,1513,212,-1,4,0,0,0
1515,497,418,-1,4,0,0,0
1516,627,246,-1,6,0,0,0
1517,254,470,-1,2,0,0,0
1518,631,-1,-1,4,0,0,0
1519,1514,1515,-1,6,0,0,0
1520,1516,1517,-1,6,0,0,0
1521,1518,406,-1,6,0,0,0
1522,848,1138,-1,6,0,0,0
1523,424,387,-1,4,0,0,0
1524,630,1139,-1,2,0,0,0
1525,1143,-1,-1,4,0,0,0
1526,1519,1520,-1,6,0,0,0
1527,1521,1522,-1,6,0,0,0
1528,1523,1524,-1,6,0,0,0
1529,1525,1348,-1,6,0,0,0
1530,1105,958,-1,7,0,0,0
1531,1141,1145,-1,6,0,0,0
1532,1088,-1,-1,4,0,0,0
1533,1526,1527,-1,6,0,0,0
1534,1528,1529,-1,6,0,0,0
1535,1530,1531,-1,2,0,0,0
1536,1532,-1,-1,4,0,0,0
1537,1533,1534,-1,6,0,0,0
1538,1535,1536,-1,6,0,0,0
1539,1537,1538,-1,6,0,0,0
1540,9,21,-1,7,0,0,0
1541,177,-1,-1,7,0,0,0
1542,1540,1541,-1,7,0,0,0
1543,345,390,-1,6,0,0,0
1544,532,535,-1,2,0,0,0
1545,640,643,-1,7,0,0,0
1546,1542,1543,-1,2,0,0,0
1547,1544,1545,-1,4,0,0,0
1548,280,926,-1,4,0,0,0
1549,412,996,-1,4,0,0,0
1550,847,639,-1,4,0,0,0
1551,562,618,-1,4,0,0,0
1552,642,1081,-1,7,0,0,0
1553,1093,647,-1,6,0,0,0
1554,648,-1,-1,7,0,0,0
1555,1546,1547,-1,6,0,0,0
1556,1548,1549,-1,6,0,0,0
1557,1550,1551,-1,6,0,0,0
1558,1552,1553,-1,2,0,0,0
1559,1554,637,-1,2,0,0,0
1560,1150,649,-1,2,0,0,0
1561,1555,1556,-1,6,0,0,0
1562,1557,1558,-1,6,0,0,0
1563,1559,1560,-1,6,0,0,0
1564,1147,-1,-1,4,0,0,0
1565,1561,1562,-1,6,0,0,0
1566,1563,1564,-1,6,0,0,0
1567,1565,1566,-1,6,0,0,0
1568,1156,-1,-1,4,0,0,0
1569,1568,1159,-1,6,0,0,0
1570,125,-1,-1,4,0,0,0
1571,1570,454,-1,4,0,0,0
1572,662,256,-1,6,0,0,0
1573,563,-1,-1,7,0,0,0
1574,1571,1572,-1,6,0,0,0
1575,1573,329,-1,2,0,0,0
1576,1015,664,-1,6,0,0,0
1577,1160,670,-1,2,0,0,0
1578,673,622,-1,4,0,0,0
1579,1162,1122,-1,4,0,0,0
1580,1574,1575,-1,6,0,0,0
1581,1576,1577,-1,6,0,0,0
1582,1578,1579,-1,6,0,0,0
1583,668,672,-1,2,0,0,0
1584,1006,1164,-1,2,0,0,0
1585,1166,-1,-1,7,0,0,0
1586,1580,1581,-1,6,0,0,0
1587,1582,1583,-1,6,0,0,0
1588,1584,1585,-1,4,0,0,0
1589,1586,1587,-1,6,0,0,0
1590,1588,-1,-1,4,0,0,0
1591,1589,1590,-1,6,0,0,0
1592,10,-1,-1,4,0,0,0
1593,1592,-1,-1,4,0,0,0
1594,1593,-1,-1,4,0,0,0
1595,1594,1400,-1,4,0,0,0
1596,18,19,-1,7,0,0,0
1597,40,41,-1,2,0,0,0
1598,48,112,-1,6,0,0,0
1599,152,-1,-1,7,0,0,0
1600,1596,1597,-1,2,0,0,0
1601,1598,1599,-1,4,0,0,0
1602,531,615,-1,2,0,0,0
1603,1600,1601,-1,6,0,0,0
1604,1602,406,-1,4,0,0,0
1605,844,883,-1,4,0,0,0
1606,653,609,-1,7,0,0,0
1607,1064,697,-1,7,0,0,0
1608,1047,-1,-1,7,0,0,0
1609,1603,1604,-1,6,0,0,0
1610,1605,1606,-1,4,0,0,0
1611,1607,1608,-1,7,0,0,0
1612,1178,691,-1,6,0,0,0
1613,1609,1610,-1,6,0,0,0
1614,1611,1612,-1,2,0,0,0
1615,1422,1425,-1,4,0,0,0
1616,1103,1180,-1,2,0,0,0
1617,1613,1614,-1,6,0,0,0
1618,1615,1616,-1,6,0,0,0
1619,1617,1618,-1,6,0,0,0
1620,137,-1,-1,4,0,0,0
1621,1620,-1,-1,4,0,0,0
1622,1621,-1,-1,4,0,0,0
1623,1622,1324,-1,4,0,0,0
1624,30,61,-1,2,0,0,0
1625,104,182,-1,2,0,0,0
1626,1624,1625,-1,6,0,0,0
1627,370,527,-1,4,0,0,0
1628,337,715,-1,7,0,0,0
1629,716,238,-1,7,0,0,0
1630,1626,1627,-1,6,0,0,0
1631,1628,1629,-1,7,0,0,0
1632,378,889,-1,6,0,0,0
1633,427,618,-1,2,0,0,0
1634,714,630,-1,2,0,0,0
1635,352,1153,-1,4,0,0,0
1636,465,994,-1,2,0,0,0
1637,1630,1631,-1,4,0,0,0
1638,1632,1633,-1,6,0,0,0
1639,1634,1635,-1,6,0,0,0
1640,1636,1464,-1,6,0,0,0
1641,719,1394,-1,2,0,0,0
1642,1186,-1,-1,7,0,0,0
1643,1637,1638,-1,6,0,0,0
1644,1639,1640,-1,6,0,0,0
1645,1641,1642,-1,4,0,0,0
1646,1595,-1,-1,7,0,0,0
1647,1643,1644,-1,6,0,0,0
1648,1645,1646,-1,4,0,0,0
1649,1647,1648,-1,6,0,0,0
1650,16,41,-1,4,0,0,0
1651,46,63,-1,6,0,0,0
1652,78,-1,-1,7,0,0,0
1653,1650,1651,-1,6,0,0,0
1654,1652,231,-1,7,0,0,0
1655,224,393,-1,6,0,0,0
1656,560,722,-1,4,0,0,0
1657,470,310,-1,4,0,0,0
1658,725,591,-1,6,0,0,0
1659,726,-1,-1,4,0,0,0
1660,1653,1654,-1,4,0,0,0
1661,1655,1656,-1,6,0,0,0
1662,1657,1658,-1,6,0,0,0
1663,1659,912,-1,6,0,0,0
1664,724,647,-1,2,0,0,0
1665,1660,1661,-1,6,0,0,0
1666,1662,1663,-1,6,0,0,0
1667,1664,1141,-1,4,0,0,0
1668,709,-1,-1,7,0,0,0
1669,1665,1666,-1,6,0,0,0
1670,1667,1668,-1,4,0,0,0
1671,1382,-1,-1,4,0,0,0
1672,1669,1670,-1,6,0,0,0
1673,1671,-1,-1,4,0,0,0
1674,1672,1673,-1,6,0,0,0
1675,50,87,-1,2,0,0,0
1676,95,106,-1,2,0,0,0
1677,117,126,-1,4,0,0,0
1678,1675,1676,-1,6,0,0,0
1679,1677,332,-1,4,0,0,0
1680,727,584,-1,2,0,0,0
1681,233,-1,-1,4,0,0,0
1682,1678,1679,-1,6,0,0,0
1683,1680,1681,-1,6,0,0,0
1684,1029,286,-1,4,0,0,0
1685,1188,730,-1,4,0,0,0
1686,702,731,-1,2,0,0,0
1687,1682,1683,-1,6,0,0,0
1688,1684,1685,-1,6,0,0,0
1689,1686,611,-1,6,0,0,0
1690,1021,1388,-1,4,0,0,0
1691,732,735,-1,4,0,0,0
1692,736,1190,-1,4,0,0,0
1693,1687,1688,-1,6,0,0,0
1694,1689,1690,-1,6,0,0,0
1695,1691,1692,-1,6,0,0,0
1696,1693,1694,-1,6,0,0,0
1697,1695,-1,-1,4,0,0,0
1698,1696,1697,-1,6,0,0,0
1699,744,1193,-1,6,0,0,0
1700,31,142,-1,6,0,0,0
1701,150,-1,-1,4,0,0,0
1702,1700,1701,-1,6,0,0,0
1703,259,302,-1,7,0,0,0
1704,409,745,-1,4,0,0,0
1705,379,746,-1,2,0,0,0
1706,1702,1703,-1,4,0,0,0
1707,1704,1705,-1,6,0,0,0
1708,656,496,-1,7,0,0,0
1709,673,450,-1,2,0,0,0
1710,626,-1,-1,7,0,0,0
1711,1706,1707,-1,6,0,0,0
1712,1708,1709,-1,2,0,0,0
1713,1710,1032,-1,2,0,0,0
1714,989,1366,-1,6,0,0,0
1715,1194,736,-1,2,0,0,0
1716,1196,-1,-1,4,0,0,0
1717,1711,1712,-1,6,0,0,0
1718,1713,1714,-1,6,0,0,0
1719,1715,1716,-1,6,0,0,0
1720,1467,1431,-1,4,0,0,0
1721,1717,1718,-1,6,0,0,0
1722,1719,1720,-1,6,0,0,0
1723,1721,1722,-1,6,0,0,0
1724,140,143,-1,2,0,0,0
1725,153,179,-1,4,0,0,0
1726,1724,1725,-1,6,0,0,0
1727,239,346,-1,4,0,0,0
1728,418,658,-1,4,0,0,0
1729,727,272,-1,4,0,0,0
1730,751,-1,-1,7,0,0,0
1731,1726,1727,-1,6,0,0,0
1732,1728,1729,-1,6,0,0,0
1733,1730,604,-1,2,0,0,0
1734,333,1025,-1,4,0,0,0
1735,1731,1732,-1,6,0,0,0
1736,1733,1734,-1,6,0,0,0
1737,1735,1736,-1,6,0,0,0
1738,1199,1569,-1,7,0,0,0
1739,1737,1738,-1,4,0,0,0
1740,1418,-1,-1,4,0,0,0
1741,1739,1740,-1,6,0,0,0
1742,755,-1,-1,4,0,0,0
1743,1742,1201,-1,4,0,0,0
1744,0,5,-1,7,0,0,0
1745,47,63,-1,4,0,0,0
1746,1744,1745,-1,2,0,0,0
1747,258,243,-1,6,0,0,0
1748,210,249,-1,4,0,0,0
1749,298,344,-1,2,0,0,0
1750,520,408,-1,7,0,0,0
1751,760,586,-1,7,0,0,0
1752,473,-1,-1,4,0,0,0
1753,1746,1747,-1,6,0,0,0
1754,1748,1749,-1,6,0,0,0
1755,1750,1751,-1,7,0,0,0
1756,1752,1073,-1,6,0,0,0
1757,581,318,-1,2,0,0,0
1758,639,762,-1,6,0,0,0
1759,764,574,-1,4,0,0,0
1760,1753,1754,-1,6,0,0,0
1761,1755,1756,-1,2,0,0,0
1762,1757,1758,-1,6,0,0,0
1763,1759,998,-1,4,0,0,0
1764,1407,767,-1,6,0,0,0
1765,1169,993,-1,7,0,0,0
1766,1397,-1,-1,7,0,0,0
1767,1760,1761,-1,6,0,0,0
1768,1762,1763,-1,6,0,0,0
1769,1764,1765,-1,4,0,0,0
1770,1766,-1,-1,7,0,0,0
1771,1767,1768,-1,6,0,0,0
1772,1769,1770,-1,4,0,0,0
1773,1771,1772,-1,6,0,0,0
1774,921,-1,-1,4,0,0,0
1775,1774,1206,-1,6,0,0,0
1776,1209,-1,-1,7,0,0,0
1777,1776,1404,-1,2,0,0,0
1778,80,109,-1,2,0,0,0
1779,143,185,-1,7,0,0,0
1780,191,-1,-1,7,0,0,0
1781,1778,1779,-1,4,0,0,0
1782,1780,342,-1,2,0,0,0
1783,252,540,-1,7,0,0,0
1784,401,665,-1,2,0,0,0
1785,428,746,-1,2,0,0,0
1786,313,-1,-1,4,0,0,0
1787,1781,1782,-1,6,0,0,0
1788,1783,1784,-1,2,0,0,0
1789,1785,1786,-1,6,0,0,0
1790,542,1138,-1,7,0,0,0
1791,664,892,-1,4,0,0,0
1792,780,1023,-1,7,0,0,0
1793,502,-1,-1,7,0,0,0
1794,1787,1788,-1,6,0,0,0
1795,1789,1790,-1,4,0,0,0
1796,1791,1792,-1,4,0,0,0
1797,1793,968,-1,7,0,0,0
1798,1190,-1,-1,7,0,0,0
1799,1794,1795,-1,6,0,0,0
1800,1796,1797,-1,4,0,0,0
1801,1798,1211,-1,7,0,0,0
1802,1799,1800,-1,6,0,0,0
1803,1801,-1,-1,7,0,0,0
1804,1802,1803,-1,4,0,0,0
1805,6,36,-1,7,0,0,0
1806,40,91,-1,7,0,0,0
1807,122,-1,-1,4,0,0,0
1808,1805,1806,-1,7,0,0,0
1809,1807,205,-1,4,0,0,0
1810,299,219,-1,7,0,0,0
1811,679,788,-1,2,0,0,0
1812,1808,1809,-1,2,0,0,0
1813,1810,1811,-1,2,0,0,0
1814,478,510,-1,6,0,0,0
1815,753,639,-1,2,0,0,0
1816,325,1063,-1,7,0,0,0
1817,787,1033,-1,7,0,0,0
1818,789,-1,-1,4,0,0,0
1819,1812,1813,-1,6,0,0,0
1820,1814,1815,-1,6,0,0,0
1821,1816,1817,-1,7,0,0,0
1822,1818,598,-1,6,0,0,0
1823,1414,924,-1,4,0,0,0
1824,1819,1820,-1,6,0,0,0
1825,1821,1822,-1,2,0,0,0
1826,1823,1699,-1,4,0,0,0
1827,1824,1825,-1,6,0,0,0
1828,1826,-1,-1,4,0,0,0
1829,1827,1828,-1,6,0,0,0
1830,37,49,-1,2,0,0,0
1831,81,118,-1,4,0,0,0
1832,154,169,-1,7,0,0,0
1833,1830,1831,-1,6,0,0,0
1834,1832,397,-1,7,0,0,0
1835,421,454,-1,4,0,0,0
1836,728,355,-1,4,0,0,0
1837,213,437,-1,4,0,0,0
1838,395,658,-1,4,0,0,0
1839,480,790,-1,6,0,0,0
1840,1833,1834,-1,4,0,0,0
1841,1835,1836,-1,6,0,0,0
1842,1837,1838,-1,6,0,0,0
1843,1839,1138,-1,4,0,0,0
1844,902,1213,-1,6,0,0,0
1845,1143,793,-1,6,0,0,0
1846,1840,1841,-1,6,0,0,0
1847,1842,1843,-1,6,0,0,0
1848,1844,1845,-1,6,0,0,0
1849,719,1066,-1,6,0,0,0
1850,732,1216,-1,2,0,0,0
1851,1846,1847,-1,6,0,0,0
1852,1848,1849,-1,6,0,0,0
1853,1850,-1,-1,4,0,0,0
1854,1851,1852,-1,6,0,0,0
1855,1853,-1,-1,4,0,0,0
1856,1854,1855,-1,6,0,0,0
1857,59,79,-1,7,0,0,0
1858,96,98,-1,6,0,0,0
1859,103,132,-1,7,0,0,0
1860,153,160,-1,6,0,0,0
1861,177,-1,-1,4,0,0,0
1862,1857,1858,-1,2,0,0,0
1863,1859,1860,-1,2,0,0,0
1864,1861,231,-1,6,0,0,0
1865,440,202,-1,7,0,0,0
1866,296,554,-1,2,0,0,0
1867,674,311,-1,4,0,0,0
1868,1862,1863,-1,6,0,0,0
1869,1864,1865,-1,4,0,0,0
1870,1866,1867,-1,6,0,0,0
1871,336,893,-1,4,0,0,0
1872,730,805,-1,7,0,0,0
1873,801,1154,-1,2,0,0,0
1874,789,-1,-1,4,0,0,0
1875,1868,1869,-1,6,0,0,0
1876,1870,1871,-1,6,0,0,0
1877,1872,1873,-1,2,0,0,0
1878,1874,1222,-1,6,0,0,0
1879,1178,804,-1,2,0,0,0
1880,1136,1227,-1,4,0,0,0
1881,1875,1876,-1,6,0,0,0
1882,1877,1878,-1,6,0,0,0
1883,1879,1880,-1,6,0,0,0
1884,1224,-1,-1,7,0,0,0
1885,1881,1882,-1,6,0,0,0
1886,1883,1884,-1,4,0,0,0
1887,1885,1886,-1,6,0,0,0
1888,103,108,-1,4,0,0,0
1889,141,166,-1,7,0,0,0
1890,171,-1,-1,4,0,0,0
1891,1888,1889,-1,4,0,0,0
1892,1890,270,-1,4,0,0,0
1893,346,204,-1,6,0,0,0
1894,251,560,-1,7,0,0,0
1895,662,774,-1,7,0,0,0
1896,812,813,-1,7,0,0,0
1897,350,564,-1,2,0,0,0
1898,771,-1,-1,4,0,0,0
1899,1891,1892,-1,6,0,0,0
1900,1893,1894,-1,4,0,0,0
1901,1895,1896,-1,7,0,0,0
1902,1897,1898,-1,6,0,0,0
1903,488,505,-1,7,0,0,0
1904,534,847,-1,6,0,0,0
1905,614,793,-1,7,0,0,0
1906,1899,1900,-1,6,0,0,0
1907,1901,1902,-1,2,0,0,0
1908,1903,1904,-1,2,0,0,0
1909,1905,1129,-1,7,0,0,0
1910,1230,1219,-1,7,0,0,0
1911,1350,1232,-1,7,0,0,0
1912,711,1186,-1,2,0,0,0
1913,1164,-1,-1,4,0,0,0
1914,1906,1907,-1,6,0,0,0
1915,1908,1909,-1,4,0,0,0
1916,1910,1911,-1,7,0,0,0
1917,1912,1913,-1,6,0,0,0
1918,1914,1915,-1,6,0,0,0
1919,1916,1917,-1,2,0,0,0
1920,1235,-1,-1,7,0,0,0
1921,1918,1919,-1,6,0,0,0
1922,1920,-1,-1,7,0,0,0
1923,1921,1922,-1,4,0,0,0
1924,141,150,-1,4,0,0,0
1925,175,190,-1,7,0,0,0
1926,1924,1925,-1,4,0,0,0
1927,240,300,-1,2,0,0,0
1928,261,460,-1,4,0,0,0
1929,442,520,-1,4,0,0,0
1930,726,-1,-1,4,0,0,0
1931,1926,1927,-1,6,0,0,0
1932,1928,1929,-1,6,0,0,0
1933,1930,625,-1,4,0,0,0
1934,331,1079,-1,2,0,0,0
1935,866,724,-1,2,0,0,0
1936,1273,1111,-1,2,0,0,0
1937,1016,-1,-1,4,0,0,0
1938,1931,1932,-1,6,0,0,0
1939,1933,1934,-1,6,0,0,0
1940,1935,1936,-1,6,0,0,0
1941,1937,744,-1,4,0,0,0
1942,1270,1272,-1,7,0,0,0
1943,1938,1939,-1,6,0,0,0
1944,1940,1941,-1,6,0,0,0
1945,1942,796,-1,2,0,0,0
1946,1428,-1,-1,4,0,0,0
1947,1943,1944,-1,6,0,0,0
1948,1945,1946,-1,6,0,0,0
1949,1947,1948,-1,6,0,0,0
1950,4,52,-1,7,0,0,0
1951,65,146,-1,2,0,0,0
1952,147,-1,-1,4,0,0,0
1953,1950,1951,-1,2,0,0,0
1954,1952,239,-1,6,0,0,0
1955,345,220,-1,4,0,0,0
1956,367,319,-1,6,0,0,0
1957,728,584,-1,7,0,0,0
1958,315,811,-1,7,0,0,0
1959,815,474,-1,2,0,0,0
1960,1953,1954,-1,6,0,0,0
1961,1955,1956,-1,6,0,0,0
1962,1957,1958,-1,7,0,0,0
1963,1959,1073,-1,4,0,0,0
1964,826,664,-1,6,0,0,0
1965,427,828,-1,6,0,0,0
1966,682,963,-1,7,0,0,0
1967,1960,1961,-1,6,0,0,0
1968,1962,1963,-1,2,0,0,0
1969,1964,1965,-1,6,0,0,0
1970,1966,598,-1,7,0,0,0
1971,798,1232,-1,2,0,0,0
1972,976,1196,-1,7,0,0,0
1973,1967,1968,-1,6,0,0,0
1974,1969,1970,-1,4,0,0,0
1975,1971,1972,-1,4,0,0,0
1976,1743,1488,-1,4,0,0,0
1977,1973,1974,-1,6,0,0,0
1978,1975,1976,-1,6,0,0,0
1979,1977,1978,-1,6,0,0,0
1980,24,32,-1,7,0,0,0
1981,49,66,-1,7,0,0,0
1982,153,-1,-1,7,0,0,0
1983,1980,1981,-1,7,0,0,0
1984,1982,265,-1,7,0,0,0
1985,768,541,-1,7,0,0,0
1986,429,829,-1,4,0,0,0
1987,431,-1,-1,4,0,0,0
1988,1983,1984,-1,7,0,0,0
1989,1985,1986,-1,2,0,0,0
1990,1987,914,-1,4,0,0,0
1991,1050,515,-1,2,0,0,0
1992,612,452,-1,7,0,0,0
1993,712,-1,-1,7,0,0,0
1994,1988,1989,-1,2,0,0,0
1995,1990,1991,-1,6,0,0,0
1996,1992,1993,-1,7,0,0,0
1997,767,366,-1,4,0,0,0
1998,1270,-1,-1,7,0,0,0
1999,1994,1995,-1,6,0,0,0
2000,1996,1997,-1,2,0,0,0
2001,1998,782,-1,7,0,0,0
2002,1412,-1,-1,4,0,0,0
2003,1999,2000,-1,6,0,0,0
2004,2001,2002,-1,2,0,0,0
2005,1235,-1,-1,7,0,0,0
2006,2003,2004,-1,6,0,0,0
2007,2005,-1,-1,7,0,0,0
2008,2006,2007,-1,4,0,0,0
2009,49,68,-1,6,0,0,0
2010,75,-1,-1,4,0,0,0
2011,2009,2010,-1,6,0,0,0
2012,281,565,-1,6,0,0,0
2013,683,812,-1,7,0,0,0
2014,229,745,-1,6,0,0,0
2015,2011,2012,-1,6,0,0,0
2016,2013,2014,-1,2,0,0,0
2017,903,-1,-1,4,0,0,0
2018,2015,2016,-1,6,0,0,0
2019,2017,1127,-1,4,0,0,0
2020,1305,1368,-1,6,0,0,0
2021,649,-1,-1,4,0,0,0
2022,2018,2019,-1,6,0,0,0
2023,2020,2021,-1,6,0,0,0
2024,1053,1224,-1,6,0,0,0
2025,1472,1775,-1,2,0,0,0
2026,2022,2023,-1,6,0,0,0
2027,2024,2025,-1,6,0,0,0
2028,1777,-1,-1,4,0,0,0
2029,2026,2027,-1,6,0,0,0
2030,2028,-1,-1,4,0,0,0
2031,2029,2030,-1,6,0,0,0
2032,75,170,-1,6,0,0,0
2033,2032,241,-1,6,0,0,0
2034,216,208,-1,6,0,0,0
2035,355,599,-1,2,0,0,0
2036,401,326,-1,4,0,0,0
2037,640,312,-1,2,0,0,0
2038,820,-1,-1,4,0,0,0
2039,2033,2034,-1,6,0,0,0
2040,2035,2036,-1,6,0,0,0
2041,2037,2038,-1,6,0,0,0
2042,927,583,-1,6,0,0,0
2043,826,604,-1,2,0,0,0
2044,822,770,-1,6,0,0,0
2045,2039,2040,-1,6,0,0,0
2046,2041,2042,-1,6,0,0,0
2047,2043,2044,-1,6,0,0,0
2048,1371,1308,-1,7,0,0,0
2049,804,1057,-1,6,0,0,0
2050,1310,1227,-1,6,0,0,0
2051,885,1048,-1,7,0,0,0
2052,2045,2046,-1,6,0,0,0
2053,2047,2048,-1,4,0,0,0
2054,2049,2050,-1,6,0,0,0
2055,2051,1312,-1,2,0,0,0
2056,1316,-1,-1,4,0,0,0
2057,2052,2053,-1,6,0,0,0
2058,2054,2055,-1,6,0,0,0
2059,2056,-1,-1,4,0,0,0
2060,2057,2058,-1,6,0,0,0
2061,2059,-1,-1,4,0,0,0
2062,2060,2061,-1,6,0,0,0
2063,23,-1,-1,7,0,0,0
2064,2063,257,-1,2,0,0,0
2065,224,298,-1,4,0,0,0
2066,659,451,-1,6,0,0,0
2067,320,594,-1,6,0,0,0
2068,358,835,-1,6,0,0,0
2069,2064,2065,-1,6,0,0,0
2070,2066,2067,-1,6,0,0,0
2071,2068,869,-1,6,0,0,0
2072,848,1073,-1,4,0,0,0
2073,858,348,-1,6,0,0,0
2074,952,286,-1,6,0,0,0
2075,1160,1133,-1,2,0,0,0
2076,2069,2070,-1,6,0,0,0
2077,2071,2072,-1,6,0,0,0
2078,2073,2074,-1,6,0,0,0
2079,2075,1333,-1,6,0,0,0
2080,691,1408,-1,4,0,0,0
2081,1272,-1,-1,4,0,0,0
2082,2076,2077,-1,6,0,0,0
2083,2078,2079,-1,6,0,0,0
2084,2080,2081,-1,6,0,0,0
2085,2082,2083,-1,6,0,0,0
2086,2084,-1,-1,4,0,0,0
2087,2085,2086,-1,6,0,0,0
2088,91,101,-1,7,0,0,0
2089,102,148,-1,4,0,0,0
2090,151,180,-1,7,0,0,0
2091,2088,2089,-1,2,0,0,0
2092,2090,242,-1,2,0,0,0
2093,227,215,-1,7,0,0,0
2094,681,308,-1,7,0,0,0
2095,745,512,-1,2,0,0,0
2096,715,716,-1,4,0,0,0
2097,328,-1,-1,4,0,0,0
2098,2091,2092,-1,6,0,0,0
2099,2093,2094,-1,7,0,0,0
2100,2095,2096,-1,6,0,0,0
2101,2097,372,-1,6,0,0,0
2102,404,1017,-1,6,0,0,0
2103,731,805,-1,7,0,0,0
2104,2098,2099,-1,4,0,0,0
2105,2100,2101,-1,6,0,0,0
2106,2102,2103,-1,4,0,0,0
2107,1310,1481,-1,7,0,0,0
2108,2104,2105,-1,6,0,0,0
2109,2106,2107,-1,4,0,0,0
2110,1172,1391,-1,2,0,0,0
2111,1180,839,-1,6,0,0,0
2112,2108,2109,-1,6,0,0,0
2113,2110,2111,-1,6,0,0,0
2114,2112,2113,-1,6,0,0,0
2115,31,138,-1,2,0,0,0
2116,181,183,-1,2,0,0,0
2117,184,-1,-1,7,0,0,0
2118,2115,2116,-1,6,0,0,0
2119,2117,383,-1,2,0,0,0
2120,568,520,-1,4,0,0,0
2121,222,632,-1,4,0,0,0
2122,812,788,-1,2,0,0,0
2123,2118,2119,-1,6,0,0,0
2124,2120,2121,-1,6,0,0,0
2125,2122,895,-1,6,0,0,0
2126,389,1098,-1,6,0,0,0
2127,424,714,-1,6,0,0,0
2128,1188,1181,-1,7,0,0,0
2129,1035,-1,-1,4,0,0,0
2130,2123,2124,-1,6,0,0,0
2131,2125,2126,-1,6,0,0,0
2132,2127,2128,-1,4,0,0,0
2133,2129,577,-1,6,0,0,0
2134,1305,1231,-1,2,0,0,0
2135,1318,1194,-1,4,0,0,0
2136,1010,-1,-1,7,0,0,0
2137,2130,2131,-1,6,0,0,0
2138,2132,2133,-1,6,0,0,0
2139,2134,2135,-1,6,0,0,0
2140,2136,1312,-1,2,0,0,0
2141,2137,2138,-1,6,0,0,0
2142,2139,2140,-1,6,0,0,0
2143,2141,2142,-1,6,0,0,0
2144,38,78,-1,7,0,0,0
2145,108,133,-1,6,0,0,0
2146,158,-1,-1,4,0,0,0
2147,2144,2145,-1,2,0,0,0
2148,2146,195,-1,4,0,0,0
2149,265,261,-1,7,0,0,0
2150,728,343,-1,4,0,0,0
2151,727,256,-1,7,0,0,0
2152,309,-1,-1,7,0,0,0
2153,2147,2148,-1,6,0,0,0
2154,2149,2150,-1,2,0,0,0
2155,2151,2152,-1,7,0,0,0
2156,472,404,-1,6,0,0,0
2157,999,590,-1,2,0,0,0
2158,549,1213,-1,7,0,0,0
2159,567,704,-1,2,0,0,0
2160,904,1273,-1,4,0,0,0
2161,2153,2154,-1,6,0,0,0
2162,2155,2156,-1,2,0,0,0
2163,2157,2158,-1,4,0,0,0
2164,2159,2160,-1,6,0,0,0
2165,983,1336,-1,7,0,0,0
2166,1318,1059,-1,4,0,0,0
2167,2161,2162,-1,6,0,0,0
2168,2163,2164,-1,6,0,0,0
2169,2165,2166,-1,2,0,0,0
2170,2167,2168,-1,6,0,0,0
2171,2169,-1,-1,4,0,0,0
2172,2170,2171,-1,6,0,0,0
2173,4,45,-1,4,0,0,0
2174,135,-1,-1,4,0,0,0
2175,2173,2174,-1,6,0,0,0
2176,200,376,-1,6,0,0,0
2177,334,594,-1,7,0,0,0
2178,674,683,-1,2,0,0,0
2179,760,830,-1,2,0,0,0
2180,308,428,-1,2,0,0,0
2181,631,-1,-1,7,0,0,0
2182,2175,2176,-1,6,0,0,0
2183,2177,2178,-1,2,0,0,0
2184,2179,2180,-1,6,0,0,0
2185,2181,880,-1,7,0,0,0
2186,871,456,-1,4,0,0,0
2187,348,295,-1,4,0,0,0
2188,1055,1319,-1,7,0,0,0
2189,593,-1,-1,4,0,0,0
2190,2182,2183,-1,6,0,0,0
2191,2184,2185,-1,4,0,0,0
2192,2186,2187,-1,6,0,0,0
2193,2188,2189,-1,2,0,0,0
2194,962,1203,-1,2,0,0,0
2195,2190,2191,-1,6,0,0,0
2196,2192,2193,-1,6,0,0,0
2197,2194,1623,-1,6,0,0,0
2198,1461,-1,-1,7,0,0,0
2199,2195,2196,-1,6,0,0,0
2200,2197,2198,-1,4,0,0,0
2201,2199,2200,-1,6,0,0,0
2202,75,173,-1,7,0,0,0
2203,178,-1,-1,4,0,0,0
2204,2202,2203,-1,2,0,0,0
2205,421,221,-1,7,0,0,0
2206,282,627,-1,2,0,0,0
2207,199,255,-1,7,0,0,0
2208,634,-1,-1,4,0,0,0
2209,2204,2205,-1,4,0,0,0
2210,2206,2207,-1,4,0,0,0
2211,2208,596,-1,4,0,0,0
2212,325,764,-1,4,0,0,0
2213,817,434,-1,7,0,0,0
2214,1319,697,-1,2,0,0,0
2215,2209,2210,-1,6,0,0,0
2216,2211,2212,-1,6,0,0,0
2217,2213,2214,-1,2,0,0,0
2218,1400,1166,-1,4,0,0,0
2219,2215,2216,-1,6,0,0,0
2220,2217,2218,-1,6,0,0,0
2221,1147,839,-1,7,0,0,0
2222,2219,2220,-1,6,0,0,0
2223,2221,-1,-1,7,0,0,0
2224,2222,2223,-1,4,0,0,0
2225,863,-1,-1,4,0,0,0
2226,2225,1339,-1,6,0,0,0
2227,127,-1,-1,4,0,0,0
2228,2227,-1,-1,4,0,0,0
2229,2228,-1,-1,4,0,0,0
2230,2229,1346,-1,6,0,0,0
2231,188,-1,-1,4,0,0,0
2232,2231,-1,-1,4,0,0,0
2233,2232,-1,-1,4,0,0,0
2234,2233,1348,-1,6,0,0,0
2235,6,-1,-1,4,0,0,0
2236,2235,-1,-1,4,0,0,0
2237,2236,-1,-1,4,0,0,0
2238,2237,-1,-1,4,0,0,0
2239,2238,1354,-1,4,0,0,0
2240,906,-1,-1,4,0,0,0
2241,2240,1356,-1,4,0,0,0
2242,910,-1,-1,4,0,0,0
2243,2242,1358,-1,4,0,0,0
2244,154,-1,-1,4,0,0,0
2245,2244,-1,-1,4,0,0,0
2246,2245,-1,-1,4,0,0,0
2247,2246,1364,-1,4,0,0,0
2248,1340,1371,-1,6,0,0,0
2249,23,52,-1,6,0,0,0
2250,94,110,-1,2,0,0,0
2251,114,-1,-1,7,0,0,0
2252,2249,2250,-1,6,0,0,0
2253,2251,230,-1,7,0,0,0
2254,281,301,-1,2,0,0,0
2255,303,304,-1,6,0,0,0
2256,305,306,-1,4,0,0,0
2257,308,309,-1,7,0,0,0
2258,310,311,-1,7,0,0,0
2259,312,313,-1,4,0,0,0
2260,2252,2253,-1,4,0,0,0
2261,2254,2255,-1,6,0,0,0
2262,2256,2257,-1,4,0,0,0
2263,2258,2259,-1,2,0,0,0
2264,895,927,-1,7,0,0,0
2265,929,931,-1,4,0,0,0
2266,859,936,-1,6,0,0,0
2267,2260,2261,-1,6,0,0,0
2268,2262,2263,-1,6,0,0,0
2269,2264,2265,-1,2,0,0,0
2270,2266,1374,-1,4,0,0,0
2271,933,935,-1,7,0,0,0
2272,2267,2268,-1,6,0,0,0
2273,2269,2270,-1,6,0,0,0
2274,2271,-1,-1,7,0,0,0
2275,2272,2273,-1,6,0,0,0
2276,2274,-1,-1,7,0,0,0
2277,2275,2276,-1,4,0,0,0
2278,952,-1,-1,4,0,0,0
2279,2278,1389,-1,4,0,0,0
2280,16,48,-1,4,0,0,0
2281,54,58,-1,7,0,0,0
2282,79,85,-1,4,0,0,0
2283,86,100,-1,4,0,0,0
2284,2280,2281,-1,4,0,0,0
2285,2282,2283,-1,6,0,0,0
2286,342,201,-1,7,0,0,0
2287,343,344,-1,2,0,0,0
2288,350,-1,-1,7,0,0,0
2289,2284,2285,-1,6,0,0,0
2290,2286,2287,-1,2,0,0,0
2291,2288,955,-1,2,0,0,0
2292,956,926,-1,6,0,0,0
2293,248,348,-1,4,0,0,0
2294,349,352,-1,4,0,0,0
2295,854,963,-1,2,0,0,0
2296,2289,2290,-1,6,0,0,0
2297,2291,2292,-1,6,0,0,0
2298,2293,2294,-1,6,0,0,0
2299,2295,958,-1,4,0,0,0
2300,959,1393,-1,2,0,0,0
2301,2296,2297,-1,6,0,0,0
2302,2298,2299,-1,6,0,0,0
2303,2300,1391,-1,6,0,0,0
2304,2301,2302,-1,6,0,0,0
2305,2303,-1,-1,4,0,0,0
2306,2304,2305,-1,6,0,0,0
2307,12,19,-1,7,0,0,0
2308,100,105,-1,2,0,0,0
2309,140,-1,-1,7,0,0,0
2310,2307,2308,-1,2,0,0,0
2311,2309,212,-1,2,0,0,0
2312,282,358,-1,7,0,0,0
2313,359,-1,-1,7,0,0,0
2314,2310,2311,-1,6,0,0,0
2315,2312,2313,-1,7,0,0,0
2316,357,956,-1,7,0,0,0
2317,852,890,-1,7,0,0,0
2318,363,969,-1,6,0,0,0
2319,2314,2315,-1,4,0,0,0
2320,2316,2317,-1,7,0,0,0
2321,2318,967,-1,6,0,0,0
2322,968,366,-1,2,0,0,0
2323,1394,1397,-1,7,0,0,0
2324,976,-1,-1,7,0,0,0
2325,2319,2320,-1,4,0,0,0
2326,2321,2322,-1,6,0,0,0
2327,2323,2324,-1,7,0,0,0
2328,2325,2326,-1,6,0,0,0
2329,2327,-1,-1,7,0,0,0
2330,2328,2329,-1,4,0,0,0
2331,30,174,-1,6,0,0,0
2332,2331,192,-1,6,0,0,0
2333,400,385,-1,2,0,0,0
2334,401,402,-1,4,0,0,0
2335,303,196,-1,6,0,0,0
2336,407,408,-1,2,0,0,0
2337,409,-1,-1,7,0,0,0
2338,2332,2333,-1,6,0,0,0
2339,2334,2335,-1,6,0,0,0
2340,2336,2337,-1,4,0,0,0
2341,404,999,-1,6,0,0,0
2342,1004,1007,-1,6,0,0,0
2343,1009,-1,-1,4,0,0,0
2344,2338,2339,-1,6,0,0,0
2345,2340,2341,-1,6,0,0,0
2346,2342,2343,-1,6,0,0,0
2347,1000,1003,-1,6,0,0,0
2348,1006,922,-1,7,0,0,0
2349,1008,1010,-1,4,0,0,0
2350,1393,-1,-1,4,0,0,0
2351,2344,2345,-1,6,0,0,0
2352,2346,2347,-1,6,0,0,0
2353,2348,2349,-1,2,0,0,0
2354,2350,1412,-1,6,0,0,0
2355,2351,2352,-1,6,0,0,0
2356,2353,2354,-1,6,0,0,0
2357,2355,2356,-1,6,0,0,0
2358,27,53,-1,2,0,0,0
2359,77,102,-1,4,0,0,0
2360,149,157,-1,2,0,0,0
2361,2358,2359,-1,6,0,0,0
2362,2360,231,-1,4,0,0,0
2363,273,243,-1,2,0,0,0
2364,390,425,-1,2,0,0,0
2365,428,429,-1,6,0,0,0
2366,430,431,-1,7,0,0,0
2367,2361,2362,-1,6,0,0,0
2368,2363,2364,-1,6,0,0,0
2369,2365,2366,-1,4,0,0,0
2370,423,863,-1,4,0,0,0
2371,424,427,-1,4,0,0,0
2372,433,434,-1,7,0,0,0
2373,1016,1007,-1,7,0,0,0
2374,2367,2368,-1,6,0,0,0
2375,2369,2370,-1,6,0,0,0
2376,2371,2372,-1,4,0,0,0
2377,2373,948,-1,2,0,0,0
2378,1013,1414,-1,2,0,0,0
2379,2374,2375,-1,6,0,0,0
2380,2376,2377,-1,6,0,0,0
2381,2378,-1,-1,4,0,0,0
2382,2379,2380,-1,6,0,0,0
2383,2381,-1,-1,4,0,0,0
2384,2382,2383,-1,6,0,0,0
2385,37,61,-1,4,0,0,0
2386,108,186,-1,6,0,0,0
2387,2385,2386,-1,6,0,0,0
2388,287,374,-1,6,0,0,0
2389,249,390,-1,6,0,0,0
2390,440,271,-1,2,0,0,0
2391,334,202,-1,6,0,0,0
2392,441,269,-1,6,0,0,0
2393,284,444,-1,2,0,0,0
2394,316,-1,-1,7,0,0,0
2395,2387,2388,-1,6,0,0,0
2396,2389,2390,-1,6,0,0,0
2397,2391,2392,-1,6,0,0,0
2398,2393,2394,-1,4,0,0,0
2399,878,1017,-1,6,0,0,0
2400,446,1019,-1,6,0,0,0
2401,1023,450,-1,6,0,0,0
2402,1025,452,-1,6,0,0,0
2403,2395,2396,-1,6,0,0,0
2404,2397,2398,-1,6,0,0,0
2405,2399,2400,-1,6,0,0,0
2406,2401,2402,-1,6,0,0,0
2407,1358,1021,-1,6,0,0,0
2408,2403,2404,-1,6,0,0,0
2409,2405,2406,-1,6,0,0,0
2410,2407,-1,-1,4,0,0,0
2411,2408,2409,-1,6,0,0,0
2412,2410,1418,-1,6,0,0,0
2413,2411,2412,-1,6,0,0,0
2414,33,35,-1,2,0,0,0
2415,80,113,-1,4,0,0,0
2416,119,125,-1,4,0,0,0
2417,156,-1,-1,4,0,0,0
2418,2414,2415,-1,6,0,0,0
2419,2416,2417,-1,6,0,0,0
2420,339,281,-1,6,0,0,0
2421,202,344,-1,6,0,0,0
2422,402,459,-1,7,0,0,0
2423,2418,2419,-1,6,0,0,0
2424,2420,2421,-1,6,0,0,0
2425,2422,280,-1,2,0,0,0
2426,1029,456,-1,4,0,0,0
2427,392,363,-1,7,0,0,0
2428,1033,1034,-1,7,0,0,0
2429,464,465,-1,2,0,0,0
2430,1035,-1,-1,7,0,0,0
2431,2423,2424,-1,6,0,0,0
2432,2425,2426,-1,6,0,0,0
2433,2427,2428,-1,7,0,0,0
2434,2429,2430,-1,4,0,0,0
2435,1008,-1,-1,7,0,0,0
2436,2431,2432,-1,6,0,0,0
2437,2433,2434,-1,2,0,0,0
2438,2435,1354,-1,2,0,0,0
2439,1422,1425,-1,6,0,0,0
2440,1428,-1,-1,7,0,0,0
2441,2436,2437,-1,6,0,0,0
2442,2438,2439,-1,6,0,0,0
2443,2440,-1,-1,7,0,0,0
2444,2441,2442,-1,6,0,0,0
2445,2443,-1,-1,7,0,0,0
2446,2444,2445,-1,4,0,0,0
2447,485,1433,-1,6,0,0,0
2448,104,130,-1,2,0,0,0
2449,2448,225,-1,6,0,0,0
2450,264,259,-1,6,0,0,0
2451,503,358,-1,6,0,0,0
2452,283,506,-1,4,0,0,0
2453,512,513,-1,2,0,0,0
2454,2449,2450,-1,6,0,0,0
2455,2451,2452,-1,6,0,0,0
2456,2453,505,-1,6,0,0,0
2457,508,1063,-1,7,0,0,0
2458,515,517,-1,6,0,0,0
2459,519,1064,-1,2,0,0,0
2460,521,876,-1,6,0,0,0
2461,2454,2455,-1,6,0,0,0
2462,2456,2457,-1,4,0,0,0
2463,2458,2459,-1,6,0,0,0
2464,2460,1000,-1,4,0,0,0
2465,942,1061,-1,6,0,0,0
2466,1066,1068,-1,2,0,0,0
2467,2461,2462,-1,6,0,0,0
2468,2463,2464,-1,6,0,0,0
2469,2465,2466,-1,6,0,0,0
2470,1461,-1,-1,7,0,0,0
2471,2467,2468,-1,6,0,0,0
2472,2469,2470,-1,4,0,0,0
2473,2471,2472,-1,6,0,0,0
2474,9,46,-1,6,0,0,0
2475,136,-1,-1,4,0,0,0
2476,2474,2475,-1,6,0,0,0
2477,334,202,-1,4,0,0,0
2478,407,513,-1,4,0,0,0
2479,2476,2477,-1,6,0,0,0
2480,2478,1073,-1,6,0,0,0
2481,529,1081,-1,7,0,0,0
2482,944,1084,-1,4,0,0,0
2483,2479,2480,-1,6,0,0,0
2484,2481,2482,-1,2,0,0,0
2485,980,1364,-1,6,0,0,0
2486,1464,1083,-1,6,0,0,0
2487,1468,1088,-1,6,0,0,0
2488,2483,2484,-1,6,0,0,0
2489,2485,2486,-1,6,0,0,0
2490,2487,1077,-1,4,0,0,0
2491,1467,-1,-1,7,0,0,0
2492,2488,2489,-1,6,0,0,0
2493,2490,2491,-1,4,0,0,0
2494,2492,2493,-1,6,0,0,0
2495,10,17,-1,4,0,0,0
2496,65,77,-1,2,0,0,0
2497,95,179,-1,6,0,0,0
2498,2495,2496,-1,6,0,0,0
2499,2497,221,-1,4,0,0,0
2500,486,544,-1,4,0,0,0
2501,548,536,-1,6,0,0,0
2502,382,-1,-1,4,0,0,0
2503,2498,2499,-1,6,0,0,0
2504,2500,2501,-1,6,0,0,0
2505,2502,542,-1,4,0,0,0
2506,468,389,-1,6,0,0,0
2507,543,1017,-1,6,0,0,0
2508,549,919,-1,7,0,0,0
2509,1093,521,-1,4,0,0,0
2510,1043,1094,-1,4,0,0,0
2511,2503,2504,-1,6,0,0,0
2512,2505,2506,-1,6,0,0,0
2513,2507,2508,-1,4,0,0,0
2514,2509,2510,-1,6,0,0,0
2515,551,-1,-1,7,0,0,0
2516,2511,2512,-1,6,0,0,0
2517,2513,2514,-1,6,0,0,0
2518,2515,1092,-1,7,0,0,0
2519,1470,-1,-1,4,0,0,0
2520,2516,2517,-1,6,0,0,0
2521,2518,2519,-1,2,0,0,0
2522,2520,2521,-1,6,0,0,0
2523,44,111,-1,4,0,0,0
2524,148,-1,-1,7,0,0,0
2525,2523,2524,-1,4,0,0,0
2526,241,442,-1,7,0,0,0
2527,368,480,-1,7,0,0,0
2528,284,563,-1,7,0,0,0
2529,564,-1,-1,7,0,0,0
2530,2525,2526,-1,4,0,0,0
2531,2527,2528,-1,7,0,0,0
2532,2529,399,-1,2,0,0,0
2533,559,1098,-1,6,0,0,0
2534,562,1100,-1,7,0,0,0
2535,567,969,-1,4,0,0,0
2536,574,1111,-1,6,0,0,0
2537,1009,-1,-1,7,0,0,0
2538,2530,2531,-1,4,0,0,0
2539,2532,2533,-1,6,0,0,0
2540,2534,2535,-1,2,0,0,0
2541,2536,2537,-1,4,0,0,0
2542,1113,-1,-1,7,0,0,0
2543,2538,2539,-1,6,0,0,0
2544,2540,2541,-1,6,0,0,0
2545,2542,1103,-1,2,0,0,0
2546,1472,1110,-1,7,0,0,0
2547,2543,2544,-1,6,0,0,0
2548,2545,2546,-1,4,0,0,0
2549,2547,2548,-1,6,0,0,0
2550,32,68,-1,6,0,0,0
2551,113,124,-1,6,0,0,0
2552,148,-1,-1,7,0,0,0
2553,2550,2551,-1,6,0,0,0
2554,2552,527,-1,7,0,0,0
2555,262,584,-1,2,0,0,0
2556,585,586,-1,6,0,0,0
2557,591,-1,-1,4,0,0,0
2558,2553,2554,-1,4,0,0,0
2559,2555,2556,-1,6,0,0,0
2560,2557,850,-1,4,0,0,0
2561,542,581,-1,4,0,0,0
2562,583,893,-1,7,0,0,0
2563,1094,593,-1,2,0,0,0
2564,2558,2559,-1,6,0,0,0
2565,2560,2561,-1,6,0,0,0
2566,2562,2563,-1,2,0,0,0
2567,1114,1116,-1,2,0,0,0
2568,1113,-1,-1,4,0,0,0
2569,2564,2565,-1,6,0,0,0
2570,2566,2567,-1,6,0,0,0
2571,2568,2230,-1,4,0,0,0
2572,2569,2570,-1,6,0,0,0
2573,2571,-1,-1,4,0,0,0
2574,2572,2573,-1,6,0,0,0
2575,5,15,-1,6,0,0,0
2576,26,28,-1,6,0,0,0
2577,83,94,-1,6,0,0,0
2578,106,129,-1,6,0,0,0
2579,167,-1,-1,4,0,0,0
2580,2575,2576,-1,6,0,0,0
2581,2577,2578,-1,6,0,0,0
2582,2579,201,-1,6,0,0,0
2583,346,265,-1,6,0,0,0
2584,438,251,-1,2,0,0,0
2585,594,-1,-1,4,0,0,0
2586,2580,2581,-1,6,0,0,0
2587,2582,2583,-1,6,0,0,0
2588,2584,2585,-1,6,0,0,0
2589,525,596,-1,7,0,0,0
2590,412,1017,-1,6,0,0,0
2591,917,1122,-1,2,0,0,0
2592,995,-1,-1,4,0,0,0
2593,2586,2587,-1,6,0,0,0
2594,2588,2589,-1,4,0,0,0
2595,2590,2591,-1,6,0,0,0
2596,2592,946,-1,6,0,0,0
2597,598,1013,-1,4,0,0,0
2598,1121,1468,-1,6,0,0,0
2599,1481,-1,-1,4,0,0,0
2600,2593,2594,-1,6,0,0,0
2601,2595,2596,-1,6,0,0,0
2602,2597,2598,-1,6,0,0,0
2603,2599,1476,-1,6,0,0,0
2604,1378,1479,-1,6,0,0,0
2605,2600,2601,-1,6,0,0,0
2606,2602,2603,-1,6,0,0,0
2607,2604,-1,-1,4,0,0,0
2608,2605,2606,-1,6,0,0,0
2609,2607,-1,-1,4,0,0,0
2610,2608,2609,-1,6,0,0,0
2611,147,176,-1,2,0,0,0
2612,2611,200,-1,6,0,0,0
2613,195,236,-1,6,0,0,0
2614,555,395,-1,7,0,0,0
2615,466,447,-1,6,0,0,0
2616,607,384,-1,4,0,0,0
2617,2612,2613,-1,6,0,0,0
2618,2614,2615,-1,2,0,0,0
2619,2616,458,-1,6,0,0,0
2620,848,927,-1,4,0,0,0
2621,604,436,-1,6,0,0,0
2622,508,606,-1,6,0,0,0
2623,433,609,-1,7,0,0,0
2624,612,613,-1,7,0,0,0
2625,2617,2618,-1,6,0,0,0
2626,2619,2620,-1,6,0,0,0
2627,2621,2622,-1,6,0,0,0
2628,2623,2624,-1,7,0,0,0
2629,547,611,-1,2,0,0,0
2630,1131,-1,-1,7,0,0,0
2631,2625,2626,-1,6,0,0,0
2632,2627,2628,-1,4,0,0,0
2633,2629,2630,-1,4,0,0,0
2634,1053,1484,-1,2,0,0,0
2635,1488,-1,-1,7,0,0,0
2636,2631,2632,-1,6,0,0,0
2637,2633,2634,-1,6,0,0,0
2638,2635,-1,-1,7,0,0,0
2639,2636,2637,-1,6,0,0,0
2640,2638,-1,-1,7,0,0,0
2641,2639,2640,-1,4,0,0,0
2642,13,97,-1,7,0,0,0
2643,100,106,-1,4,0,0,0
2644,172,180,-1,2,0,0,0
2645,2642,2643,-1,2,0,0,0
2646,2644,300,-1,4,0,0,0
2647,439,276,-1,4,0,0,0
2648,321,498,-1,4,0,0,0
2649,466,619,-1,2,0,0,0
2650,237,409,-1,2,0,0,0
2651,548,-1,-1,4,0,0,0
2652,2645,2646,-1,6,0,0,0
2653,2647,2648,-1,6,0,0,0
2654,2649,2650,-1,6,0,0,0
2655,2651,850,-1,6,0,0,0
2656,1098,651,-1,6,0,0,0
2657,653,654,-1,7,0,0,0
2658,1153,861,-1,4,0,0,0
2659,1154,-1,-1,4,0,0,0
2660,2652,2653,-1,6,0,0,0
2661,2654,2655,-1,6,0,0,0
2662,2656,2657,-1,4,0,0,0
2663,2658,2659,-1,6,0,0,0
2664,1152,935,-1,4,0,0,0
2665,1131,-1,-1,7,0,0,0
2666,2660,2661,-1,6,0,0,0
2667,2662,2663,-1,6,0,0,0
2668,2664,2665,-1,4,0,0,0
2669,1476,1569,-1,6,0,0,0
2670,2666,2667,-1,6,0,0,0
2671,2668,2669,-1,6,0,0,0
2672,2670,2671,-1,6,0,0,0
2673,76,94,-1,4,0,0,0
2674,107,120,-1,6,0,0,0
2675,121,140,-1,2,0,0,0
2676,165,-1,-1,4,0,0,0
2677,2673,2674,-1,6,0,0,0
2678,2675,2676,-1,6,0,0,0
2679,273,257,-1,7,0,0,0
2680,202,393,-1,2,0,0,0
2681,679,476,-1,4,0,0,0
2682,680,-1,-1,7,0,0,0
2683,2677,2678,-1,6,0,0,0
2684,2679,2680,-1,2,0,0,0
2685,2681,2682,-1,4,0,0,0
2686,880,1015,-1,2,0,0,0
2687,562,1167,-1,2,0,0,0
2688,682,-1,-1,7,0,0,0
2689,2683,2684,-1,6,0,0,0
2690,2685,2686,-1,6,0,0,0
2691,2687,2688,-1,4,0,0,0
2692,1071,1330,-1,4,0,0,0
2693,959,1169,-1,6,0,0,0
2694,1150,-1,-1,7,0,0,0
2695,2689,2690,-1,6,0,0,0
2696,2691,2692,-1,6,0,0,0
2697,2693,2694,-1,4,0,0,0
2698,1595,1172,-1,4,0,0,0
2699,1175,-1,-1,4,0,0,0
2700,2695,2696,-1,6,0,0,0
2701,2697,2698,-1,6,0,0,0
2702,2699,-1,-1,4,0,0,0
2703,2700,2701,-1,6,0,0,0
2704,2702,-1,-1,4,0,0,0
2705,2703,2704,-1,6,0,0,0
2706,41,80,-1,6,0,0,0
2707,83,86,-1,2,0,0,0
2708,161,-1,-1,4,0,0,0
2709,2706,2707,-1,6,0,0,0
2710,2708,659,-1,6,0,0,0
2711,498,-1,-1,4,0,0,0
2712,2709,2710,-1,6,0,0,0
2713,2711,341,-1,6,0,0,0
2714,702,1181,-1,6,0,0,0
2715,704,1139,-1,4,0,0,0
2716,1184,712,-1,7,0,0,0
2717,2712,2713,-1,6,0,0,0
2718,2714,2715,-1,6,0,0,0
2719,2716,980,-1,2,0,0,0
2720,700,1183,-1,2,0,0,0
2721,709,933,-1,7,0,0,0
2722,711,-1,-1,7,0,0,0
2723,2717,2718,-1,6,0,0,0
2724,2719,2720,-1,6,0,0,0
2725,2721,2722,-1,7,0,0,0
2726,1623,2241,-1,6,0,0,0
2727,2226,-1,-1,7,0,0,0
2728,2723,2724,-1,6,0,0,0
2729,2725,2726,-1,2,0,0,0
2730,2727,-1,-1,7,0,0,0
2731,2728,2729,-1,6,0,0,0
2732,2730,-1,-1,7,0,0,0
2733,2731,2732,-1,4,0,0,0
2734,121,123,-1,6,0,0,0
2735,2734,338,-1,4,0,0,0
2736,250,210,-1,4,0,0,0
2737,271,213,-1,4,0,0,0
2738,585,737,-1,6,0,0,0
2739,2735,2736,-1,6,0,0,0
2740,2737,2738,-1,6,0,0,0
2741,978,420,-1,2,0,0,0
2742,931,1084,-1,6,0,0,0
2743,1162,-1,-1,4,0,0,0
2744,2739,2740,-1,6,0,0,0
2745,2741,2742,-1,6,0,0,0
2746,2743,1361,-1,6,0,0,0
2747,739,742,-1,6,0,0,0
2748,1183,-1,-1,4,0,0,0
2749,2744,2745,-1,6,0,0,0
2750,2746,2747,-1,6,0,0,0
2751,2748,1484,-1,6,0,0,0
2752,1470,1699,-1,6,0,0,0
2753,2749,2750,-1,6,0,0,0
2754,2751,2752,-1,6,0,0,0
2755,2753,2754,-1,6,0,0,0
2756,37,41,-1,7,0,0,0
2757,62,83,-1,7,0,0,0
2758,85,160,-1,2,0,0,0
2759,163,164,-1,2,0,0,0
2760,169,-1,-1,4,0,0,0
2761,2756,2757,-1,7,0,0,0
2762,2758,2759,-1,6,0,0,0
2763,2760,289,-1,6,0,0,0
2764,442,193,-1,2,0,0,0
2765,304,737,-1,6,0,0,0
2766,2761,2762,-1,2,0,0,0
2767,2763,2764,-1,6,0,0,0
2768,2765,880,-1,4,0,0,0
2769,542,752,-1,7,0,0,0
2770,753,670,-1,4,0,0,0
2771,1004,648,-1,4,0,0,0
2772,2766,2767,-1,6,0,0,0
2773,2768,2769,-1,4,0,0,0
2774,2770,2771,-1,6,0,0,0
2775,983,-1,-1,7,0,0,0
2776,2772,2773,-1,6,0,0,0
2777,2774,2775,-1,4,0,0,0
2778,1743,759,-1,4,0,0,0
2779,1175,-1,-1,7,0,0,0
2780,2776,2777,-1,6,0,0,0
2781,2778,2779,-1,4,0,0,0
2782,2780,2781,-1,6,0,0,0
2783,79,81,-1,7,0,0,0
2784,85,156,-1,7,0,0,0
2785,188,-1,-1,4,0,0,0
2786,2783,2784,-1,7,0,0,0
2787,2785,253,-1,4,0,0,0
2788,437,358,-1,7,0,0,0
2789,228,284,-1,2,0,0,0
2790,768,522,-1,4,0,0,0
2791,771,772,-1,7,0,0,0
2792,2786,2787,-1,2,0,0,0
2793,2788,2789,-1,2,0,0,0
2794,2790,2791,-1,4,0,0,0
2795,882,910,-1,2,0,0,0
2796,381,331,-1,4,0,0,0
2797,930,974,-1,4,0,0,0
2798,1096,991,-1,6,0,0,0
2799,642,770,-1,2,0,0,0
2800,621,-1,-1,7,0,0,0
2801,2792,2793,-1,6,0,0,0
2802,2794,2795,-1,6,0,0,0
2803,2796,2797,-1,6,0,0,0
2804,2798,2799,-1,6,0,0,0
2805,2800,1327,-1,2,0,0,0
2806,1203,-1,-1,4,0,0,0
2807,2801,2802,-1,6,0,0,0
2808,2803,2804,-1,6,0,0,0
2809,2805,2806,-1,6,0,0,0
2810,1479,1775,-1,4,0,0,0
2811,2807,2808,-1,6,0,0,0
2812,2809,2810,-1,6,0,0,0
2813,2811,2812,-1,6,0,0,0
2814,35,95,-1,2,0,0,0
2815,96,115,-1,7,0,0,0
2816,135,151,-1,4,0,0,0
2817,2814,2815,-1,4,0,0,0
2818,2816,374,-1,4,0,0,0
2819,271,527,-1,6,0,0,0
2820,307,659,-1,7,0,0,0
2821,303,774,-1,2,0,0,0
2822,601,643,-1,7,0,0,0
2823,2817,2818,-1,6,0,0,0
2824,2819,2820,-1,4,0,0,0
2825,2821,2822,-1,4,0,0,0
2826,776,762,-1,4,0,0,0
2827,778,780,-1,7,0,0,0
2828,2823,2824,-1,6,0,0,0
2829,2825,2826,-1,6,0,0,0
2830,2827,686,-1,7,0,0,0
2831,700,672,-1,7,0,0,0
2832,2828,2829,-1,6,0,0,0
2833,2830,2831,-1,7,0,0,0
2834,1077,782,-1,7,0,0,0
2835,2832,2833,-1,4,0,0,0
2836,2834,1777,-1,2,0,0,0
2837,2835,2836,-1,6,0,0,0
2838,27,38,-1,4,0,0,0
2839,159,-1,-1,4,0,0,0
2840,2838,2839,-1,6,0,0,0
2841,250,270,-1,4,0,0,0
2842,527,337,-1,4,0,0,0
2843,553,565,-1,4,0,0,0
2844,619,255,-1,6,0,0,0
2845,790,799,-1,4,0,0,0
2846,2840,2841,-1,6,0,0,0
2847,2842,2843,-1,6,0,0,0
2848,2844,2845,-1,6,0,0,0
2849,404,892,-1,7,0,0,0
2850,1019,787,-1,6,0,0,0
2851,1184,801,-1,2,0,0,0
2852,2846,2847,-1,6,0,0,0
2853,2848,2849,-1,4,0,0,0
2854,2850,2851,-1,6,0,0,0
2855,986,1219,-1,2,0,0,0
2856,1083,798,-1,4,0,0,0
2857,2852,2853,-1,6,0,0,0
2858,2854,2855,-1,6,0,0,0
2859,2856,796,-1,4,0,0,0
2860,1199,2248,-1,7,0,0,0
2861,2857,2858,-1,6,0,0,0
2862,2859,2860,-1,4,0,0,0
2863,2861,2862,-1,6,0,0,0
2864,11,20,-1,7,0,0,0
2865,61,87,-1,6,0,0,0
2866,135,150,-1,4,0,0,0
2867,2864,2865,-1,2,0,0,0
2868,2866,258,-1,4,0,0,0
2869,390,314,-1,6,0,0,0
2870,224,192,-1,7,0,0,0
2871,475,540,-1,4,0,0,0
2872,418,395,-1,6,0,0,0
2873,272,553,-1,4,0,0,0
2874,373,290,-1,7,0,0,0
2875,706,813,-1,2,0,0,0
2876,815,818,-1,6,0,0,0
2877,2867,2868,-1,6,0,0,0
2878,2869,2870,-1,4,0,0,0
2879,2871,2872,-1,6,0,0,0
2880,2873,2874,-1,4,0,0,0
2881,2875,2876,-1,6,0,0,0
2882,964,557,-1,4,0,0,0
2883,817,-1,-1,4,0,0,0
2884,2877,2878,-1,6,0,0,0
2885,2879,2880,-1,6,0,0,0
2886,2881,2882,-1,6,0,0,0
2887,2883,808,-1,6,0,0,0
2888,1237,1116,-1,2,0,0,0
2889,1068,-1,-1,4,0,0,0
2890,2884,2885,-1,6,0,0,0
2891,2886,2887,-1,6,0,0,0
2892,2888,2889,-1,6,0,0,0
2893,2234,1386,-1,2,0,0,0
2894,2279,-1,-1,7,0,0,0
2895,2890,2891,-1,6,0,0,0
2896,2892,2893,-1,6,0,0,0
2897,2894,-1,-1,7,0,0,0
2898,2895,2896,-1,6,0,0,0
2899,2897,-1,-1,7,0,0,0
2900,2898,2899,-1,4,0,0,0
2901,109,117,-1,7,0,0,0
2902,159,190,-1,7,0,0,0
2903,2901,2902,-1,7,0,0,0
2904,511,421,-1,2,0,0,0
2905,400,303,-1,6,0,0,0
2906,602,548,-1,2,0,0,0
2907,229,369,-1,4,0,0,0
2908,309,834,-1,6,0,0,0
2909,459,-1,-1,4,0,0,0
2910,2903,2904,-1,2,0,0,0
2911,2905,2906,-1,6,0,0,0
2912,2907,2908,-1,6,0,0,0
2913,2909,842,-1,6,0,0,0
2914,539,651,-1,4,0,0,0
2915,778,1167,-1,7,0,0,0
2916,1042,-1,-1,4,0,0,0
2917,2910,2911,-1,6,0,0,0
2918,2912,2913,-1,6,0,0,0
2919,2914,2915,-1,4,0,0,0
2920,2916,494,-1,6,0,0,0
2921,742,735,-1,4,0,0,0
2922,2917,2918,-1,6,0,0,0
2923,2919,2920,-1,6,0,0,0
2924,2921,2243,-1,4,0,0,0
2925,1316,-1,-1,7,0,0,0
2926,2922,2923,-1,6,0,0,0
2927,2924,2925,-1,4,0,0,0
2928,2239,-1,-1,7,0,0,0
2929,2926,2927,-1,6,0,0,0
2930,2928,-1,-1,7,0,0,0
2931,2929,2930,-1,4,0,0,0
2932,3,25,-1,2,0,0,0
2933,82,86,-1,7,0,0,0
2934,90,99,-1,7,0,0,0
2935,101,177,-1,7,0,0,0
2936,2932,2933,-1,4,0,0,0
2937,2934,2935,-1,7,0,0,0
2938,208,302,-1,2,0,0,0
2939,334,263,-1,4,0,0,0
2940,268,194,-1,4,0,0,0
2941,321,727,-1,6,0,0,0
2942,687,725,-1,6,0,0,0
2943,835,829,-1,7,0,0,0
2944,2936,2937,-1,4,0,0,0
2945,2938,2939,-1,6,0,0,0
2946,2940,2941,-1,6,0,0,0
2947,2942,2943,-1,4,0,0,0
2948,478,468,-1,2,0,0,0
2949,556,517,-1,2,0,0,0
2950,1134,-1,-1,7,0,0,0
2951,2944,2945,-1,6,0,0,0
2952,2946,2947,-1,6,0,0,0
2953,2948,2949,-1,6,0,0,0
2954,2950,939,-1,7,0,0,0
2955,1237,1374,-1,4,0,0,0
2956,1308,-1,-1,7,0,0,0
2957,2951,2952,-1,6,0,0,0
2958,2953,2954,-1,4,0,0,0
2959,2955,2956,-1,4,0,0,0
2960,2247,-1,-1,4,0,0,0
2961,2957,2958,-1,6,0,0,0
2962,2959,2960,-1,6,0,0,0
2963,2961,2962,-1,6,0,0,0
2964,10,11,-1,6,0,0,0
2965,76,98,-1,4,0,0,0
2966,113,134,-1,2,0,0,0
2967,142,172,-1,4,0,0,0
2968,189,-1,-1,7,0,0,0
2969,2964,2965,-1,6,0,0,0
2970,2966,2967,-1,6,0,0,0
2971,2968,197,-1,7,0,0,0
2972,555,402,-1,6,0,0,0
2973,760,623,-1,6,0,0,0
2974,834,680,-1,6,0,0,0
2975,818,772,-1,6,0,0,0
2976,2969,2970,-1,6,0,0,0
2977,2971,2972,-1,2,0,0,0
2978,2973,2974,-1,6,0,0,0
2979,2975,856,-1,4,0,0,0
2980,996,534,-1,4,0,0,0
2981,826,508,-1,2,0,0,0
2982,654,-1,-1,4,0,0,0
2983,2976,2977,-1,6,0,0,0
2984,2978,2979,-1,6,0,0,0
2985,2980,2981,-1,6,0,0,0
2986,2982,-1,-1,4,0,0,0
2987,2983,2984,-1,6,0,0,0
2988,2985,2986,-1,6,0,0,0
2989,1110,2447,-1,2,0,0,0
2990,2987,2988,-1,6,0,0,0
2991,2989,-1,-1,4,0,0,0
2992,2990,2991,-1,6,0,0,0
2993,104,143,-1,4,0,0,0
2994,163,-1,-1,4,0,0,0
2995,2993,2994,-1,6,0,0,0
2996,192,193,-1,6,0,0,0
2997,194,196,-1,4,0,0,0
2998,199,206,-1,6,0,0,0
2999,207,-1,-1,7,0,0,0
3000,2995,2996,-1,6,0,0,0
3001,2997,2998,-1,6,0,0,0
3002,2999,842,-1,2,0,0,0
3003,844,847,-1,6,0,0,0
3004,854,859,-1,6,0,0,0
3005,861,-1,-1,4,0,0,0
3006,3000,3001,-1,6,0,0,0
3007,3002,3003,-1,6,0,0,0
3008,3004,3005,-1,6,0,0,0
3009,1322,1324,-1,7,0,0,0
3010,1327,1330,-1,6,0,0,0
3011,1333,1336,-1,6,0,0,0
3012,1338,-1,-1,4,0,0,0
3013,3006,3007,-1,6,0,0,0
3014,3008,3009,-1,4,0,0,0
3015,3010,3011,-1,6,0,0,0
3016,3012,2226,-1,4,0,0,0
3017,3013,3014,-1,6,0,0,0
3018,3015,3016,-1,6,0,0,0
3019,3017,3018,-1,6,0,0,0
3020,149,-1,-1,4,0,0,0
3021,3020,-1,-1,4,0,0,0
3022,3021,-1,-1,4,0,0,0
3023,3022,-1,-1,4,0,0,0
3024,3023,2234,-1,6,0,0,0
3025,272,-1,-1,4,0,0,0
3026,3025,-1,-1,4,0,0,0
3027,3026,-1,-1,4,0,0,0
3028,3027,2243,-1,6,0,0,0
3029,4,116,-1,2,0,0,0
3030,3029,225,-1,4,0,0,0
3031,195,197,-1,6,0,0,0
3032,276,277,-1,7,0,0,0
3033,278,282,-1,2,0,0,0
3034,194,283,-1,6,0,0,0
3035,284,254,-1,7,0,0,0
3036,3030,3031,-1,6,0,0,0
3037,3032,3033,-1,2,0,0,0
3038,3034,3035,-1,4,0,0,0
3039,280,914,-1,7,0,0,0
3040,286,919,-1,6,0,0,0
3041,3036,3037,-1,6,0,0,0
3042,3038,3039,-1,4,0,0,0
3043,3040,1361,-1,6,0,0,0
3044,1366,922,-1,7,0,0,0
3045,924,1368,-1,7,0,0,0
3046,3041,3042,-1,6,0,0,0
3047,3043,3044,-1,4,0,0,0
3048,3045,2247,-1,2,0,0,0
3049,2248,-1,-1,4,0,0,0
3050,3046,3047,-1,6,0,0,0
3051,3048,3049,-1,6,0,0,0
3052,3050,3051,-1,6,0,0,0
3053,3,57,-1,6,0,0,0
3054,71,78,-1,2,0,0,0
3055,139,161,-1,7,0,0,0
3056,172,-1,-1,4,0,0,0
3057,3053,3054,-1,6,0,0,0
3058,3055,3056,-1,2,0,0,0
3059,262,321,-1,6,0,0,0
3060,296,322,-1,6,0,0,0
3061,326,327,-1,2,0,0,0
3062,328,-1,-1,4,0,0,0
3063,3057,3058,-1,6,0,0,0
3064,3059,3060,-1,6,0,0,0
3065,3061,3062,-1,6,0,0,0
3066,871,324,-1,7,0,0,0
3067,325,944,-1,6,0,0,0
3068,333,-1,-1,4,0,0,0
3069,3063,3064,-1,6,0,0,0
3070,3065,3066,-1,4,0,0,0
3071,3067,3068,-1,6,0,0,0
3072,1346,948,-1,2,0,0,0
3073,1388,-1,-1,7,0,0,0
3074,3069,3070,-1,6,0,0,0
3075,3071,3072,-1,6,0,0,0
3076,3073,1378,-1,2,0,0,0
3077,1382,1386,-1,6,0,0,0
3078,2279,-1,-1,4,0,0,0
3079,3074,3075,-1,6,0,0,0
3080,3076,3077,-1,6,0,0,0
3081,3078,-1,-1,4,0,0,0
3082,3079,3080,-1,6,0,0,0
3083,3081,-1,-1,4,0,0,0
3084,3082,3083,-1,6,0,0,0
3085,18,73,-1,4,0,0,0
3086,107,-1,-1,4,0,0,0
3087,3085,3086,-1,6,0,0,0
3088,332,345,-1,6,0,0,0
3089,250,374,-1,6,0,0,0
3090,244,379,-1,2,0,0,0
3091,382,384,-1,2,0,0,0
3092,3087,3088,-1,6,0,0,0
3093,3089,3090,-1,6,0,0,0
3094,3091,994,-1,4,0,0,0
3095,995,-1,-1,7,0,0,0
3096,3092,3093,-1,6,0,0,0
3097,3094,3095,-1,4,0,0,0
3098,1400,983,-1,7,0,0,0
3099,986,1407,-1,6,0,0,0
3100,989,1408,-1,4,0,0,0
3101,993,1338,-1,6,0,0,0
3102,3096,3097,-1,6,0,0,0
3103,3098,3099,-1,2,0,0,0
3104,3100,3101,-1,6,0,0,0
3105,1404,1410,-1,6,0,0,0
3106,3102,3103,-1,6,0,0,0
3107,3104,3105,-1,6,0,0,0
3108,3024,-1,-1,7,0,0,0
3109,3106,3107,-1,6,0,0,0
3110,3108,-1,-1,7,0,0,0
3111,3109,3110,-1,4,0,0,0
3112,152,153,-1,2,0,0,0
3113,3112,223,-1,4,0,0,0
3114,267,299,-1,6,0,0,0
3115,261,302,-1,4,0,0,0
3116,337,282,-1,7,0,0,0
3117,469,470,-1,6,0,0,0
3118,206,232,-1,6,0,0,0
3119,473,474,-1,6,0,0,0
3120,3113,3114,-1,6,0,0,0
3121,3115,3116,-1,4,0,0,0
3122,3117,3118,-1,6,0,0,0
3123,3119,336,-1,4,0,0,0
3124,331,898,-1,4,0,0,0
3125,341,1042,-1,7,0,0,0
3126,1043,1047,-1,2,0,0,0
3127,3120,3121,-1,6,0,0,0
3128,3122,3123,-1,6,0,0,0
3129,3124,3125,-1,4,0,0,0
3130,3126,1041,-1,4,0,0,0
3131,1048,-1,-1,4,0,0,0
3132,3127,3128,-1,6,0,0,0
3133,3129,3130,-1,6,0,0,0
3134,3131,1431,-1,6,0,0,0
3135,2447,-1,-1,7,0,0,0
3136,3132,3133,-1,6,0,0,0
3137,3134,3135,-1,4,0,0,0
3138,3136,3137,-1,6,0,0,0
3139,2,18,-1,6,0,0,0
3140,151,170,-1,7,0,0,0
3141,3139,3140,-1,4,0,0,0
3142,236,437,-1,6,0,0,0
3143,811,327,-1,7,0,0,0
3144,207,-1,-1,4,0,0,0
3145,3141,3142,-1,6,0,0,0
3146,3143,3144,-1,2,0,0,0
3147,974,695,-1,7,0,0,0
3148,661,1160,-1,7,0,0,0
3149,936,-1,-1,7,0,0,0
3150,3145,3146,-1,6,0,0,0
3151,3147,3148,-1,7,0,0,0
3152,3149,1230,-1,2,0,0,0
3153,668,1231,-1,4,0,0,0
3154,1152,-1,-1,4,0,0,0
3155,3150,3151,-1,4,0,0,0
3156,3152,3153,-1,6,0,0,0
3157,3154,1410,-1,4,0,0,0
3158,3155,3156,-1,6,0,0,0
3159,3157,3028,-1,4,0,0,0
3160,3158,3159,-1,6,0,0,0
3161,56,119,-1,4,0,0,0
3162,137,143,-1,6,0,0,0
3163,3161,3162,-1,6,0,0,0
3164,223,195,-1,7,0,0,0
3165,224,228,-1,7,0,0,0
3166,229,232,-1,7,0,0,0
3167,233,238,-1,6,0,0,0
3168,3163,3164,-1,4,0,0,0
3169,3165,3166,-1,7,0,0,0
3170,3167,867,-1,6,0,0,0
3171,869,871,-1,4,0,0,0
3172,235,876,-1,4,0,0,0
3173,3168,3169,-1,4,0,0,0
3174,3170,3171,-1,6,0,0,0
3175,3172,1340,-1,6,0,0,0
3176,1343,1350,-1,7,0,0,0
3177,885,-1,-1,7,0,0,0
3178,3173,3174,-1,6,0,0,0
3179,3175,3176,-1,4,0,0,0
3180,3177,2230,-1,7,0,0,0
3181,3178,3179,-1,6,0,0,0
3182,3180,3024,-1,7,0,0,0
3183,3181,3182,-1,4,0,0,0
3184,5,54,-1,4,0,0,0
3185,98,112,-1,7,0,0,0
3186,127,144,-1,6,0,0,0
3187,174,190,-1,2,0,0,0
3188,3184,3185,-1,4,0,0,0
3189,3186,3187,-1,6,0,0,0
3190,249,219,-1,2,0,0,0
3191,254,255,-1,6,0,0,0
3192,256,-1,-1,7,0,0,0
3193,3188,3189,-1,6,0,0,0
3194,3190,3191,-1,6,0,0,0
3195,3192,856,-1,2,0,0,0
3196,887,862,-1,7,0,0,0
3197,889,890,-1,4,0,0,0
3198,892,893,-1,4,0,0,0
3199,896,900,-1,7,0,0,0
3200,902,903,-1,6,0,0,0
3201,904,-1,-1,7,0,0,0
3202,3193,3194,-1,6,0,0,0
3203,3195,3196,-1,4,0,0,0
3204,3197,3198,-1,6,0,0,0
3205,3199,3200,-1,2,0,0,0
3206,3201,1352,-1,2,0,0,0
3207,3202,3203,-1,6,0,0,0
3208,3204,3205,-1,6,0,0,0
3209,3206,2241,-1,4,0,0,0
3210,3207,3208,-1,6,0,0,0
3211,3209,2239,-1,4,0,0,0
3212,3028,-1,-1,7,0,0,0
3213,3210,3211,-1,6,0,0,0
3214,3212,-1,-1,7,0,0,0
3215,3213,3214,-1,4,0,0,0
