2164,3047,2196,3073,2227,3098,3126,3153,2267,1489,2294,2318,2349,2381,2412,2439,3176,2473,3201,1558,2501,2528,2553,2582,2612,2641,2675,1606,2699,2727,1641,1669,2748,1284,1699,2774,2802,2829,2855,2885,1730,1760,2913,1791,2941,1817,1845,1874,2965,1338,1902,1928,1954,1980,1370,2006,1396,2028,2992,2057,2083,2108,2135,3019
192,121,147,-1,4,0,0,0
193,102,183,-1,6,0,0,0
194,4,23,-1,6,0,0,0
195,45,143,-1,4,0,0,0
196,3,56,-1,4,0,0,0
197,15,123,-1,4,0,0,0
198,46,132,-1,4,0,0,0
199,58,153,-1,4,0,0,0
200,79,173,-1,4,0,0,0
201,122,176,-1,4,0,0,0
202,162,170,-1,6,0,0,0
203,44,131,-1,4,0,0,0
204,67,126,-1,4,0,0,0
205,114,185,-1,4,0,0,0
206,155,157,-1,6,0,0,0
207,55,165,-1,6,0,0,0
208,92,190,-1,6,0,0,0
209,63,156,-1,4,0,0,0
210,93,135,-1,4,0,0,0
211,109,168,-1,6,0,0,0
212,140,169,-1,4,0,0,0
213,78,115,-1,4,0,0,0
214,38,39,-1,6,0,0,0
215,17,77,-1,4,0,0,0
216,166,178,-1,6,0,0,0
217,89,124,-1,4,0,0,0
218,112,172,-1,4,0,0,0
219,75,189,-1,4,0,0,0
220,19,59,-1,6,0,0,0
221,100,174,-1,4,0,0,0
222,21,110,-1,4,0,0,0
223,16,137,-1,4,0,0,0
224,54,61,-1,4,0,0,0
225,64,84,-1,4,0,0,0
226,82,87,-1,4,0,0,0
227,5,110,-1,4,0,0,0
228,9,43,-1,4,0,0,0
229,134,138,-1,6,0,0,0
230,66,117,-1,6,0,0,0
231,140,146,-1,4,0,0,0
232,173,180,-1,4,0,0,0
233,91,107,-1,4,0,0,0
234,50,166,-1,4,0,0,0
235,65,129,-1,6,0,0,0
236,119,161,-1,4,0,0,0
237,101,121,-1,4,0,0,0
238,55,148,-1,6,0,0,0
239,124,185,-1,4,0,0,0
240,128,179,-1,6,0,0,0
241,86,184,-1,6,0,0,0
242,157,163,-1,4,0,0,0
243,74,142,-1,4,0,0,0
244,69,186,-1,4,0,0,0
245,8,11,-1,4,0,0,0
246,72,191,-1,4,0,0,0
247,34,89,-1,6,0,0,0
248,115,186,-1,4,0,0,0
249,23,43,-1,4,0,0,0
250,27,33,-1,4,0,0,0
251,126,-1,-1,4,0,0,0
252,251,224,-1,6,0,0,0
253,93,172,-1,4,0,0,0
254,13,41,-1,4,0,0,0
255,39,-1,-1,4,0,0,0
256,255,234,-1,4,0,0,0
257,71,106,-1,6,0,0,0
258,34,119,-1,4,0,0,0
259,101,168,-1,6,0,0,0
260,37,82,-1,4,0,0,0
261,108,123,-1,6,0,0,0
262,46,-1,-1,4,0,0,0
263,262,195,-1,6,0,0,0
264,57,74,-1,6,0,0,0
265,110,141,-1,4,0,0,0
266,111,113,-1,4,0,0,0
267,176,182,-1,6,0,0,0
268,62,119,-1,6,0,0,0
269,83,146,-1,6,0,0,0
270,20,121,-1,4,0,0,0
271,28,111,-1,4,0,0,0
272,96,138,-1,4,0,0,0
273,77,105,-1,4,0,0,0
274,99,152,-1,4,0,0,0
275,129,156,-1,4,0,0,0
276,25,127,-1,4,0,0,0
277,32,144,-1,4,0,0,0
278,38,85,-1,6,0,0,0
279,132,164,-1,4,0,0,0
280,136,158,-1,4,0,0,0
281,57,73,-1,6,0,0,0
282,92,-1,-1,4,0,0,0
283,282,225,-1,4,0,0,0
284,113,189,-1,4,0,0,0
285,37,154,-1,4,0,0,0
286,36,118,-1,6,0,0,0
287,7,31,-1,4,0,0,0
288,3,95,-1,4,0,0,0
289,8,150,-1,6,0,0,0
290,22,125,-1,4,0,0,0
291,105,114,-1,4,0,0,0
292,5,75,-1,6,0,0,0
293,96,154,-1,6,0,0,0
294,29,160,-1,4,0,0,0
295,85,86,-1,4,0,0,0
296,31,130,-1,6,0,0,0
297,7,27,-1,6,0,0,0
298,94,121,-1,6,0,0,0
299,10,12,-1,4,0,0,0
300,70,125,-1,6,0,0,0
301,156,158,-1,4,0,0,0
302,59,73,-1,6,0,0,0
303,148,174,-1,4,0,0,0
304,191,-1,-1,4,0,0,0
305,304,233,-1,4,0,0,0
306,79,167,-1,6,0,0,0
307,112,131,-1,6,0,0,0
308,24,115,-1,4,0,0,0
309,45,80,-1,4,0,0,0
310,2,92,-1,4,0,0,0
311,218,257,-1,6,0,0,0
312,5,181,-1,4,0,0,0
313,14,58,-1,4,0,0,0
314,109,-1,-1,4,0,0,0
315,314,219,-1,4,0,0,0
316,149,166,-1,6,0,0,0
317,44,82,-1,4,0,0,0
318,29,54,-1,4,0,0,0
319,95,177,-1,6,0,0,0
320,76,141,-1,6,0,0,0
321,97,-1,-1,4,0,0,0
322,321,267,-1,6,0,0,0
323,22,66,-1,4,0,0,0
324,153,174,-1,6,0,0,0
325,42,118,-1,4,0,0,0
326,51,148,-1,6,0,0,0
327,43,61,-1,6,0,0,0
328,127,151,-1,4,0,0,0
329,92,99,-1,4,0,0,0
330,28,68,-1,6,0,0,0
331,93,120,-1,6,0,0,0
332,90,175,-1,4,0,0,0
333,26,52,-1,6,0,0,0
334,91,104,-1,4,0,0,0
335,35,67,-1,6,0,0,0
336,110,114,-1,6,0,0,0
337,4,47,-1,4,0,0,0
338,8,53,-1,4,0,0,0
339,64,80,-1,4,0,0,0
340,204,254,-1,4,0,0,0
341,51,184,-1,4,0,0,0
342,48,107,-1,4,0,0,0
343,16,-1,-1,4,0,0,0
344,343,310,-1,4,0,0,0
345,191,-1,-1,4,0,0,0
346,345,226,-1,4,0,0,0
347,25,163,-1,6,0,0,0
348,130,149,-1,4,0,0,0
349,24,40,-1,6,0,0,0
350,0,46,-1,4,0,0,0
351,88,152,-1,6,0,0,0
352,52,182,-1,6,0,0,0
353,116,133,-1,4,0,0,0
354,35,140,-1,6,0,0,0
355,189,-1,-1,4,0,0,0
356,355,249,-1,4,0,0,0
357,105,120,-1,6,0,0,0
358,81,163,-1,6,0,0,0
359,26,189,-1,4,0,0,0
360,135,161,-1,4,0,0,0
361,188,-1,-1,4,0,0,0
362,361,281,-1,4,0,0,0
363,104,157,-1,4,0,0,0
364,127,-1,-1,4,0,0,0
365,364,271,-1,4,0,0,0
366,193,294,-1,4,0,0,0
367,95,122,-1,4,0,0,0
368,8,177,-1,6,0,0,0
369,58,94,-1,6,0,0,0
370,142,159,-1,6,0,0,0
371,130,182,-1,4,0,0,0
372,144,149,-1,6,0,0,0
373,21,76,-1,4,0,0,0
374,49,97,-1,4,0,0,0
375,10,-1,-1,4,0,0,0
376,375,268,-1,4,0,0,0
377,94,102,-1,4,0,0,0
378,226,219,-1,4,0,0,0
379,13,-1,-1,4,0,0,0
380,379,329,-1,6,0,0,0
381,140,-1,-1,4,0,0,0
382,381,267,-1,6,0,0,0
383,111,117,-1,4,0,0,0
384,66,139,-1,6,0,0,0
385,23,160,-1,4,0,0,0
386,85,89,-1,6,0,0,0
387,147,-1,-1,4,0,0,0
388,387,276,-1,4,0,0,0
389,144,-1,-1,4,0,0,0
390,389,211,-1,4,0,0,0
391,98,126,-1,6,0,0,0
392,43,47,-1,6,0,0,0
393,56,154,-1,4,0,0,0
394,137,145,-1,4,0,0,0
395,11,-1,-1,4,0,0,0
396,395,334,-1,6,0,0,0
397,17,191,-1,4,0,0,0
398,31,187,-1,4,0,0,0
399,65,150,-1,4,0,0,0
400,48,57,-1,4,0,0,0
401,9,149,-1,4,0,0,0
402,367,212,-1,6,0,0,0
403,19,-1,-1,4,0,0,0
404,403,374,-1,4,0,0,0
405,127,145,-1,4,0,0,0
406,116,-1,-1,4,0,0,0
407,406,206,-1,6,0,0,0
408,54,159,-1,6,0,0,0
409,92,179,-1,6,0,0,0
410,143,164,-1,6,0,0,0
411,32,153,-1,4,0,0,0
412,6,118,-1,4,0,0,0
413,13,63,-1,4,0,0,0
414,5,89,-1,4,0,0,0
415,17,176,-1,4,0,0,0
416,42,186,-1,4,0,0,0
417,163,-1,-1,4,0,0,0
418,417,269,-1,4,0,0,0
419,74,-1,-1,4,0,0,0
420,419,246,-1,4,0,0,0
421,29,59,-1,4,0,0,0
422,204,293,-1,4,0,0,0
423,40,78,-1,4,0,0,0
424,1,69,-1,6,0,0,0
425,113,-1,-1,4,0,0,0
426,425,360,-1,4,0,0,0
427,124,178,-1,4,0,0,0
428,88,133,-1,4,0,0,0
429,276,241,-1,4,0,0,0
430,331,-1,-1,4,0,0,0
431,430,315,-1,6,0,0,0
432,20,100,-1,4,0,0,0
433,243,-1,-1,4,0,0,0
434,433,340,-1,4,0,0,0
435,143,-1,-1,4,0,0,0
436,435,296,-1,6,0,0,0
437,228,-1,-1,4,0,0,0
438,437,376,-1,4,0,0,0
439,12,30,-1,4,0,0,0
440,158,-1,-1,4,0,0,0
441,440,203,-1,4,0,0,0
442,122,187,-1,6,0,0,0
443,38,-1,-1,4,0,0,0
444,443,332,-1,6,0,0,0
445,281,234,-1,4,0,0,0
446,51,60,-1,4,0,0,0
447,117,-1,-1,4,0,0,0
448,447,213,-1,4,0,0,0
449,161,164,-1,6,0,0,0
450,79,88,-1,4,0,0,0
451,243,229,-1,6,0,0,0
452,37,53,-1,4,0,0,0
453,181,188,-1,4,0,0,0
454,99,136,-1,6,0,0,0
455,96,100,-1,6,0,0,0
456,55,61,-1,4,0,0,0
457,91,180,-1,4,0,0,0
458,90,98,-1,6,0,0,0
459,19,168,-1,4,0,0,0
460,368,307,-1,6,0,0,0
461,103,-1,-1,4,0,0,0
462,461,330,-1,4,0,0,0
463,24,-1,-1,4,0,0,0
464,463,204,-1,4,0,0,0
465,87,-1,-1,4,0,0,0
466,465,386,-1,4,0,0,0
467,128,-1,-1,4,0,0,0
468,467,318,-1,4,0,0,0
469,5,34,-1,4,0,0,0
470,27,132,-1,4,0,0,0
471,18,135,-1,4,0,0,0
472,72,114,-1,4,0,0,0
473,136,165,-1,4,0,0,0
474,142,-1,-1,4,0,0,0
475,474,357,-1,4,0,0,0
476,67,173,-1,4,0,0,0
477,74,185,-1,4,0,0,0
478,300,377,-1,4,0,0,0
479,21,-1,-1,4,0,0,0
480,479,318,-1,6,0,0,0
481,49,-1,-1,4,0,0,0
482,481,272,-1,6,0,0,0
483,50,71,-1,6,0,0,0
484,107,140,-1,6,0,0,0
485,53,108,-1,4,0,0,0
486,87,-1,-1,4,0,0,0
487,486,194,-1,6,0,0,0
488,86,144,-1,6,0,0,0
489,65,-1,-1,4,0,0,0
490,489,265,-1,4,0,0,0
491,64,74,-1,6,0,0,0
492,0,11,-1,4,0,0,0
493,13,112,-1,4,0,0,0
494,14,190,-1,6,0,0,0
495,120,-1,-1,4,0,0,0
496,495,450,-1,4,0,0,0
497,160,-1,-1,4,0,0,0
498,497,266,-1,4,0,0,0
499,168,-1,-1,4,0,0,0
500,499,488,-1,4,0,0,0
501,176,-1,-1,4,0,0,0
502,501,449,-1,4,0,0,0
503,318,373,-1,6,0,0,0
504,7,77,-1,6,0,0,0
505,32,68,-1,6,0,0,0
506,36,41,-1,4,0,0,0
507,50,93,-1,4,0,0,0
508,106,-1,-1,4,0,0,0
509,508,485,-1,4,0,0,0
510,67,128,-1,4,0,0,0
511,45,60,-1,4,0,0,0
512,76,-1,-1,4,0,0,0
513,512,455,-1,4,0,0,0
514,73,125,-1,4,0,0,0
515,183,-1,-1,4,0,0,0
516,515,250,-1,4,0,0,0
517,259,274,-1,4,0,0,0
518,246,359,-1,6,0,0,0
519,37,90,-1,6,0,0,0
520,51,165,-1,6,0,0,0
521,175,180,-1,4,0,0,0
522,59,91,-1,4,0,0,0
523,98,117,-1,4,0,0,0
524,50,135,-1,4,0,0,0
525,1,76,-1,4,0,0,0
526,124,-1,-1,4,0,0,0
527,526,410,-1,4,0,0,0
528,231,270,-1,4,0,0,0
529,78,85,-1,4,0,0,0
530,181,-1,-1,4,0,0,0
531,530,400,-1,6,0,0,0
532,16,-1,-1,4,0,0,0
533,532,-1,-1,4,0,0,0
534,533,322,-1,6,0,0,0
535,30,109,-1,4,0,0,0
536,145,154,-1,6,0,0,0
537,150,169,-1,6,0,0,0
538,99,171,-1,6,0,0,0
539,91,155,-1,4,0,0,0
540,4,94,-1,4,0,0,0
541,471,-1,-1,4,0,0,0
542,541,462,-1,4,0,0,0
543,1,66,-1,6,0,0,0
544,21,187,-1,4,0,0,0
545,84,157,-1,4,0,0,0
546,25,188,-1,4,0,0,0
547,83,-1,-1,4,0,0,0
548,547,214,-1,6,0,0,0
549,1,41,-1,6,0,0,0
550,124,177,-1,4,0,0,0
551,213,277,-1,4,0,0,0
552,120,-1,-1,4,0,0,0
553,552,300,-1,4,0,0,0
554,223,306,-1,4,0,0,0
555,75,-1,-1,4,0,0,0
556,555,266,-1,4,0,0,0
557,76,-1,-1,4,0,0,0
558,557,374,-1,4,0,0,0
559,38,143,-1,4,0,0,0
560,133,152,-1,4,0,0,0
561,184,-1,-1,4,0,0,0
562,561,257,-1,6,0,0,0
563,2,3,-1,4,0,0,0
564,167,189,-1,6,0,0,0
565,9,34,-1,4,0,0,0
566,171,-1,-1,4,0,0,0
567,566,-1,-1,4,0,0,0
568,567,426,-1,4,0,0,0
569,18,134,-1,4,0,0,0
570,0,72,-1,4,0,0,0
571,86,-1,-1,4,0,0,0
572,571,353,-1,6,0,0,0
573,49,112,-1,4,0,0,0
574,172,-1,-1,4,0,0,0
575,574,399,-1,6,0,0,0
576,79,-1,-1,4,0,0,0
577,576,393,-1,4,0,0,0
578,33,35,-1,4,0,0,0
579,95,133,-1,4,0,0,0
580,153,-1,-1,4,0,0,0
581,580,209,-1,4,0,0,0
582,137,-1,-1,4,0,0,0
583,582,280,-1,4,0,0,0
584,70,91,-1,4,0,0,0
585,100,-1,-1,4,0,0,0
586,585,293,-1,4,0,0,0
587,7,28,-1,4,0,0,0
588,121,-1,-1,4,0,0,0
589,588,-1,-1,4,0,0,0
590,589,448,-1,6,0,0,0
591,57,-1,-1,4,0,0,0
592,591,520,-1,6,0,0,0
593,116,155,-1,4,0,0,0
594,41,112,-1,4,0,0,0
595,329,339,-1,4,0,0,0
596,39,-1,-1,4,0,0,0
597,596,192,-1,6,0,0,0
598,150,-1,-1,4,0,0,0
599,598,349,-1,6,0,0,0
600,108,-1,-1,4,0,0,0
601,600,276,-1,4,0,0,0
602,44,-1,-1,4,0,0,0
603,602,294,-1,4,0,0,0
604,104,-1,-1,4,0,0,0
605,604,277,-1,6,0,0,0
606,180,-1,-1,4,0,0,0
607,606,550,-1,4,0,0,0
608,42,172,-1,4,0,0,0
609,424,216,-1,6,0,0,0
610,122,165,-1,4,0,0,0
611,151,-1,-1,4,0,0,0
612,611,-1,-1,4,0,0,0
613,612,376,-1,6,0,0,0
614,135,151,-1,4,0,0,0
615,180,-1,-1,4,0,0,0
616,615,494,-1,6,0,0,0
617,81,-1,-1,4,0,0,0
618,617,-1,-1,4,0,0,0
619,618,601,-1,4,0,0,0
620,12,130,-1,6,0,0,0
621,146,-1,-1,4,0,0,0
622,621,374,-1,6,0,0,0
623,159,167,-1,4,0,0,0
624,80,170,-1,4,0,0,0
625,158,-1,-1,4,0,0,0
626,625,331,-1,6,0,0,0
627,48,63,-1,4,0,0,0
628,92,-1,-1,4,0,0,0
629,628,197,-1,4,0,0,0
630,171,-1,-1,4,0,0,0
631,630,522,-1,4,0,0,0
632,273,-1,-1,4,0,0,0
633,632,487,-1,4,0,0,0
634,3,103,-1,4,0,0,0
635,198,324,-1,4,0,0,0
636,170,-1,-1,4,0,0,0
637,636,579,-1,6,0,0,0
638,399,306,-1,4,0,0,0
639,17,171,-1,4,0,0,0
640,162,-1,-1,4,0,0,0
641,640,280,-1,4,0,0,0
642,334,223,-1,4,0,0,0
643,11,159,-1,4,0,0,0
644,62,84,-1,4,0,0,0
645,103,-1,-1,4,0,0,0
646,645,485,-1,4,0,0,0
647,323,-1,-1,4,0,0,0
648,647,581,-1,4,0,0,0
649,81,164,-1,4,0,0,0
650,2,-1,-1,4,0,0,0
651,650,193,-1,6,0,0,0
652,337,614,-1,6,0,0,0
653,179,-1,-1,4,0,0,0
654,653,368,-1,6,0,0,0
655,15,22,-1,4,0,0,0
656,63,-1,-1,4,0,0,0
657,656,373,-1,4,0,0,0
658,109,138,-1,4,0,0,0
659,123,-1,-1,4,0,0,0
660,659,225,-1,4,0,0,0
661,186,-1,-1,4,0,0,0
662,661,292,-1,4,0,0,0
663,68,129,-1,4,0,0,0
664,363,-1,-1,4,0,0,0
665,664,616,-1,4,0,0,0
666,23,-1,-1,4,0,0,0
667,666,353,-1,6,0,0,0
668,45,-1,-1,4,0,0,0
669,668,639,-1,4,0,0,0
670,90,-1,-1,4,0,0,0
671,670,351,-1,4,0,0,0
672,145,183,-1,4,0,0,0
673,9,111,-1,4,0,0,0
674,14,61,-1,4,0,0,0
675,77,97,-1,4,0,0,0
676,105,160,-1,4,0,0,0
677,177,-1,-1,4,0,0,0
678,677,338,-1,4,0,0,0
679,48,173,-1,4,0,0,0
680,123,167,-1,4,0,0,0
681,78,84,-1,6,0,0,0
682,55,137,-1,4,0,0,0
683,333,579,-1,4,0,0,0
684,239,220,-1,6,0,0,0
685,155,179,-1,4,0,0,0
686,369,401,-1,6,0,0,0
687,88,-1,-1,4,0,0,0
688,687,608,-1,4,0,0,0
689,71,-1,-1,4,0,0,0
690,689,353,-1,6,0,0,0
691,68,86,-1,6,0,0,0
692,161,-1,-1,4,0,0,0
693,692,246,-1,6,0,0,0
694,51,131,-1,4,0,0,0
695,81,-1,-1,4,0,0,0
696,695,-1,-1,4,0,0,0
697,696,490,-1,4,0,0,0
698,169,-1,-1,4,0,0,0
699,698,202,-1,6,0,0,0
700,4,62,-1,4,0,0,0
701,36,184,-1,4,0,0,0
702,449,-1,-1,4,0,0,0
703,702,252,-1,6,0,0,0
704,64,-1,-1,4,0,0,0
705,704,405,-1,4,0,0,0
706,176,-1,-1,4,0,0,0
707,706,573,-1,4,0,0,0
708,106,-1,-1,4,0,0,0
709,708,537,-1,4,0,0,0
710,16,81,-1,4,0,0,0
711,66,141,-1,4,0,0,0
712,338,377,-1,6,0,0,0
713,187,-1,-1,4,0,0,0
714,713,424,-1,4,0,0,0
715,6,45,-1,4,0,0,0
716,33,-1,-1,4,0,0,0
717,716,-1,-1,4,0,0,0
718,717,448,-1,4,0,0,0
719,19,-1,-1,4,0,0,0
720,719,216,-1,4,0,0,0
721,56,119,-1,4,0,0,0
722,61,185,-1,4,0,0,0
723,67,-1,-1,4,0,0,0
724,723,358,-1,4,0,0,0
725,214,310,-1,4,0,0,0
726,88,156,-1,4,0,0,0
727,77,-1,-1,4,0,0,0
728,727,384,-1,6,0,0,0
729,367,-1,-1,4,0,0,0
730,729,378,-1,6,0,0,0
731,190,-1,-1,4,0,0,0
732,731,285,-1,4,0,0,0
733,330,370,-1,4,0,0,0
734,0,110,-1,4,0,0,0
735,12,127,-1,4,0,0,0
736,32,60,-1,4,0,0,0
737,56,-1,-1,4,0,0,0
738,737,-1,-1,4,0,0,0
739,738,420,-1,4,0,0,0
740,59,-1,-1,4,0,0,0
741,740,427,-1,4,0,0,0
742,65,-1,-1,4,0,0,0
743,742,248,-1,4,0,0,0
744,183,-1,-1,4,0,0,0
745,744,197,-1,4,0,0,0
746,608,523,-1,4,0,0,0
747,357,-1,-1,7,0,0,0
748,747,509,-1,2,0,0,0
749,101,181,-1,4,0,0,0
750,544,363,-1,4,0,0,0
751,13,-1,-1,4,0,0,0
752,751,374,-1,4,0,0,0
753,249,223,-1,4,0,0,0
754,78,-1,-1,4,0,0,0
755,754,320,-1,6,0,0,0
756,41,-1,-1,4,0,0,0
757,756,368,-1,4,0,0,0
758,114,-1,-1,4,0,0,0
759,758,215,-1,4,0,0,0
760,185,-1,-1,4,0,0,0
761,760,193,-1,4,0,0,0
762,87,-1,-1,4,0,0,0
763,762,215,-1,6,0,0,0
764,26,28,-1,4,0,0,0
765,105,166,-1,6,0,0,0
766,286,520,-1,4,0,0,0
767,9,150,-1,4,0,0,0
768,11,60,-1,6,0,0,0
769,54,-1,-1,4,0,0,0
770,769,442,-1,6,0,0,0
771,10,-1,-1,4,0,0,0
772,771,235,-1,4,0,0,0
773,45,151,-1,4,0,0,0
774,456,-1,-1,4,0,0,0
775,774,404,-1,4,0,0,0
776,131,-1,-1,4,0,0,0
777,776,504,-1,4,0,0,0
778,181,-1,-1,4,0,0,0
779,778,505,-1,4,0,0,0
780,23,-1,-1,4,0,0,0
781,780,192,-1,4,0,0,0
782,108,-1,-1,4,0,0,0
783,782,-1,-1,4,0,0,0
784,783,626,-1,4,0,0,0
785,71,-1,-1,4,0,0,0
786,785,-1,-1,4,0,0,0
787,786,451,-1,4,0,0,0
788,8,29,-1,4,0,0,0
789,47,178,-1,4,0,0,0
790,25,-1,-1,4,0,0,0
791,790,267,-1,4,0,0,0
792,55,145,-1,4,0,0,0
793,136,-1,-1,4,0,0,0
794,793,244,-1,4,0,0,0
795,492,-1,-1,4,0,0,0
796,795,509,-1,4,0,0,0
797,146,-1,-1,4,0,0,0
798,797,455,-1,6,0,0,0
799,291,302,-1,6,0,0,0
800,18,43,-1,4,0,0,0
801,17,52,-1,4,0,0,0
802,25,119,-1,4,0,0,0
803,37,-1,-1,4,0,0,0
804,803,408,-1,4,0,0,0
805,15,100,-1,4,0,0,0
806,112,-1,-1,4,0,0,0
807,806,200,-1,6,0,0,0
808,10,-1,-1,4,0,0,0
809,808,196,-1,4,0,0,0
810,82,-1,-1,4,0,0,0
811,810,218,-1,4,0,0,0
812,18,-1,-1,4,0,0,0
813,812,292,-1,6,0,0,0
814,47,-1,-1,4,0,0,0
815,814,265,-1,4,0,0,0
816,115,-1,-1,4,0,0,0
817,816,195,-1,4,0,0,0
818,323,205,-1,4,0,0,0
819,399,529,-1,4,0,0,0
820,76,139,-1,4,0,0,0
821,40,145,-1,4,0,0,0
822,226,788,-1,4,0,0,0
823,0,20,-1,4,0,0,0
824,510,352,-1,4,0,0,0
825,2,-1,-1,4,0,0,0
826,825,334,-1,6,0,0,0
827,394,507,-1,4,0,0,0
828,685,452,-1,4,0,0,0
829,95,-1,-1,4,0,0,0
830,829,655,-1,6,0,0,0
831,188,-1,-1,4,0,0,0
832,831,391,-1,4,0,0,0
833,49,82,-1,4,0,0,0
834,139,-1,-1,4,0,0,0
835,834,331,-1,4,0,0,0
836,442,-1,-1,4,0,0,0
837,836,597,-1,4,0,0,0
838,6,131,-1,4,0,0,0
839,227,521,-1,6,0,0,0
840,197,-1,-1,4,0,0,0
841,840,445,-1,4,0,0,0
842,39,64,-1,4,0,0,0
843,125,155,-1,4,0,0,0
844,286,549,-1,4,0,0,0
845,173,-1,-1,4,0,0,0
846,845,196,-1,4,0,0,0
847,407,311,-1,4,0,0,0
848,31,-1,-1,4,0,0,0
849,848,399,-1,4,0,0,0
850,129,-1,-1,4,0,0,0
851,850,488,-1,4,0,0,0
852,226,710,-1,4,0,0,0
853,227,201,-1,4,0,0,0
854,53,104,-1,4,0,0,0
855,56,-1,-1,4,0,0,0
856,855,397,-1,6,0,0,0
857,67,-1,-1,4,0,0,0
858,857,504,-1,4,0,0,0
859,129,-1,-1,4,0,0,0
860,859,209,-1,4,0,0,0
861,405,320,-1,4,0,0,0
862,228,453,-1,4,0,0,0
863,16,-1,-1,4,0,0,0
864,863,391,-1,6,0,0,0
865,30,107,-1,4,0,0,0
866,126,-1,-1,4,0,0,0
867,866,710,-1,6,0,0,0
868,0,-1,-1,4,0,0,0
869,868,368,-1,4,0,0,0
870,331,-1,-1,4,0,0,0
871,870,-1,-1,4,0,0,0
872,871,718,-1,4,0,0,0
873,28,-1,-1,4,0,0,0
874,873,-1,-1,4,0,0,0
875,874,436,-1,6,0,0,0
876,39,-1,-1,4,0,0,0
877,876,291,-1,4,0,0,0
878,643,820,-1,4,0,0,0
879,13,-1,-1,4,0,0,0
880,879,721,-1,6,0,0,0
881,6,24,-1,4,0,0,0
882,46,-1,-1,4,0,0,0
883,882,685,-1,4,0,0,0
884,358,-1,-1,4,0,0,0
885,884,642,-1,4,0,0,0
886,116,-1,-1,4,0,0,0
887,886,212,-1,4,0,0,0
888,29,-1,-1,4,0,0,0
889,888,360,-1,4,0,0,0
890,94,-1,-1,4,0,0,0
891,890,674,-1,4,0,0,0
892,22,-1,-1,4,0,0,0
893,892,272,-1,4,0,0,0
894,71,-1,-1,4,0,0,0
895,894,578,-1,4,0,0,0
896,108,-1,-1,4,0,0,0
897,896,197,-1,4,0,0,0
898,191,-1,-1,4,0,0,0
899,898,198,-1,4,0,0,0
900,158,-1,-1,4,0,0,0
901,900,203,-1,6,0,0,0
902,97,-1,-1,4,0,0,0
903,902,204,-1,4,0,0,0
904,120,-1,-1,4,0,0,0
905,904,206,-1,4,0,0,0
906,98,-1,-1,4,0,0,0
907,906,209,-1,6,0,0,0
908,107,-1,-1,4,0,0,0
909,908,211,-1,4,0,0,0
910,111,-1,-1,4,0,0,0
911,910,212,-1,4,0,0,0
912,60,-1,-1,4,0,0,0
913,912,214,-1,6,0,0,0
914,215,216,-1,4,0,0,0
915,218,219,-1,4,0,0,0
916,33,-1,-1,4,0,0,0
917,916,220,-1,6,0,0,0
918,221,222,-1,6,0,0,0
919,83,-1,-1,4,0,0,0
920,919,226,-1,4,0,0,0
921,36,-1,-1,4,0,0,0
922,921,229,-1,4,0,0,0
923,232,211,-1,6,0,0,0
924,48,-1,-1,4,0,0,0
925,924,233,-1,4,0,0,0
926,73,-1,-1,4,0,0,0
927,926,234,-1,4,0,0,0
928,78,-1,-1,4,0,0,0
929,928,235,-1,4,0,0,0
930,42,-1,-1,4,0,0,0
931,930,239,-1,4,0,0,0
932,103,-1,-1,4,0,0,0
933,932,241,-1,6,0,0,0
934,118,-1,-1,4,0,0,0
935,934,242,-1,4,0,0,0
936,70,-1,-1,4,0,0,0
937,936,243,-1,6,0,0,0
938,80,-1,-1,4,0,0,0
939,938,245,-1,4,0,0,0
940,102,-1,-1,4,0,0,0
941,940,246,-1,4,0,0,0
942,169,-1,-1,4,0,0,0
943,942,247,-1,4,0,0,0
944,10,-1,-1,4,0,0,0
945,944,250,-1,4,0,0,0
946,124,-1,-1,4,0,0,0
947,946,254,-1,4,0,0,0
948,257,258,-1,4,0,0,0
949,259,260,-1,4,0,0,0
950,170,-1,-1,4,0,0,0
951,950,261,-1,4,0,0,0
952,88,-1,-1,4,0,0,0
953,952,-1,-1,4,0,0,0
954,953,263,-1,6,0,0,0
955,188,-1,-1,4,0,0,0
956,955,265,-1,6,0,0,0
957,215,266,-1,6,0,0,0
958,175,-1,-1,4,0,0,0
959,958,272,-1,4,0,0,0
960,163,-1,-1,4,0,0,0
961,960,277,-1,4,0,0,0
962,169,-1,-1,4,0,0,0
963,962,280,-1,4,0,0,0
964,281,265,-1,4,0,0,0
965,101,-1,-1,4,0,0,0
966,965,285,-1,6,0,0,0
967,286,287,-1,4,0,0,0
968,238,288,-1,4,0,0,0
969,191,-1,-1,4,0,0,0
970,969,290,-1,6,0,0,0
971,188,-1,-1,4,0,0,0
972,971,291,-1,6,0,0,0
973,15,-1,-1,4,0,0,0
974,973,296,-1,6,0,0,0
975,297,298,-1,6,0,0,0
976,134,-1,-1,4,0,0,0
977,976,299,-1,4,0,0,0
978,178,-1,-1,4,0,0,0
979,978,300,-1,4,0,0,0
980,234,302,-1,4,0,0,0
981,214,303,-1,4,0,0,0
982,206,-1,-1,4,0,0,0
983,982,305,-1,4,0,0,0
984,306,307,-1,4,0,0,0
985,308,309,-1,4,0,0,0
986,261,310,-1,6,0,0,0
987,133,-1,-1,4,0,0,0
988,987,318,-1,4,0,0,0
989,8,-1,-1,4,0,0,0
990,989,-1,-1,4,0,0,0
991,990,966,-1,4,0,0,0
992,190,-1,-1,4,0,0,0
993,992,320,-1,4,0,0,0
994,183,-1,-1,4,0,0,0
995,994,323,-1,6,0,0,0
996,25,-1,-1,4,0,0,0
997,996,324,-1,4,0,0,0
998,119,-1,-1,4,0,0,0
999,998,327,-1,6,0,0,0
1000,129,-1,-1,4,0,0,0
1001,1000,328,-1,6,0,0,0
1002,329,330,-1,6,0,0,0
1003,24,-1,-1,4,0,0,0
1004,1003,331,-1,4,0,0,0
1005,332,333,-1,6,0,0,0
1006,334,335,-1,4,0,0,0
1007,139,-1,-1,4,0,0,0
1008,1007,342,-1,6,0,0,0
1009,349,350,-1,4,0,0,0
1010,69,-1,-1,4,0,0,0
1011,1010,351,-1,6,0,0,0
1012,31,-1,-1,4,0,0,0
1013,1012,352,-1,4,0,0,0
1014,14,-1,-1,4,0,0,0
1015,1014,353,-1,4,0,0,0
1016,247,-1,-1,4,0,0,0
1017,1016,979,-1,6,0,0,0
1018,354,-1,-1,4,0,0,0
1019,1018,356,-1,6,0,0,0
1020,49,-1,-1,4,0,0,0
1021,1020,358,-1,4,0,0,0
1022,40,-1,-1,4,0,0,0
1023,1022,360,-1,4,0,0,0
1024,15,-1,-1,4,0,0,0
1025,1024,363,-1,4,0,0,0
1026,35,-1,-1,4,0,0,0
1027,1026,-1,-1,4,0,0,0
1028,1027,922,-1,4,0,0,0
1029,44,-1,-1,4,0,0,0
1030,1029,367,-1,4,0,0,0
1031,72,-1,-1,4,0,0,0
1032,1031,368,-1,6,0,0,0
1033,22,-1,-1,4,0,0,0
1034,1033,369,-1,6,0,0,0
1035,268,370,-1,6,0,0,0
1036,106,-1,-1,4,0,0,0
1037,1036,371,-1,6,0,0,0
1038,165,-1,-1,4,0,0,0
1039,1038,372,-1,6,0,0,0
1040,373,194,-1,6,0,0,0
1041,203,384,-1,6,0,0,0
1042,39,-1,-1,4,0,0,0
1043,1042,386,-1,4,0,0,0
1044,175,-1,-1,4,0,0,0
1045,1044,-1,-1,4,0,0,0
1046,1045,390,-1,4,0,0,0
1047,107,-1,-1,4,0,0,0
1048,1047,391,-1,4,0,0,0
1049,220,392,-1,4,0,0,0
1050,128,-1,-1,4,0,0,0
1051,1050,393,-1,4,0,0,0
1052,120,-1,-1,4,0,0,0
1053,1052,394,-1,4,0,0,0
1054,397,398,-1,6,0,0,0
1055,130,-1,-1,4,0,0,0
1056,1055,401,-1,4,0,0,0
1057,972,402,-1,4,0,0,0
1058,405,-1,-1,4,0,0,0
1059,1058,407,-1,4,0,0,0
1060,135,-1,-1,4,0,0,0
1061,1060,412,-1,4,0,0,0
1062,190,-1,-1,4,0,0,0
1063,1062,413,-1,6,0,0,0
1064,373,-1,-1,4,0,0,0
1065,1064,420,-1,4,0,0,0
1066,421,-1,-1,4,0,0,0
1067,1066,422,-1,4,0,0,0
1068,28,-1,-1,4,0,0,0
1069,1068,423,-1,6,0,0,0
1070,306,-1,-1,4,0,0,0
1071,1070,436,-1,4,0,0,0
1072,182,-1,-1,4,0,0,0
1073,1072,439,-1,6,0,0,0
1074,103,-1,-1,4,0,0,0
1075,1074,442,-1,4,0,0,0
1076,446,-1,-1,4,0,0,0
1077,1076,445,-1,6,0,0,0
1078,153,-1,-1,4,0,0,0
1079,1078,455,-1,4,0,0,0
1080,456,457,-1,4,0,0,0
1081,110,-1,-1,4,0,0,0
1082,1081,459,-1,6,0,0,0
1083,358,-1,-1,4,0,0,0
1084,1083,462,-1,6,0,0,0
1085,333,-1,-1,4,0,0,0
1086,1085,464,-1,6,0,0,0
1087,466,468,-1,6,0,0,0
1088,113,-1,-1,4,0,0,0
1089,1088,470,-1,4,0,0,0
1090,81,-1,-1,4,0,0,0
1091,1090,472,-1,4,0,0,0
1092,132,-1,-1,4,0,0,0
1093,1092,485,-1,6,0,0,0
1094,176,-1,-1,4,0,0,0
1095,1094,-1,-1,4,0,0,0
1096,1095,487,-1,6,0,0,0
1097,488,428,-1,6,0,0,0
1098,118,-1,-1,4,0,0,0
1099,1098,492,-1,4,0,0,0
1100,27,-1,-1,4,0,0,0
1101,1100,494,-1,4,0,0,0
1102,959,498,-1,4,0,0,0
1103,230,-1,-1,4,0,0,0
1104,1103,500,-1,4,0,0,0
1105,485,-1,-1,4,0,0,0
1106,1105,502,-1,6,0,0,0
1107,44,-1,-1,4,0,0,0
1108,1107,-1,-1,4,0,0,0
1109,1108,503,-1,4,0,0,0
1110,323,-1,-1,4,0,0,0
1111,1110,509,-1,4,0,0,0
1112,14,-1,-1,4,0,0,0
1113,1112,510,-1,4,0,0,0
1114,84,-1,-1,4,0,0,0
1115,1114,514,-1,4,0,0,0
1116,360,-1,-1,4,0,0,0
1117,1116,516,-1,4,0,0,0
1118,83,-1,-1,4,0,0,0
1119,1118,-1,-1,4,0,0,0
1120,1119,1043,-1,4,0,0,0
1121,108,-1,-1,4,0,0,0
1122,1121,-1,-1,4,0,0,0
1123,1122,945,-1,4,0,0,0
1124,77,-1,-1,4,0,0,0
1125,1124,529,-1,4,0,0,0
1126,54,-1,-1,4,0,0,0
1127,1126,-1,-1,4,0,0,0
1128,1127,531,-1,6,0,0,0
1129,350,-1,-1,4,0,0,0
1130,1129,-1,-1,4,0,0,0
1131,1130,534,-1,6,0,0,0
1132,75,-1,-1,4,0,0,0
1133,1132,536,-1,4,0,0,0
1134,224,-1,-1,4,0,0,0
1135,1134,1091,-1,4,0,0,0
1136,248,-1,-1,4,0,0,0
1137,1136,1063,-1,4,0,0,0
1138,96,-1,-1,4,0,0,0
1139,1138,-1,-1,4,0,0,0
1140,1139,945,-1,6,0,0,0
1141,20,-1,-1,4,0,0,0
1142,1141,544,-1,4,0,0,0
1143,312,545,-1,6,0,0,0
1144,546,-1,-1,4,0,0,0
1145,1144,548,-1,6,0,0,0
1146,121,-1,-1,4,0,0,0
1147,1146,559,-1,4,0,0,0
1148,138,-1,-1,4,0,0,0
1149,1148,-1,-1,4,0,0,0
1150,1149,-1,-1,4,0,0,0
1151,1150,1059,-1,4,0,0,0
1152,367,-1,-1,4,0,0,0
1153,1152,562,-1,4,0,0,0
1154,471,563,-1,6,0,0,0
1155,102,-1,-1,4,0,0,0
1156,1155,564,-1,6,0,0,0
1157,394,-1,-1,4,0,0,0
1158,1157,-1,-1,4,0,0,0
1159,1158,568,-1,4,0,0,0
1160,959,-1,-1,4,0,0,0
1161,1160,1111,-1,4,0,0,0
1162,157,-1,-1,4,0,0,0
1163,1162,570,-1,4,0,0,0
1164,573,-1,-1,4,0,0,0
1165,1164,903,-1,6,0,0,0
1166,91,-1,-1,4,0,0,0
1167,1166,-1,-1,4,0,0,0
1168,1167,899,-1,4,0,0,0
1169,575,577,-1,6,0,0,0
1170,62,-1,-1,4,0,0,0
1171,1170,587,-1,6,0,0,0
1172,593,-1,-1,4,0,0,0
1173,1172,592,-1,6,0,0,0
1174,594,-1,-1,4,0,0,0
1175,1174,595,-1,6,0,0,0
1176,132,-1,-1,4,0,0,0
1177,1176,-1,-1,4,0,0,0
1178,1177,605,-1,4,0,0,0
1179,75,-1,-1,4,0,0,0
1180,1179,-1,-1,4,0,0,0
1181,1180,933,-1,6,0,0,0
1182,610,-1,-1,7,0,0,0
1183,1182,609,-1,2,0,0,0
1184,146,-1,-1,4,0,0,0
1185,1184,-1,-1,4,0,0,0
1186,1185,1034,-1,6,0,0,0
1187,624,275,-1,4,0,0,0
1188,104,-1,-1,4,0,0,0
1189,1188,-1,-1,4,0,0,0
1190,1189,626,-1,6,0,0,0
1191,237,-1,-1,4,0,0,0
1192,1191,635,-1,4,0,0,0
1193,206,-1,-1,4,0,0,0
1194,1193,638,-1,4,0,0,0
1195,160,-1,-1,4,0,0,0
1196,1195,649,-1,6,0,0,0
1197,292,-1,-1,4,0,0,0
1198,1197,651,-1,6,0,0,0
1199,269,-1,-1,4,0,0,0
1200,1199,654,-1,6,0,0,0
1201,663,-1,-1,7,0,0,0
1202,1201,966,-1,2,0,0,0
1203,202,-1,-1,4,0,0,0
1204,1203,669,-1,6,0,0,0
1205,254,672,-1,4,0,0,0
1206,317,-1,-1,4,0,0,0
1207,1206,-1,-1,4,0,0,0
1208,1207,1135,-1,6,0,0,0
1209,676,-1,-1,4,0,0,0
1210,1209,599,-1,6,0,0,0
1211,472,-1,-1,4,0,0,0
1212,1211,1061,-1,4,0,0,0
1213,514,679,-1,4,0,0,0
1214,680,-1,-1,7,0,0,0
1215,1214,322,-1,2,0,0,0
1216,192,-1,-1,4,0,0,0
1217,1216,1008,-1,4,0,0,0
1218,685,-1,-1,4,0,0,0
1219,1218,686,-1,4,0,0,0
1220,154,-1,-1,4,0,0,0
1221,1220,-1,-1,4,0,0,0
1222,1221,997,-1,6,0,0,0
1223,295,-1,-1,4,0,0,0
1224,1223,688,-1,6,0,0,0
1225,53,-1,-1,4,0,0,0
1226,1225,-1,-1,4,0,0,0
1227,1226,1013,-1,4,0,0,0
1228,492,-1,-1,4,0,0,0
1229,1228,709,-1,4,0,0,0
1230,710,711,-1,4,0,0,0
1231,715,-1,-1,4,0,0,0
1232,1231,690,-1,6,0,0,0
1233,232,726,-1,4,0,0,0
1234,372,-1,-1,4,0,0,0
1235,1234,732,-1,6,0,0,0
1236,155,-1,-1,4,0,0,0
1237,1236,-1,-1,4,0,0,0
1238,1237,733,-1,4,0,0,0
1239,749,-1,-1,4,0,0,0
1240,1239,750,-1,4,0,0,0
1241,143,-1,-1,4,0,0,0
1242,1241,-1,-1,4,0,0,0
1243,1242,897,-1,4,0,0,0
1244,369,-1,-1,4,0,0,0
1245,1244,755,-1,4,0,0,0
1246,351,-1,-1,4,0,0,0
1247,1246,757,-1,4,0,0,0
1248,144,-1,-1,4,0,0,0
1249,1248,-1,-1,4,0,0,0
1250,1249,759,-1,6,0,0,0
1251,466,761,-1,6,0,0,0
1252,218,-1,-1,4,0,0,0
1253,1252,997,-1,4,0,0,0
1254,549,-1,-1,4,0,0,0
1255,1254,913,-1,6,0,0,0
1256,382,1156,-1,6,0,0,0
1257,12,48,-1,6,0,0,0
1258,58,63,-1,6,0,0,0
1259,75,80,-1,6,0,0,0
1260,127,190,-1,4,0,0,0
1261,1257,1258,-1,6,0,0,0
1262,1259,1260,-1,6,0,0,0
1263,226,285,-1,7,0,0,0
1264,196,549,-1,4,0,0,0
1265,258,287,-1,6,0,0,0
1266,681,767,-1,6,0,0,0
1267,416,584,-1,4,0,0,0
1268,768,-1,-1,4,0,0,0
1269,1261,1262,-1,6,0,0,0
1270,1263,1264,-1,2,0,0,0
1271,1265,1266,-1,6,0,0,0
1272,1267,1268,-1,6,0,0,0
1273,420,759,-1,2,0,0,0
1274,766,770,-1,6,0,0,0
1275,1269,1270,-1,6,0,0,0
1276,1271,1272,-1,6,0,0,0
1277,1273,1274,-1,6,0,0,0
1278,542,1104,-1,2,0,0,0
1279,1275,1276,-1,6,0,0,0
1280,1277,1278,-1,6,0,0,0
1281,1131,-1,-1,4,0,0,0
1282,1279,1280,-1,6,0,0,0
1283,1281,-1,-1,4,0,0,0
1284,1282,1283,-1,6,0,0,0
1285,1056,781,-1,6,0,0,0
1286,554,-1,-1,7,0,0,0
1287,1286,1057,-1,2,0,0,0
1288,703,787,-1,6,0,0,0
1289,800,-1,-1,4,0,0,0
1290,1289,779,-1,6,0,0,0
1291,103,-1,-1,4,0,0,0
1292,1291,805,-1,6,0,0,0
1293,203,-1,-1,4,0,0,0
1294,1293,809,-1,4,0,0,0
1295,16,-1,-1,4,0,0,0
1296,1295,823,-1,6,0,0,0
1297,777,964,-1,4,0,0,0
1298,766,824,-1,4,0,0,0
1299,182,-1,-1,4,0,0,0
1300,1299,-1,-1,4,0,0,0
1301,1300,1032,-1,6,0,0,0
1302,663,838,-1,4,0,0,0
1303,933,551,-1,4,0,0,0
1304,184,-1,-1,4,0,0,0
1305,1304,-1,-1,4,0,0,0
1306,1305,974,-1,4,0,0,0
1307,564,854,-1,4,0,0,0
1308,901,-1,-1,4,0,0,0
1309,1308,841,-1,4,0,0,0
1310,293,-1,-1,4,0,0,0
1311,1310,937,-1,6,0,0,0
1312,162,-1,-1,4,0,0,0
1313,1312,865,-1,4,0,0,0
1314,39,102,-1,6,0,0,0
1315,118,137,-1,2,0,0,0
1316,142,151,-1,2,0,0,0
1317,186,-1,-1,4,0,0,0
1318,1314,1315,-1,6,0,0,0
1319,1316,1317,-1,6,0,0,0
1320,318,494,-1,4,0,0,0
1321,337,801,-1,7,0,0,0
1322,1318,1319,-1,6,0,0,0
1323,1320,1321,-1,4,0,0,0
1324,1021,923,-1,4,0,0,0
1325,869,513,-1,4,0,0,0
1326,977,853,-1,7,0,0,0
1327,862,1307,-1,7,0,0,0
1328,1322,1323,-1,6,0,0,0
1329,1324,1325,-1,6,0,0,0
1330,1326,1327,-1,7,0,0,0
1331,1210,1306,-1,2,0,0,0
1332,1173,-1,-1,4,0,0,0
1333,1328,1329,-1,6,0,0,0
1334,1330,1331,-1,2,0,0,0
1335,1332,872,-1,6,0,0,0
1336,1333,1334,-1,6,0,0,0
1337,1335,-1,-1,4,0,0,0
1338,1336,1337,-1,6,0,0,0
1339,830,877,-1,4,0,0,0
1340,104,-1,-1,4,0,0,0
1341,1340,881,-1,6,0,0,0
1342,0,44,-1,7,0,0,0
1343,58,62,-1,7,0,0,0
1344,68,101,-1,7,0,0,0
1345,105,122,-1,7,0,0,0
1346,145,160,-1,7,0,0,0
1347,174,178,-1,4,0,0,0
1348,186,-1,-1,7,0,0,0
1349,1342,1343,-1,7,0,0,0
1350,1344,1345,-1,7,0,0,0
1351,1346,1347,-1,2,0,0,0
1352,1348,306,-1,7,0,0,0
1353,424,332,-1,7,0,0,0
1354,227,372,-1,7,0,0,0
1355,270,726,-1,2,0,0,0
1356,347,454,-1,7,0,0,0
1357,1349,1350,-1,7,0,0,0
1358,1351,1352,-1,4,0,0,0
1359,1353,1354,-1,7,0,0,0
1360,1355,1356,-1,4,0,0,0
1361,1023,947,-1,7,0,0,0
1362,883,887,-1,7,0,0,0
1363,985,856,-1,4,0,0,0
1364,1357,1358,-1,2,0,0,0
1365,1359,1360,-1,2,0,0,0
1366,1361,1362,-1,7,0,0,0
1367,1363,1227,-1,4,0,0,0
1368,1364,1365,-1,6,0,0,0
1369,1366,1367,-1,2,0,0,0
1370,1368,1369,-1,6,0,0,0
1371,34,95,-1,4,0,0,0
1372,153,162,-1,4,0,0,0
1373,1371,1372,-1,6,0,0,0
1374,211,608,-1,2,0,0,0
1375,338,594,-1,6,0,0,0
1376,764,-1,-1,7,0,0,0
1377,1373,1374,-1,6,0,0,0
1378,1375,1376,-1,4,0,0,0
1379,889,815,-1,6,0,0,0
1380,586,887,-1,4,0,0,0
1381,851,794,-1,6,0,0,0
1382,827,1341,-1,4,0,0,0
1383,970,-1,-1,4,0,0,0
1384,1377,1378,-1,6,0,0,0
1385,1379,1380,-1,6,0,0,0
1386,1381,1382,-1,6,0,0,0
1387,1383,1215,-1,6,0,0,0
1388,633,1145,-1,6,0,0,0
1389,1290,-1,-1,4,0,0,0
1390,1384,1385,-1,6,0,0,0
1391,1386,1387,-1,6,0,0,0
1392,1388,1389,-1,6,0,0,0
1393,1208,-1,-1,4,0,0,0
1394,1390,1391,-1,6,0,0,0
1395,1392,1393,-1,6,0,0,0
1396,1394,1395,-1,6,0,0,0
1397,1021,693,-1,4,0,0,0
1398,893,895,-1,6,0,0,0
1399,202,-1,-1,4,0,0,0
1400,1399,901,-1,4,0,0,0
1401,70,-1,-1,4,0,0,0
1402,1401,-1,-1,4,0,0,0
1403,1402,907,-1,4,0,0,0
1404,213,-1,-1,4,0,0,0
1405,1404,913,-1,4,0,0,0
1406,217,-1,-1,4,0,0,0
1407,1406,915,-1,4,0,0,0
1408,231,-1,-1,4,0,0,0
1409,1408,923,-1,6,0,0,0
1410,238,-1,-1,4,0,0,0
1411,1410,931,-1,4,0,0,0
1412,933,935,-1,6,0,0,0
1413,244,-1,-1,4,0,0,0
1414,1413,937,-1,6,0,0,0
1415,941,943,-1,4,0,0,0
1416,249,-1,-1,4,0,0,0
1417,1416,945,-1,4,0,0,0
1418,951,-1,-1,4,0,0,0
1419,1418,954,-1,4,0,0,0
1420,276,-1,-1,4,0,0,0
1421,1420,961,-1,4,0,0,0
1422,232,-1,-1,4,0,0,0
1423,1422,966,-1,4,0,0,0
1424,137,-1,-1,4,0,0,0
1425,1424,-1,-1,4,0,0,0
1426,1425,979,-1,4,0,0,0
1427,142,-1,-1,4,0,0,0
1428,1427,-1,-1,4,0,0,0
1429,1428,993,-1,4,0,0,0
1430,322,995,-1,4,0,0,0
1431,325,-1,-1,7,0,0,0
1432,1431,997,-1,2,0,0,0
1433,117,-1,-1,4,0,0,0
1434,1433,-1,-1,4,0,0,0
1435,1434,1005,-1,4,0,0,0
1436,79,-1,-1,4,0,0,0
1437,1436,-1,-1,4,0,0,0
1438,1437,1006,-1,4,0,0,0
1439,63,-1,-1,4,0,0,0
1440,1439,-1,-1,4,0,0,0
1441,1440,1008,-1,4,0,0,0
1442,281,-1,-1,4,0,0,0
1443,1442,1013,-1,4,0,0,0
1444,280,-1,-1,4,0,0,0
1445,1444,1015,-1,6,0,0,0
1446,920,1030,-1,4,0,0,0
1447,253,-1,-1,7,0,0,0
1448,1447,1032,-1,2,0,0,0
1449,186,-1,-1,4,0,0,0
1450,1449,-1,-1,4,0,0,0
1451,1450,1034,-1,4,0,0,0
1452,116,-1,-1,4,0,0,0
1453,1452,-1,-1,4,0,0,0
1454,1453,1043,-1,4,0,0,0
1455,202,-1,-1,4,0,0,0
1456,1455,1048,-1,4,0,0,0
1457,1051,1053,-1,4,0,0,0
1458,22,37,-1,4,0,0,0
1459,41,82,-1,7,0,0,0
1460,84,141,-1,6,0,0,0
1461,167,173,-1,7,0,0,0
1462,178,-1,-1,4,0,0,0
1463,1458,1459,-1,4,0,0,0
1464,1460,1461,-1,4,0,0,0
1465,1462,399,-1,4,0,0,0
1466,400,341,-1,7,0,0,0
1467,408,409,-1,2,0,0,0
1468,410,411,-1,7,0,0,0
1469,414,415,-1,4,0,0,0
1470,416,284,-1,7,0,0,0
1471,1463,1464,-1,6,0,0,0
1472,1465,1466,-1,4,0,0,0
1473,1467,1468,-1,4,0,0,0
1474,1469,1470,-1,4,0,0,0
1475,1056,404,-1,7,0,0,0
1476,1061,1063,-1,4,0,0,0
1477,418,1069,-1,7,0,0,0
1478,1471,1472,-1,6,0,0,0
1479,1473,1474,-1,6,0,0,0
1480,1475,1476,-1,2,0,0,0
1481,1477,1057,-1,7,0,0,0
1482,1059,1065,-1,4,0,0,0
1483,1067,-1,-1,7,0,0,0
1484,1478,1479,-1,6,0,0,0
1485,1480,1481,-1,4,0,0,0
1486,1482,1483,-1,4,0,0,0
1487,1484,1485,-1,6,0,0,0
1488,1486,-1,-1,4,0,0,0
1489,1487,1488,-1,6,0,0,0
1490,951,1073,-1,4,0,0,0
1491,441,1075,-1,4,0,0,0
1492,311,-1,-1,4,0,0,0
1493,1492,1451,-1,6,0,0,0
1494,62,-1,-1,4,0,0,0
1495,1494,-1,-1,4,0,0,0
1496,1495,1079,-1,4,0,0,0
1497,469,-1,-1,4,0,0,0
1498,1497,1089,-1,6,0,0,0
1499,156,-1,-1,4,0,0,0
1500,1499,-1,-1,4,0,0,0
1501,1500,1093,-1,6,0,0,0
1502,123,-1,-1,4,0,0,0
1503,1502,-1,-1,4,0,0,0
1504,1503,1099,-1,6,0,0,0
1505,409,-1,-1,4,0,0,0
1506,1505,-1,-1,4,0,0,0
1507,1506,1109,-1,6,0,0,0
1508,519,-1,-1,4,0,0,0
1509,1508,-1,-1,4,0,0,0
1510,1509,1120,-1,6,0,0,0
1511,313,-1,-1,4,0,0,0
1512,1511,1125,-1,4,0,0,0
1513,535,-1,-1,4,0,0,0
1514,1513,1133,-1,6,0,0,0
1515,159,-1,-1,4,0,0,0
1516,1515,-1,-1,4,0,0,0
1517,1516,1142,-1,4,0,0,0
1518,470,-1,-1,4,0,0,0
1519,1518,1154,-1,4,0,0,0
1520,231,-1,-1,4,0,0,0
1521,1520,-1,-1,4,0,0,0
1522,1521,1504,-1,6,0,0,0
1523,259,-1,-1,4,0,0,0
1524,1523,-1,-1,4,0,0,0
1525,1524,1441,-1,4,0,0,0
1526,569,-1,-1,4,0,0,0
1527,1526,1163,-1,4,0,0,0
1528,117,-1,-1,4,0,0,0
1529,1528,-1,-1,4,0,0,0
1530,1529,-1,-1,4,0,0,0
1531,1530,1421,-1,6,0,0,0
1532,920,-1,-1,4,0,0,0
1533,1532,1417,-1,4,0,0,0
1534,55,73,-1,7,0,0,0
1535,89,168,-1,2,0,0,0
1536,1534,1535,-1,2,0,0,0
1537,291,229,-1,7,0,0,0
1538,578,579,-1,4,0,0,0
1539,521,525,-1,2,0,0,0
1540,584,477,-1,6,0,0,0
1541,1536,1537,-1,4,0,0,0
1542,1538,1539,-1,6,0,0,0
1543,1540,961,-1,6,0,0,0
1544,581,899,-1,7,0,0,0
1545,583,1113,-1,7,0,0,0
1546,586,1171,-1,4,0,0,0
1547,1001,-1,-1,7,0,0,0
1548,1541,1542,-1,6,0,0,0
1549,1543,1544,-1,4,0,0,0
1550,1545,1546,-1,2,0,0,0
1551,1547,590,-1,7,0,0,0
1552,1173,1175,-1,4,0,0,0
1553,1548,1549,-1,6,0,0,0
1554,1550,1551,-1,4,0,0,0
1555,1552,-1,-1,4,0,0,0
1556,1553,1554,-1,6,0,0,0
1557,1555,-1,-1,4,0,0,0
1558,1556,1557,-1,6,0,0,0
1559,608,-1,-1,4,0,0,0
1560,1559,-1,-1,4,0,0,0
1561,1560,1181,-1,4,0,0,0
1562,972,-1,-1,4,0,0,0
1563,1562,1186,-1,6,0,0,0
1564,623,-1,-1,4,0,0,0
1565,1564,1187,-1,6,0,0,0
1566,634,-1,-1,4,0,0,0
1567,1566,-1,-1,4,0,0,0
1568,1567,1192,-1,4,0,0,0
1569,505,-1,-1,4,0,0,0
1570,1569,-1,-1,4,0,0,0
1571,1570,1194,-1,6,0,0,0
1572,652,-1,-1,4,0,0,0
1573,1572,1200,-1,6,0,0,0
1574,671,1205,-1,6,0,0,0
1575,678,1213,-1,6,0,0,0
1576,684,-1,-1,4,0,0,0
1577,1576,1219,-1,4,0,0,0
1578,35,104,-1,7,0,0,0
1579,134,157,-1,7,0,0,0
1580,189,-1,-1,4,0,0,0
1581,1578,1579,-1,7,0,0,0
1582,1580,373,-1,4,0,0,0
1583,608,220,-1,7,0,0,0
1584,506,573,-1,4,0,0,0
1585,201,519,-1,7,0,0,0
1586,691,694,-1,7,0,0,0
1587,1581,1582,-1,2,0,0,0
1588,1583,1584,-1,2,0,0,0
1589,1585,1586,-1,7,0,0,0
1590,972,690,-1,7,0,0,0
1591,995,553,-1,7,0,0,0
1592,693,652,-1,7,0,0,0
1593,256,999,-1,7,0,0,0
1594,699,-1,-1,7,0,0,0
1595,1587,1588,-1,6,0,0,0
1596,1589,1590,-1,7,0,0,0
1597,1591,1592,-1,7,0,0,0
1598,1593,1594,-1,7,0,0,0
1599,1227,697,-1,7,0,0,0
1600,1046,-1,-1,7,0,0,0
1601,1595,1596,-1,4,0,0,0
1602,1597,1598,-1,7,0,0,0
1603,1599,1600,-1,7,0,0,0
1604,1601,1602,-1,4,0,0,0
1605,1603,-1,-1,7,0,0,0
1606,1604,1605,-1,4,0,0,0
1607,714,-1,-1,4,0,0,0
1608,1607,1232,-1,6,0,0,0
1609,538,-1,-1,4,0,0,0
1610,1609,-1,-1,4,0,0,0
1611,1610,1238,-1,6,0,0,0
1612,9,29,-1,7,0,0,0
1613,80,139,-1,6,0,0,0
1614,175,-1,-1,7,0,0,0
1615,1612,1613,-1,2,0,0,0
1616,1614,329,-1,7,0,0,0
1617,233,471,-1,2,0,0,0
1618,337,413,-1,6,0,0,0
1619,578,200,-1,7,0,0,0
1620,675,734,-1,6,0,0,0
1621,735,736,-1,4,0,0,0
1622,682,658,-1,4,0,0,0
1623,1615,1616,-1,4,0,0,0
1624,1617,1618,-1,6,0,0,0
1625,1619,1620,-1,2,0,0,0
1626,1621,1622,-1,6,0,0,0
1627,402,741,-1,7,0,0,0
1628,743,1147,-1,7,0,0,0
1629,745,746,-1,2,0,0,0
1630,1623,1624,-1,6,0,0,0
1631,1625,1626,-1,6,0,0,0
1632,1627,1628,-1,7,0,0,0
1633,1629,1400,-1,4,0,0,0
1634,739,748,-1,7,0,0,0
1635,1240,-1,-1,7,0,0,0
1636,1630,1631,-1,6,0,0,0
1637,1632,1633,-1,2,0,0,0
1638,1634,1635,-1,7,0,0,0
1639,1636,1637,-1,6,0,0,0
1640,1638,-1,-1,7,0,0,0
1641,1639,1640,-1,4,0,0,0
1642,14,68,-1,2,0,0,0
1643,81,99,-1,2,0,0,0
1644,167,176,-1,7,0,0,0
1645,191,-1,-1,7,0,0,0
1646,1642,1643,-1,6,0,0,0
1647,1644,1645,-1,7,0,0,0
1648,214,302,-1,4,0,0,0
1649,412,258,-1,2,0,0,0
1650,491,208,-1,6,0,0,0
1651,1646,1647,-1,4,0,0,0
1652,1648,1649,-1,6,0,0,0
1653,1650,1030,-1,4,0,0,0
1654,963,752,-1,7,0,0,0
1655,418,753,-1,4,0,0,0
1656,1651,1652,-1,6,0,0,0
1657,1653,1654,-1,4,0,0,0
1658,1655,431,-1,4,0,0,0
1659,1243,1245,-1,4,0,0,0
1660,1247,1240,-1,4,0,0,0
1661,1250,1222,-1,4,0,0,0
1662,1251,-1,-1,4,0,0,0
1663,1656,1657,-1,6,0,0,0
1664,1658,1659,-1,6,0,0,0
1665,1660,1661,-1,6,0,0,0
1666,1662,-1,-1,4,0,0,0
1667,1663,1664,-1,6,0,0,0
1668,1665,1666,-1,6,0,0,0
1669,1667,1668,-1,6,0,0,0
1670,765,-1,-1,4,0,0,0
1671,1670,-1,-1,4,0,0,0
1672,1671,1256,-1,6,0,0,0
1673,5,54,-1,7,0,0,0
1674,67,108,-1,7,0,0,0
1675,179,185,-1,7,0,0,0
1676,1673,1674,-1,7,0,0,0
1677,1675,386,-1,7,0,0,0
1678,384,470,-1,4,0,0,0
1679,546,454,-1,2,0,0,0
1680,773,-1,-1,4,0,0,0
1681,1676,1677,-1,7,0,0,0
1682,1678,1679,-1,6,0,0,0
1683,1680,966,-1,6,0,0,0
1684,642,709,-1,7,0,0,0
1685,733,686,-1,4,0,0,0
1686,772,984,-1,2,0,0,0
1687,637,1054,-1,7,0,0,0
1688,1681,1682,-1,2,0,0,0
1689,1683,1684,-1,4,0,0,0
1690,1685,1686,-1,6,0,0,0
1691,1687,775,-1,2,0,0,0
1692,1183,1527,-1,4,0,0,0
1693,1096,1575,-1,7,0,0,0
1694,1688,1689,-1,6,0,0,0
1695,1690,1691,-1,6,0,0,0
1696,1692,1693,-1,4,0,0,0
1697,1694,1695,-1,6,0,0,0
1698,1696,-1,-1,4,0,0,0
1699,1697,1698,-1,6,0,0,0
1700,1287,1288,-1,6,0,0,0
1701,342,-1,-1,4,0,0,0
1702,1701,-1,-1,4,0,0,0
1703,1702,1294,-1,6,0,0,0
1704,1297,1298,-1,6,0,0,0
1705,1,21,-1,7,0,0,0
1706,26,136,-1,4,0,0,0
1707,138,164,-1,7,0,0,0
1708,1705,1706,-1,2,0,0,0
1709,1707,370,-1,7,0,0,0
1710,372,413,-1,7,0,0,0
1711,427,700,-1,6,0,0,0
1712,1708,1709,-1,4,0,0,0
1713,1710,1711,-1,2,0,0,0
1714,426,516,-1,7,0,0,0
1715,592,826,-1,2,0,0,0
1716,575,707,-1,6,0,0,0
1717,967,827,-1,2,0,0,0
1718,828,1292,-1,2,0,0,0
1719,1712,1713,-1,6,0,0,0
1720,1714,1715,-1,2,0,0,0
1721,1716,1717,-1,6,0,0,0
1722,1718,1409,-1,4,0,0,0
1723,1153,1217,-1,2,0,0,0
1724,1301,1087,-1,7,0,0,0
1725,1719,1720,-1,6,0,0,0
1726,1721,1722,-1,6,0,0,0
1727,1723,1724,-1,4,0,0,0
1728,1725,1726,-1,6,0,0,0
1729,1727,-1,-1,4,0,0,0
1730,1728,1729,-1,6,0,0,0
1731,34,96,-1,6,0,0,0
1732,1731,368,-1,6,0,0,0
1733,330,492,-1,6,0,0,0
1734,259,235,-1,6,0,0,0
1735,278,408,-1,4,0,0,0
1736,711,539,-1,2,0,0,0
1737,483,-1,-1,7,0,0,0
1738,1732,1733,-1,6,0,0,0
1739,1734,1735,-1,6,0,0,0
1740,1736,1737,-1,4,0,0,0
1741,380,592,-1,6,0,0,0
1742,346,429,-1,4,0,0,0
1743,830,1093,-1,6,0,0,0
1744,741,1115,-1,6,0,0,0
1745,832,622,-1,6,0,0,0
1746,1196,699,-1,6,0,0,0
1747,1738,1739,-1,6,0,0,0
1748,1740,1741,-1,6,0,0,0
1749,1742,1743,-1,6,0,0,0
1750,1744,1745,-1,6,0,0,0
1751,1746,1417,-1,4,0,0,0
1752,1190,1250,-1,6,0,0,0
1753,1198,-1,-1,4,0,0,0
1754,1747,1748,-1,6,0,0,0
1755,1749,1750,-1,6,0,0,0
1756,1751,1752,-1,6,0,0,0
1757,1753,1159,-1,4,0,0,0
1758,1754,1755,-1,6,0,0,0
1759,1756,1757,-1,6,0,0,0
1760,1758,1759,-1,6,0,0,0
1761,789,-1,-1,4,0,0,0
1762,1761,-1,-1,4,0,0,0
1763,1762,1303,-1,6,0,0,0
1764,31,46,-1,7,0,0,0
1765,139,-1,-1,4,0,0,0
1766,1764,1765,-1,2,0,0,0
1767,485,221,-1,7,0,0,0
1768,536,767,-1,6,0,0,0
1769,842,722,-1,7,0,0,0
1770,843,-1,-1,4,0,0,0
1771,1766,1767,-1,4,0,0,0
1772,1768,1769,-1,4,0,0,0
1773,1770,426,-1,6,0,0,0
1774,1004,671,-1,2,0,0,0
1775,641,562,-1,4,0,0,0
1776,811,763,-1,7,0,0,0
1777,925,724,-1,6,0,0,0
1778,844,528,-1,2,0,0,0
1779,968,1171,-1,7,0,0,0
1780,1771,1772,-1,6,0,0,0
1781,1773,1774,-1,6,0,0,0
1782,1775,1776,-1,4,0,0,0
1783,1777,1778,-1,6,0,0,0
1784,1779,1417,-1,7,0,0,0
1785,841,1065,-1,7,0,0,0
1786,1780,1781,-1,6,0,0,0
1787,1782,1783,-1,6,0,0,0
1788,1784,1785,-1,7,0,0,0
1789,1786,1787,-1,6,0,0,0
1790,1788,-1,-1,7,0,0,0
1791,1789,1790,-1,4,0,0,0
1792,19,88,-1,2,0,0,0
1793,99,161,-1,7,0,0,0
1794,1792,1793,-1,4,0,0,0
1795,250,248,-1,2,0,0,0
1796,510,350,-1,4,0,0,0
1797,221,309,-1,6,0,0,0
1798,736,627,-1,7,0,0,0
1799,458,-1,-1,4,0,0,0
1800,1794,1795,-1,6,0,0,0
1801,1796,1797,-1,6,0,0,0
1802,1798,1799,-1,2,0,0,0
1803,759,943,-1,6,0,0,0
1804,849,851,-1,2,0,0,0
1805,852,853,-1,7,0,0,0
1806,1307,-1,-1,4,0,0,0
1807,1800,1801,-1,6,0,0,0
1808,1802,1803,-1,6,0,0,0
1809,1804,1805,-1,4,0,0,0
1810,1806,1423,-1,6,0,0,0
1811,847,-1,-1,7,0,0,0
1812,1807,1808,-1,6,0,0,0
1813,1809,1810,-1,6,0,0,0
1814,1811,-1,-1,7,0,0,0
1815,1812,1813,-1,6,0,0,0
1816,1814,-1,-1,7,0,0,0
1817,1815,1816,-1,4,0,0,0
1818,62,93,-1,6,0,0,0
1819,1818,257,-1,4,0,0,0
1820,259,225,-1,2,0,0,0
1821,233,248,-1,7,0,0,0
1822,335,673,-1,6,0,0,0
1823,278,679,-1,6,0,0,0
1824,560,-1,-1,7,0,0,0
1825,1819,1820,-1,6,0,0,0
1826,1821,1822,-1,2,0,0,0
1827,1823,1824,-1,4,0,0,0
1828,995,813,-1,2,0,0,0
1829,975,646,-1,2,0,0,0
1830,388,822,-1,7,0,0,0
1831,844,1296,-1,2,0,0,0
1832,856,1040,-1,7,0,0,0
1833,1825,1826,-1,6,0,0,0
1834,1827,1828,-1,6,0,0,0
1835,1829,1830,-1,4,0,0,0
1836,1831,1832,-1,4,0,0,0
1837,1403,697,-1,6,0,0,0
1838,1071,-1,-1,4,0,0,0
1839,1833,1834,-1,6,0,0,0
1840,1835,1836,-1,6,0,0,0
1841,1837,1838,-1,6,0,0,0
1842,1309,-1,-1,4,0,0,0
1843,1839,1840,-1,6,0,0,0
1844,1841,1842,-1,6,0,0,0
1845,1843,1844,-1,6,0,0,0
1846,57,105,-1,4,0,0,0
1847,119,134,-1,4,0,0,0
1848,166,167,-1,4,0,0,0
1849,172,-1,-1,4,0,0,0
1850,1846,1847,-1,6,0,0,0
1851,1848,1849,-1,6,0,0,0
1852,360,238,-1,6,0,0,0
1853,488,715,-1,7,0,0,0
1854,325,649,-1,6,0,0,0
1855,1850,1851,-1,6,0,0,0
1856,1852,1853,-1,4,0,0,0
1857,1854,378,-1,4,0,0,0
1858,858,860,-1,4,0,0,0
1859,631,861,-1,6,0,0,0
1860,862,864,-1,2,0,0,0
1861,770,-1,-1,7,0,0,0
1862,1855,1856,-1,6,0,0,0
1863,1857,1858,-1,6,0,0,0
1864,1859,1860,-1,6,0,0,0
1865,1861,718,-1,2,0,0,0
1866,1400,1247,-1,4,0,0,0
1867,796,1311,-1,7,0,0,0
1868,1862,1863,-1,6,0,0,0
1869,1864,1865,-1,6,0,0,0
1870,1866,1867,-1,4,0,0,0
1871,1568,-1,-1,4,0,0,0
1872,1868,1869,-1,6,0,0,0
1873,1870,1871,-1,6,0,0,0
1874,1872,1873,-1,6,0,0,0
1875,13,33,-1,2,0,0,0
1876,58,73,-1,4,0,0,0
1877,87,93,-1,7,0,0,0
1878,102,172,-1,7,0,0,0
1879,1875,1876,-1,6,0,0,0
1880,1877,1878,-1,7,0,0,0
1881,228,339,-1,2,0,0,0
1882,316,539,-1,7,0,0,0
1883,734,802,-1,6,0,0,0
1884,543,-1,-1,7,0,0,0
1885,1879,1880,-1,4,0,0,0
1886,1881,1882,-1,4,0,0,0
1887,1883,1884,-1,4,0,0,0
1888,1032,1142,-1,7,0,0,0
1889,498,641,-1,7,0,0,0
1890,772,1233,-1,4,0,0,0
1891,986,-1,-1,7,0,0,0
1892,1885,1886,-1,6,0,0,0
1893,1887,1888,-1,4,0,0,0
1894,1889,1890,-1,2,0,0,0
1895,1891,1120,-1,7,0,0,0
1896,875,1514,-1,2,0,0,0
1897,1892,1893,-1,6,0,0,0
1898,1894,1895,-1,4,0,0,0
1899,1896,1763,-1,4,0,0,0
1900,1897,1898,-1,6,0,0,0
1901,1899,1700,-1,4,0,0,0
1902,1900,1901,-1,6,0,0,0
1903,32,89,-1,7,0,0,0
1904,101,180,-1,7,0,0,0
1905,1903,1904,-1,7,0,0,0
1906,294,673,-1,7,0,0,0
1907,313,535,-1,4,0,0,0
1908,325,570,-1,7,0,0,0
1909,297,691,-1,2,0,0,0
1910,240,-1,-1,7,0,0,0
1911,1905,1906,-1,7,0,0,0
1912,1907,1908,-1,4,0,0,0
1913,1909,1910,-1,4,0,0,0
1914,626,1021,-1,2,0,0,0
1915,720,826,-1,7,0,0,0
1916,763,817,-1,7,0,0,0
1917,712,-1,-1,4,0,0,0
1918,1911,1912,-1,2,0,0,0
1919,1913,1914,-1,6,0,0,0
1920,1915,1916,-1,7,0,0,0
1921,1917,1339,-1,4,0,0,0
1922,1086,-1,-1,7,0,0,0
1923,1918,1919,-1,6,0,0,0
1924,1920,1921,-1,2,0,0,0
1925,1922,1151,-1,7,0,0,0
1926,1923,1924,-1,6,0,0,0
1927,1925,-1,-1,7,0,0,0
1928,1926,1927,-1,4,0,0,0
1929,69,85,-1,6,0,0,0
1930,1929,369,-1,4,0,0,0
1931,405,286,-1,2,0,0,0
1932,1930,1931,-1,6,0,0,0
1933,933,448,-1,7,0,0,0
1934,402,690,-1,4,0,0,0
1935,905,583,-1,4,0,0,0
1936,860,852,-1,6,0,0,0
1937,914,517,-1,2,0,0,0
1938,878,880,-1,7,0,0,0
1939,1341,799,-1,4,0,0,0
1940,839,-1,-1,4,0,0,0
1941,1932,1933,-1,4,0,0,0
1942,1934,1935,-1,6,0,0,0
1943,1936,1937,-1,6,0,0,0
1944,1938,1939,-1,2,0,0,0
1945,1940,1456,-1,4,0,0,0
1946,1430,1448,-1,6,0,0,0
1947,1519,875,-1,2,0,0,0
1948,1941,1942,-1,6,0,0,0
1949,1943,1944,-1,6,0,0,0
1950,1945,1946,-1,6,0,0,0
1951,1947,-1,-1,4,0,0,0
1952,1948,1949,-1,6,0,0,0
1953,1950,1951,-1,6,0,0,0
1954,1952,1953,-1,6,0,0,0
1955,1,32,-1,6,0,0,0
1956,124,147,-1,7,0,0,0
1957,1955,1956,-1,4,0,0,0
1958,243,241,-1,7,0,0,0
1959,386,578,-1,2,0,0,0
1960,546,303,-1,6,0,0,0
1961,327,821,-1,7,0,0,0
1962,694,210,-1,6,0,0,0
1963,1957,1958,-1,4,0,0,0
1964,1959,1960,-1,6,0,0,0
1965,1961,1962,-1,2,0,0,0
1966,993,811,-1,4,0,0,0
1967,531,883,-1,7,0,0,0
1968,929,818,-1,7,0,0,0
1969,1963,1964,-1,6,0,0,0
1970,1965,1966,-1,6,0,0,0
1971,1967,1968,-1,7,0,0,0
1972,1215,1409,-1,7,0,0,0
1973,885,1067,-1,7,0,0,0
1974,1501,1204,-1,7,0,0,0
1975,1969,1970,-1,6,0,0,0
1976,1971,1972,-1,7,0,0,0
1977,1973,1974,-1,7,0,0,0
1978,1975,1976,-1,4,0,0,0
1979,1977,-1,-1,7,0,0,0
1980,1978,1979,-1,4,0,0,0
1981,3,62,-1,2,0,0,0
1982,91,141,-1,6,0,0,0
1983,1981,1982,-1,6,0,0,0
1984,300,673,-1,7,0,0,0
1985,473,735,-1,4,0,0,0
1986,1983,1984,-1,4,0,0,0
1987,1985,1032,-1,6,0,0,0
1988,503,390,-1,4,0,0,0
1989,344,849,-1,7,0,0,0
1990,667,1037,-1,6,0,0,0
1991,807,-1,-1,7,0,0,0
1992,1986,1987,-1,6,0,0,0
1993,1988,1989,-1,4,0,0,0
1994,1990,1991,-1,4,0,0,0
1995,1057,1190,-1,6,0,0,0
1996,1411,1181,-1,6,0,0,0
1997,1028,1123,-1,2,0,0,0
1998,1512,1255,-1,2,0,0,0
1999,1565,-1,-1,7,0,0,0
2000,1992,1993,-1,6,0,0,0
2001,1994,1995,-1,6,0,0,0
2002,1996,1997,-1,6,0,0,0
2003,1998,1999,-1,4,0,0,0
2004,2000,2001,-1,6,0,0,0
2005,2002,2003,-1,6,0,0,0
2006,2004,2005,-1,6,0,0,0
2007,18,53,-1,7,0,0,0
2008,72,-1,-1,7,0,0,0
2009,2007,2008,-1,7,0,0,0
2010,259,563,-1,7,0,0,0
2011,493,236,-1,7,0,0,0
2012,2009,2010,-1,7,0,0,0
2013,2011,581,-1,2,0,0,0
2014,931,720,-1,7,0,0,0
2015,869,891,-1,2,0,0,0
2016,1313,572,-1,7,0,0,0
2017,2012,2013,-1,2,0,0,0
2018,2014,2015,-1,2,0,0,0
2019,2016,1421,-1,7,0,0,0
2020,1210,590,-1,7,0,0,0
2021,730,1311,-1,7,0,0,0
2022,2017,2018,-1,6,0,0,0
2023,2019,2020,-1,7,0,0,0
2024,2021,1510,-1,7,0,0,0
2025,1507,1704,-1,7,0,0,0
2026,2022,2023,-1,4,0,0,0
2027,2024,2025,-1,7,0,0,0
2028,2026,2027,-1,4,0,0,0
2029,1005,-1,-1,4,0,0,0
2030,2029,1397,-1,6,0,0,0
2031,52,109,-1,4,0,0,0
2032,185,-1,-1,7,0,0,0
2033,2031,2032,-1,4,0,0,0
2034,212,193,-1,4,0,0,0
2035,359,545,-1,2,0,0,0
2036,275,773,-1,7,0,0,0
2037,833,-1,-1,4,0,0,0
2038,2033,2034,-1,6,0,0,0
2039,2035,2036,-1,4,0,0,0
2040,2037,340,-1,6,0,0,0
2041,1142,429,-1,2,0,0,0
2042,725,746,-1,6,0,0,0
2043,1230,828,-1,2,0,0,0
2044,396,1069,-1,4,0,0,0
2045,2038,2039,-1,6,0,0,0
2046,2040,2041,-1,6,0,0,0
2047,2042,2043,-1,6,0,0,0
2048,2044,1441,-1,6,0,0,0
2049,1285,1496,-1,2,0,0,0
2050,1457,-1,-1,7,0,0,0
2051,2045,2046,-1,6,0,0,0
2052,2047,2048,-1,6,0,0,0
2053,2049,2050,-1,4,0,0,0
2054,1309,1563,-1,6,0,0,0
2055,2051,2052,-1,6,0,0,0
2056,2053,2054,-1,6,0,0,0
2057,2055,2056,-1,6,0,0,0
2058,30,163,-1,6,0,0,0
2059,164,-1,-1,4,0,0,0
2060,2058,2059,-1,6,0,0,0
2061,276,239,-1,4,0,0,0
2062,194,442,-1,7,0,0,0
2063,514,-1,-1,4,0,0,0
2064,2060,2061,-1,6,0,0,0
2065,2062,2063,-1,2,0,0,0
2066,920,671,-1,7,0,0,0
2067,941,382,-1,7,0,0,0
2068,963,755,-1,7,0,0,0
2069,660,880,-1,2,0,0,0
2070,867,-1,-1,4,0,0,0
2071,2064,2065,-1,6,0,0,0
2072,2066,2067,-1,7,0,0,0
2073,2068,2069,-1,2,0,0,0
2074,2070,648,-1,6,0,0,0
2075,748,775,-1,6,0,0,0
2076,1140,1414,-1,2,0,0,0
2077,2071,2072,-1,4,0,0,0
2078,2073,2074,-1,6,0,0,0
2079,2075,2076,-1,6,0,0,0
2080,1561,1571,-1,4,0,0,0
2081,2077,2078,-1,6,0,0,0
2082,2079,2080,-1,6,0,0,0
2083,2081,2082,-1,6,0,0,0
2084,1,20,-1,2,0,0,0
2085,2084,198,-1,4,0,0,0
2086,563,258,-1,4,0,0,0
2087,521,199,-1,4,0,0,0
2088,450,545,-1,2,0,0,0
2089,295,392,-1,2,0,0,0
2090,398,-1,-1,7,0,0,0
2091,2085,2086,-1,6,0,0,0
2092,2087,2088,-1,6,0,0,0
2093,2089,2090,-1,4,0,0,0
2094,380,654,-1,4,0,0,0
2095,889,804,-1,2,0,0,0
2096,858,927,-1,7,0,0,0
2097,861,-1,-1,4,0,0,0
2098,2091,2092,-1,6,0,0,0
2099,2093,2094,-1,6,0,0,0
2100,2095,2096,-1,4,0,0,0
2101,2097,885,-1,4,0,0,0
2102,1490,1339,-1,4,0,0,0
2103,2098,2099,-1,6,0,0,0
2104,2100,2101,-1,6,0,0,0
2105,2102,1525,-1,4,0,0,0
2106,2103,2104,-1,6,0,0,0
2107,2105,-1,-1,4,0,0,0
2108,2106,2107,-1,6,0,0,0
2109,19,115,-1,6,0,0,0
2110,140,-1,-1,4,0,0,0
2111,2109,2110,-1,6,0,0,0
2112,239,449,-1,2,0,0,0
2113,299,473,-1,2,0,0,0
2114,409,587,-1,4,0,0,0
2115,565,385,-1,4,0,0,0
2116,843,-1,-1,7,0,0,0
2117,2111,2112,-1,6,0,0,0
2118,2113,2114,-1,6,0,0,0
2119,2115,2116,-1,4,0,0,0
2120,340,581,-1,2,0,0,0
2121,993,1051,-1,4,0,0,0
2122,813,835,-1,7,0,0,0
2123,2117,2118,-1,6,0,0,0
2124,2119,2120,-1,6,0,0,0
2125,2121,2122,-1,4,0,0,0
2126,1243,1128,-1,6,0,0,0
2127,1301,1224,-1,6,0,0,0
2128,1398,-1,-1,7,0,0,0
2129,2123,2124,-1,6,0,0,0
2130,2125,2126,-1,6,0,0,0
2131,2127,2128,-1,4,0,0,0
2132,1531,-1,-1,4,0,0,0
2133,2129,2130,-1,6,0,0,0
2134,2131,2132,-1,6,0,0,0
2135,2133,2134,-1,6,0,0,0
2136,127,150,-1,2,0,0,0
2137,152,-1,-1,4,0,0,0
2138,2136,2137,-1,6,0,0,0
2139,192,193,-1,4,0,0,0
2140,194,195,-1,2,0,0,0
2141,196,199,-1,4,0,0,0
2142,200,201,-1,6,0,0,0
2143,205,207,-1,2,0,0,0
2144,208,210,-1,6,0,0,0
2145,2138,2139,-1,6,0,0,0
2146,2140,2141,-1,6,0,0,0
2147,2142,2143,-1,6,0,0,0
2148,2144,897,-1,4,0,0,0
2149,899,903,-1,7,0,0,0
2150,905,909,-1,2,0,0,0
2151,911,914,-1,4,0,0,0
2152,917,918,-1,6,0,0,0
2153,2145,2146,-1,6,0,0,0
2154,2147,2148,-1,6,0,0,0
2155,2149,2150,-1,2,0,0,0
2156,2151,2152,-1,6,0,0,0
2157,1400,1403,-1,7,0,0,0
2158,1405,1407,-1,7,0,0,0
2159,2153,2154,-1,6,0,0,0
2160,2155,2156,-1,6,0,0,0
2161,2157,2158,-1,7,0,0,0
2162,2159,2160,-1,6,0,0,0
2163,2161,-1,-1,7,0,0,0
2164,2162,2163,-1,4,0,0,0
2165,237,-1,-1,4,0,0,0
2166,2165,-1,-1,4,0,0,0
2167,2166,1411,-1,4,0,0,0
2168,939,-1,-1,4,0,0,0
2169,2168,1415,-1,6,0,0,0
2170,11,22,-1,7,0,0,0
2171,35,94,-1,4,0,0,0
2172,128,159,-1,7,0,0,0
2173,169,-1,-1,7,0,0,0
2174,2170,2171,-1,2,0,0,0
2175,2172,2173,-1,7,0,0,0
2176,233,248,-1,2,0,0,0
2177,199,253,-1,6,0,0,0
2178,264,-1,-1,4,0,0,0
2179,2174,2175,-1,4,0,0,0
2180,2176,2177,-1,6,0,0,0
2181,2178,907,-1,4,0,0,0
2182,252,947,-1,4,0,0,0
2183,256,948,-1,7,0,0,0
2184,949,956,-1,7,0,0,0
2185,957,-1,-1,7,0,0,0
2186,2179,2180,-1,6,0,0,0
2187,2181,2182,-1,6,0,0,0
2188,2183,2184,-1,7,0,0,0
2189,2185,1417,-1,7,0,0,0
2190,1412,-1,-1,7,0,0,0
2191,2186,2187,-1,6,0,0,0
2192,2188,2189,-1,7,0,0,0
2193,2190,1419,-1,2,0,0,0
2194,2191,2192,-1,4,0,0,0
2195,2193,-1,-1,4,0,0,0
2196,2194,2195,-1,6,0,0,0
2197,213,-1,-1,4,0,0,0
2198,2197,-1,-1,4,0,0,0
2199,2198,1423,-1,4,0,0,0
2200,20,30,-1,7,0,0,0
2201,42,65,-1,7,0,0,0
2202,82,110,-1,7,0,0,0
2203,2200,2201,-1,7,0,0,0
2204,2202,193,-1,7,0,0,0
2205,292,293,-1,6,0,0,0
2206,294,245,-1,7,0,0,0
2207,295,207,-1,7,0,0,0
2208,301,-1,-1,4,0,0,0
2209,2203,2204,-1,7,0,0,0
2210,2205,2206,-1,4,0,0,0
2211,2207,2208,-1,2,0,0,0
2212,972,974,-1,7,0,0,0
2213,975,977,-1,7,0,0,0
2214,980,981,-1,4,0,0,0
2215,984,985,-1,7,0,0,0
2216,986,-1,-1,7,0,0,0
2217,2209,2210,-1,2,0,0,0
2218,2211,2212,-1,4,0,0,0
2219,2213,2214,-1,2,0,0,0
2220,2215,2216,-1,7,0,0,0
2221,1426,983,-1,7,0,0,0
2222,2217,2218,-1,6,0,0,0
2223,2219,2220,-1,4,0,0,0
2224,2221,-1,-1,7,0,0,0
2225,2222,2223,-1,6,0,0,0
2226,2224,-1,-1,7,0,0,0
2227,2225,2226,-1,4,0,0,0
2228,1004,-1,-1,4,0,0,0
2229,2228,1435,-1,6,0,0,0
2230,336,-1,-1,4,0,0,0
2231,2230,-1,-1,4,0,0,0
2232,2231,1438,-1,6,0,0,0
2233,1011,-1,-1,4,0,0,0
2234,2233,1443,-1,4,0,0,0
2235,1035,-1,-1,7,0,0,0
2236,2235,1451,-1,2,0,0,0
2237,64,101,-1,7,0,0,0
2238,118,138,-1,7,0,0,0
2239,177,-1,-1,7,0,0,0
2240,2237,2238,-1,7,0,0,0
2241,2239,374,-1,2,0,0,0
2242,232,351,-1,4,0,0,0
2243,261,377,-1,7,0,0,0
2244,383,385,-1,4,0,0,0
2245,2240,2241,-1,2,0,0,0
2246,2242,2243,-1,4,0,0,0
2247,2244,311,-1,4,0,0,0
2248,376,378,-1,6,0,0,0
2249,380,382,-1,7,0,0,0
2250,1023,362,-1,4,0,0,0
2251,1041,388,-1,4,0,0,0
2252,1049,396,-1,6,0,0,0
2253,1054,918,-1,2,0,0,0
2254,2245,2246,-1,6,0,0,0
2255,2247,2248,-1,6,0,0,0
2256,2249,2250,-1,2,0,0,0
2257,2251,2252,-1,6,0,0,0
2258,2253,1454,-1,4,0,0,0
2259,1046,1456,-1,7,0,0,0
2260,1457,-1,-1,4,0,0,0
2261,2254,2255,-1,6,0,0,0
2262,2256,2257,-1,6,0,0,0
2263,2258,2259,-1,4,0,0,0
2264,2260,-1,-1,4,0,0,0
2265,2261,2262,-1,6,0,0,0
2266,2263,2264,-1,6,0,0,0
2267,2265,2266,-1,6,0,0,0
2268,59,61,-1,7,0,0,0
2269,63,66,-1,7,0,0,0
2270,72,-1,-1,7,0,0,0
2271,2268,2269,-1,7,0,0,0
2272,2270,386,-1,7,0,0,0
2273,300,424,-1,6,0,0,0
2274,427,245,-1,7,0,0,0
2275,428,432,-1,6,0,0,0
2276,2271,2272,-1,7,0,0,0
2277,2273,2274,-1,4,0,0,0
2278,2275,920,-1,4,0,0,0
2279,426,993,-1,7,0,0,0
2280,429,444,-1,7,0,0,0
2281,2276,2277,-1,2,0,0,0
2282,2278,2279,-1,4,0,0,0
2283,2280,431,-1,7,0,0,0
2284,434,983,-1,6,0,0,0
2285,1071,438,-1,7,0,0,0
2286,1490,1491,-1,6,0,0,0
2287,1077,-1,-1,7,0,0,0
2288,2281,2282,-1,6,0,0,0
2289,2283,2284,-1,2,0,0,0
2290,2285,2286,-1,2,0,0,0
2291,2287,1493,-1,2,0,0,0
2292,2288,2289,-1,6,0,0,0
2293,2290,2291,-1,6,0,0,0
2294,2292,2293,-1,6,0,0,0
2295,277,449,-1,7,0,0,0
2296,446,450,-1,2,0,0,0
2297,452,453,-1,7,0,0,0
2298,454,458,-1,2,0,0,0
2299,2295,2296,-1,2,0,0,0
2300,2297,2298,-1,2,0,0,0
2301,448,941,-1,2,0,0,0
2302,451,344,-1,7,0,0,0
2303,1080,1082,-1,7,0,0,0
2304,460,-1,-1,7,0,0,0
2305,2299,2300,-1,6,0,0,0
2306,2301,2302,-1,4,0,0,0
2307,2303,2304,-1,7,0,0,0
2308,1059,1496,-1,4,0,0,0
2309,1084,1086,-1,4,0,0,0
2310,1087,1019,-1,7,0,0,0
2311,1498,-1,-1,7,0,0,0
2312,2305,2306,-1,6,0,0,0
2313,2307,2308,-1,2,0,0,0
2314,2309,2310,-1,4,0,0,0
2315,2311,-1,-1,7,0,0,0
2316,2312,2313,-1,6,0,0,0
2317,2314,2315,-1,4,0,0,0
2318,2316,2317,-1,6,0,0,0
2319,26,28,-1,7,0,0,0
2320,36,119,-1,7,0,0,0
2321,126,131,-1,6,0,0,0
2322,2319,2320,-1,7,0,0,0
2323,2321,334,-1,4,0,0,0
2324,323,405,-1,7,0,0,0
2325,439,471,-1,2,0,0,0
2326,473,411,-1,4,0,0,0
2327,476,477,-1,6,0,0,0
2328,483,484,-1,7,0,0,0
2329,2322,2323,-1,2,0,0,0
2330,2324,2325,-1,2,0,0,0
2331,2326,2327,-1,6,0,0,0
2332,2328,1043,-1,7,0,0,0
2333,1056,1091,-1,4,0,0,0
2334,475,283,-1,4,0,0,0
2335,478,480,-1,4,0,0,0
2336,482,1082,-1,7,0,0,0
2337,1097,-1,-1,7,0,0,0
2338,2329,2330,-1,6,0,0,0
2339,2331,2332,-1,4,0,0,0
2340,2333,2334,-1,6,0,0,0
2341,2335,2336,-1,4,0,0,0
2342,2337,1501,-1,7,0,0,0
2343,1096,-1,-1,7,0,0,0
2344,2338,2339,-1,6,0,0,0
2345,2340,2341,-1,6,0,0,0
2346,2342,2343,-1,7,0,0,0
2347,2344,2345,-1,6,0,0,0
2348,2346,-1,-1,7,0,0,0
2349,2347,2348,-1,4,0,0,0
2350,48,51,-1,6,0,0,0
2351,59,78,-1,2,0,0,0
2352,122,-1,-1,4,0,0,0
2353,2350,2351,-1,6,0,0,0
2354,2352,276,-1,6,0,0,0
2355,209,257,-1,7,0,0,0
2356,296,268,-1,7,0,0,0
2357,202,391,-1,4,0,0,0
2358,247,335,-1,4,0,0,0
2359,456,312,-1,6,0,0,0
2360,316,491,-1,6,0,0,0
2361,493,-1,-1,4,0,0,0
2362,2353,2354,-1,6,0,0,0
2363,2355,2356,-1,7,0,0,0
2364,2357,2358,-1,6,0,0,0
2365,2359,2360,-1,6,0,0,0
2366,2361,972,-1,4,0,0,0
2367,899,490,-1,6,0,0,0
2368,1101,496,-1,6,0,0,0
2369,2362,2363,-1,4,0,0,0
2370,2364,2365,-1,6,0,0,0
2371,2366,2367,-1,6,0,0,0
2372,2368,1504,-1,4,0,0,0
2373,1102,1104,-1,7,0,0,0
2374,1106,1084,-1,6,0,0,0
2375,2369,2370,-1,6,0,0,0
2376,2371,2372,-1,6,0,0,0
2377,2373,2374,-1,2,0,0,0
2378,1507,-1,-1,7,0,0,0
2379,2375,2376,-1,6,0,0,0
2380,2377,2378,-1,4,0,0,0
2381,2379,2380,-1,6,0,0,0
2382,75,114,-1,6,0,0,0
2383,147,172,-1,2,0,0,0
2384,2382,2383,-1,6,0,0,0
2385,265,324,-1,2,0,0,0
2386,504,238,-1,4,0,0,0
2387,505,412,-1,4,0,0,0
2388,506,507,-1,2,0,0,0
2389,328,279,-1,6,0,0,0
2390,354,319,-1,2,0,0,0
2391,511,-1,-1,7,0,0,0
2392,2384,2385,-1,6,0,0,0
2393,2386,2387,-1,6,0,0,0
2394,2388,2389,-1,6,0,0,0
2395,2390,2391,-1,4,0,0,0
2396,404,1035,-1,7,0,0,0
2397,1113,513,-1,2,0,0,0
2398,1115,496,-1,6,0,0,0
2399,517,518,-1,7,0,0,0
2400,2392,2393,-1,6,0,0,0
2401,2394,2395,-1,6,0,0,0
2402,2396,2397,-1,2,0,0,0
2403,2398,2399,-1,4,0,0,0
2404,1111,1117,-1,6,0,0,0
2405,1491,-1,-1,4,0,0,0
2406,2400,2401,-1,6,0,0,0
2407,2402,2403,-1,6,0,0,0
2408,2404,2405,-1,6,0,0,0
2409,1510,-1,-1,7,0,0,0
2410,2406,2407,-1,6,0,0,0
2411,2408,2409,-1,4,0,0,0
2412,2410,2411,-1,6,0,0,0
2413,22,40,-1,2,0,0,0
2414,43,52,-1,7,0,0,0
2415,118,184,-1,7,0,0,0
2416,2413,2414,-1,4,0,0,0
2417,2415,225,-1,7,0,0,0
2418,472,520,-1,7,0,0,0
2419,271,260,-1,7,0,0,0
2420,521,308,-1,4,0,0,0
2421,522,523,-1,7,0,0,0
2422,524,525,-1,6,0,0,0
2423,2416,2417,-1,4,0,0,0
2424,2418,2419,-1,7,0,0,0
2425,2420,2421,-1,4,0,0,0
2426,2422,1011,-1,4,0,0,0
2427,527,981,-1,4,0,0,0
2428,528,460,-1,7,0,0,0
2429,2423,2424,-1,4,0,0,0
2430,2425,2426,-1,6,0,0,0
2431,2427,2428,-1,4,0,0,0
2432,1123,1512,-1,6,0,0,0
2433,1128,1514,-1,2,0,0,0
2434,2429,2430,-1,6,0,0,0
2435,2431,2432,-1,6,0,0,0
2436,2433,1131,-1,4,0,0,0
2437,2434,2435,-1,6,0,0,0
2438,2436,-1,-1,4,0,0,0
2439,2437,2438,-1,6,0,0,0
2440,170,-1,-1,4,0,0,0
2441,2440,-1,-1,4,0,0,0
2442,2441,-1,-1,4,0,0,0
2443,2442,1517,-1,6,0,0,0
2444,100,147,-1,6,0,0,0
2445,174,179,-1,4,0,0,0
2446,186,188,-1,6,0,0,0
2447,2444,2445,-1,6,0,0,0
2448,2446,504,-1,6,0,0,0
2449,472,549,-1,6,0,0,0
2450,199,550,-1,6,0,0,0
2451,473,392,-1,6,0,0,0
2452,222,560,-1,6,0,0,0
2453,2447,2448,-1,6,0,0,0
2454,2449,2450,-1,6,0,0,0
2455,2451,2452,-1,6,0,0,0
2456,445,551,-1,6,0,0,0
2457,464,553,-1,2,0,0,0
2458,554,1041,-1,2,0,0,0
2459,556,558,-1,6,0,0,0
2460,1147,366,-1,4,0,0,0
2461,2453,2454,-1,6,0,0,0
2462,2455,2456,-1,6,0,0,0
2463,2457,2458,-1,6,0,0,0
2464,2459,2460,-1,6,0,0,0
2465,991,1153,-1,4,0,0,0
2466,1519,-1,-1,4,0,0,0
2467,2461,2462,-1,6,0,0,0
2468,2463,2464,-1,6,0,0,0
2469,2465,2466,-1,6,0,0,0
2470,1151,1522,-1,6,0,0,0
2471,2467,2468,-1,6,0,0,0
2472,2469,2470,-1,6,0,0,0
2473,2471,2472,-1,6,0,0,0
2474,1168,-1,-1,4,0,0,0
2475,2474,1533,-1,6,0,0,0
2476,50,87,-1,4,0,0,0
2477,88,-1,-1,4,0,0,0
2478,2476,2477,-1,6,0,0,0
2479,544,235,-1,2,0,0,0
2480,371,414,-1,6,0,0,0
2481,264,-1,-1,4,0,0,0
2482,2478,2479,-1,6,0,0,0
2483,2480,2481,-1,6,0,0,0
2484,426,1099,-1,4,0,0,0
2485,597,599,-1,2,0,0,0
2486,601,905,-1,7,0,0,0
2487,583,603,-1,2,0,0,0
2488,607,1049,-1,4,0,0,0
2489,2482,2483,-1,6,0,0,0
2490,2484,2485,-1,6,0,0,0
2491,2486,2487,-1,2,0,0,0
2492,2488,1178,-1,6,0,0,0
2493,1137,1183,-1,2,0,0,0
2494,613,-1,-1,4,0,0,0
2495,2489,2490,-1,6,0,0,0
2496,2491,2492,-1,6,0,0,0
2497,2493,2494,-1,6,0,0,0
2498,1561,1563,-1,4,0,0,0
2499,2495,2496,-1,6,0,0,0
2500,2497,2498,-1,6,0,0,0
2501,2499,2500,-1,6,0,0,0
2502,6,40,-1,7,0,0,0
2503,76,126,-1,7,0,0,0
2504,158,-1,-1,7,0,0,0
2505,2502,2503,-1,7,0,0,0
2506,2504,241,-1,7,0,0,0
2507,614,335,-1,7,0,0,0
2508,550,536,-1,4,0,0,0
2509,415,620,-1,4,0,0,0
2510,484,-1,-1,7,0,0,0
2511,2505,2506,-1,7,0,0,0
2512,2507,2508,-1,2,0,0,0
2513,2509,2510,-1,4,0,0,0
2514,448,937,-1,7,0,0,0
2515,498,943,-1,7,0,0,0
2516,616,444,-1,7,0,0,0
2517,622,1002,-1,7,0,0,0
2518,2511,2512,-1,2,0,0,0
2519,2513,2514,-1,4,0,0,0
2520,2515,2516,-1,7,0,0,0
2521,2517,619,-1,7,0,0,0
2522,1565,-1,-1,7,0,0,0
2523,2518,2519,-1,6,0,0,0
2524,2520,2521,-1,7,0,0,0
2525,2522,1493,-1,7,0,0,0
2526,2523,2524,-1,4,0,0,0
2527,2525,2475,-1,7,0,0,0
2528,2526,2527,-1,4,0,0,0
2529,42,53,-1,4,0,0,0
2530,90,135,-1,7,0,0,0
2531,2529,2530,-1,4,0,0,0
2532,254,358,-1,7,0,0,0
2533,529,269,-1,4,0,0,0
2534,446,627,-1,7,0,0,0
2535,2531,2532,-1,4,0,0,0
2536,2533,2534,-1,4,0,0,0
2537,436,503,-1,2,0,0,0
2538,516,556,-1,7,0,0,0
2539,629,631,-1,7,0,0,0
2540,607,482,-1,7,0,0,0
2541,637,-1,-1,7,0,0,0
2542,2535,2536,-1,6,0,0,0
2543,2537,2538,-1,4,0,0,0
2544,2539,2540,-1,7,0,0,0
2545,2541,1190,-1,7,0,0,0
2546,633,1017,-1,6,0,0,0
2547,2542,2543,-1,6,0,0,0
2548,2544,2545,-1,7,0,0,0
2549,2546,1568,-1,6,0,0,0
2550,1571,-1,-1,7,0,0,0
2551,2547,2548,-1,4,0,0,0
2552,2549,2550,-1,4,0,0,0
2553,2551,2552,-1,6,0,0,0
2554,100,152,-1,6,0,0,0
2555,165,187,-1,2,0,0,0
2556,2554,2555,-1,6,0,0,0
2557,212,494,-1,4,0,0,0
2558,302,271,-1,6,0,0,0
2559,506,639,-1,4,0,0,0
2560,624,643,-1,7,0,0,0
2561,644,348,-1,2,0,0,0
2562,2556,2557,-1,6,0,0,0
2563,2558,2559,-1,6,0,0,0
2564,2560,2561,-1,2,0,0,0
2565,420,641,-1,7,0,0,0
2566,642,609,-1,6,0,0,0
2567,263,1048,-1,2,0,0,0
2568,975,646,-1,6,0,0,0
2569,948,1196,-1,4,0,0,0
2570,2562,2563,-1,6,0,0,0
2571,2564,2565,-1,4,0,0,0
2572,2566,2567,-1,6,0,0,0
2573,2568,2569,-1,6,0,0,0
2574,1454,648,-1,4,0,0,0
2575,1198,1169,-1,6,0,0,0
2576,2570,2571,-1,6,0,0,0
2577,2572,2573,-1,6,0,0,0
2578,2574,2575,-1,6,0,0,0
2579,2229,1573,-1,2,0,0,0
2580,2576,2577,-1,6,0,0,0
2581,2578,2579,-1,6,0,0,0
2582,2580,2581,-1,6,0,0,0
2583,58,73,-1,7,0,0,0
2584,74,148,-1,2,0,0,0
2585,158,-1,-1,4,0,0,0
2586,2583,2584,-1,2,0,0,0
2587,2585,342,-1,6,0,0,0
2588,296,286,-1,7,0,0,0
2589,401,655,-1,2,0,0,0
2590,278,658,-1,4,0,0,0
2591,2586,2587,-1,6,0,0,0
2592,2588,2589,-1,2,0,0,0
2593,2590,609,-1,6,0,0,0
2594,475,638,-1,2,0,0,0
2595,1154,657,-1,4,0,0,0
2596,911,660,-1,6,0,0,0
2597,662,1009,-1,2,0,0,0
2598,667,-1,-1,7,0,0,0
2599,2591,2592,-1,6,0,0,0
2600,2593,2594,-1,6,0,0,0
2601,2595,2596,-1,6,0,0,0
2602,2597,2598,-1,4,0,0,0
2603,1202,665,-1,6,0,0,0
2604,613,1204,-1,7,0,0,0
2605,1165,1574,-1,4,0,0,0
2606,2599,2600,-1,6,0,0,0
2607,2601,2602,-1,6,0,0,0
2608,2603,2604,-1,4,0,0,0
2609,2605,1208,-1,4,0,0,0
2610,2606,2607,-1,6,0,0,0
2611,2608,2609,-1,6,0,0,0
2612,2610,2611,-1,6,0,0,0
2613,3,19,-1,4,0,0,0
2614,47,65,-1,4,0,0,0
2615,148,152,-1,2,0,0,0
2616,154,-1,-1,7,0,0,0
2617,2613,2614,-1,6,0,0,0
2618,2615,2616,-1,4,0,0,0
2619,276,267,-1,7,0,0,0
2620,198,529,-1,7,0,0,0
2621,260,673,-1,7,0,0,0
2622,674,675,-1,7,0,0,0
2623,242,620,-1,7,0,0,0
2624,2617,2618,-1,6,0,0,0
2625,2619,2620,-1,7,0,0,0
2626,2621,2622,-1,7,0,0,0
2627,2623,1034,-1,7,0,0,0
2628,907,562,-1,6,0,0,0
2629,1097,-1,-1,7,0,0,0
2630,2624,2625,-1,4,0,0,0
2631,2626,2627,-1,7,0,0,0
2632,2628,2629,-1,4,0,0,0
2633,1517,431,-1,4,0,0,0
2634,1210,1212,-1,2,0,0,0
2635,1175,1575,-1,7,0,0,0
2636,2630,2631,-1,4,0,0,0
2637,2632,2633,-1,6,0,0,0
2638,2634,2635,-1,4,0,0,0
2639,2636,2637,-1,6,0,0,0
2640,2638,-1,-1,4,0,0,0
2641,2639,2640,-1,6,0,0,0
2642,43,73,-1,6,0,0,0
2643,113,171,-1,6,0,0,0
2644,2642,2643,-1,6,0,0,0
2645,268,424,-1,6,0,0,0
2646,449,235,-1,2,0,0,0
2647,624,297,-1,6,0,0,0
2648,524,681,-1,6,0,0,0
2649,682,-1,-1,7,0,0,0
2650,2644,2645,-1,6,0,0,0
2651,2646,2647,-1,6,0,0,0
2652,2648,2649,-1,4,0,0,0
2653,961,913,-1,6,0,0,0
2654,1004,616,-1,2,0,0,0
2655,441,346,-1,7,0,0,0
2656,683,480,-1,6,0,0,0
2657,956,-1,-1,7,0,0,0
2658,2650,2651,-1,6,0,0,0
2659,2652,2653,-1,6,0,0,0
2660,2654,2655,-1,4,0,0,0
2661,2656,2657,-1,4,0,0,0
2662,1215,434,-1,7,0,0,0
2663,1217,1222,-1,6,0,0,0
2664,1224,-1,-1,4,0,0,0
2665,2658,2659,-1,6,0,0,0
2666,2660,2661,-1,6,0,0,0
2667,2662,2663,-1,2,0,0,0
2668,2664,1161,-1,6,0,0,0
2669,1577,-1,-1,4,0,0,0
2670,2665,2666,-1,6,0,0,0
2671,2667,2668,-1,6,0,0,0
2672,2669,-1,-1,4,0,0,0
2673,2670,2671,-1,6,0,0,0
2674,2672,-1,-1,4,0,0,0
2675,2673,2674,-1,6,0,0,0
2676,331,215,-1,4,0,0,0
2677,386,231,-1,4,0,0,0
2678,439,423,-1,7,0,0,0
2679,700,701,-1,4,0,0,0
2680,2676,2677,-1,6,0,0,0
2681,2678,2679,-1,2,0,0,0
2682,913,937,-1,4,0,0,0
2683,947,362,-1,7,0,0,0
2684,705,629,-1,7,0,0,0
2685,707,662,-1,7,0,0,0
2686,1230,712,-1,4,0,0,0
2687,2680,2681,-1,6,0,0,0
2688,2682,2683,-1,4,0,0,0
2689,2684,2685,-1,7,0,0,0
2690,2686,703,-1,4,0,0,0
2691,1178,1229,-1,4,0,0,0
2692,1102,-1,-1,7,0,0,0
2693,2687,2688,-1,6,0,0,0
2694,2689,2690,-1,2,0,0,0
2695,2691,2692,-1,4,0,0,0
2696,1608,-1,-1,7,0,0,0
2697,2693,2694,-1,6,0,0,0
2698,2695,2696,-1,4,0,0,0
2699,2697,2698,-1,6,0,0,0
2700,17,113,-1,6,0,0,0
2701,130,-1,-1,4,0,0,0
2702,2700,2701,-1,6,0,0,0
2703,272,506,-1,4,0,0,0
2704,522,328,-1,4,0,0,0
2705,411,721,-1,6,0,0,0
2706,432,722,-1,6,0,0,0
2707,326,-1,-1,4,0,0,0
2708,2702,2703,-1,6,0,0,0
2709,2704,2705,-1,6,0,0,0
2710,2706,2707,-1,6,0,0,0
2711,933,720,-1,7,0,0,0
2712,657,724,-1,6,0,0,0
2713,725,1233,-1,6,0,0,0
2714,728,-1,-1,4,0,0,0
2715,2708,2709,-1,6,0,0,0
2716,2710,2711,-1,4,0,0,0
2717,2712,2713,-1,6,0,0,0
2718,2714,718,-1,6,0,0,0
2719,1190,730,-1,2,0,0,0
2720,1235,-1,-1,4,0,0,0
2721,2715,2716,-1,6,0,0,0
2722,2717,2718,-1,6,0,0,0
2723,2719,2720,-1,6,0,0,0
2724,1522,1611,-1,6,0,0,0
2725,2721,2722,-1,6,0,0,0
2726,2723,2724,-1,6,0,0,0
2727,2725,2726,-1,6,0,0,0
2728,24,187,-1,4,0,0,0
2729,2728,367,-1,4,0,0,0
2730,341,649,-1,4,0,0,0
2731,519,569,-1,7,0,0,0
2732,593,672,-1,7,0,0,0
2733,207,764,-1,7,0,0,0
2734,2729,2730,-1,6,0,0,0
2735,2731,2732,-1,7,0,0,0
2736,2733,1034,-1,7,0,0,0
2737,305,763,-1,7,0,0,0
2738,1041,684,-1,7,0,0,0
2739,2734,2735,-1,4,0,0,0
2740,2736,2737,-1,7,0,0,0
2741,2738,1253,-1,2,0,0,0
2742,438,1255,-1,7,0,0,0
2743,2739,2740,-1,4,0,0,0
2744,2741,2742,-1,4,0,0,0
2745,1672,-1,-1,7,0,0,0
2746,2743,2744,-1,6,0,0,0
2747,2745,-1,-1,7,0,0,0
2748,2746,2747,-1,4,0,0,0
2749,83,91,-1,2,0,0,0
2750,123,-1,-1,7,0,0,0
2751,2749,2750,-1,4,0,0,0
2752,260,400,-1,7,0,0,0
2753,715,274,-1,7,0,0,0
2754,559,383,-1,7,0,0,0
2755,644,476,-1,7,0,0,0
2756,2751,2752,-1,4,0,0,0
2757,2753,2754,-1,7,0,0,0
2758,2755,933,-1,7,0,0,0
2759,777,1073,-1,7,0,0,0
2760,1079,779,-1,2,0,0,0
2761,651,1025,-1,7,0,0,0
2762,705,743,-1,6,0,0,0
2763,2756,2757,-1,4,0,0,0
2764,2758,2759,-1,7,0,0,0
2765,2760,2761,-1,4,0,0,0
2766,2762,1285,-1,4,0,0,0
2767,784,1245,-1,6,0,0,0
2768,1407,-1,-1,7,0,0,0
2769,2763,2764,-1,4,0,0,0
2770,2765,2766,-1,6,0,0,0
2771,2767,2768,-1,4,0,0,0
2772,2769,2770,-1,6,0,0,0
2773,2771,1700,-1,4,0,0,0
2774,2772,2773,-1,6,0,0,0
2775,7,52,-1,4,0,0,0
2776,56,79,-1,4,0,0,0
2777,115,116,-1,7,0,0,0
2778,150,151,-1,2,0,0,0
2779,2775,2776,-1,6,0,0,0
2780,2777,2778,-1,2,0,0,0
2781,507,788,-1,6,0,0,0
2782,789,675,-1,4,0,0,0
2783,383,681,-1,4,0,0,0
2784,792,-1,-1,4,0,0,0
2785,2779,2780,-1,6,0,0,0
2786,2781,2782,-1,6,0,0,0
2787,2783,2784,-1,6,0,0,0
2788,436,1006,-1,4,0,0,0
2789,791,794,-1,4,0,0,0
2790,478,798,-1,7,0,0,0
2791,799,-1,-1,4,0,0,0
2792,2785,2786,-1,6,0,0,0
2793,2787,2788,-1,6,0,0,0
2794,2789,2790,-1,4,0,0,0
2795,2791,796,-1,4,0,0,0
2796,1446,1290,-1,2,0,0,0
2797,2792,2793,-1,6,0,0,0
2798,2794,2795,-1,6,0,0,0
2799,2796,2443,-1,4,0,0,0
2800,2797,2798,-1,6,0,0,0
2801,2799,-1,-1,4,0,0,0
2802,2800,2801,-1,6,0,0,0
2803,61,111,-1,2,0,0,0
2804,156,-1,-1,7,0,0,0
2805,2803,2804,-1,4,0,0,0
2806,329,211,-1,7,0,0,0
2807,292,225,-1,2,0,0,0
2808,610,691,-1,2,0,0,0
2809,319,801,-1,7,0,0,0
2810,802,-1,-1,7,0,0,0
2811,2805,2806,-1,4,0,0,0
2812,2807,2808,-1,6,0,0,0
2813,2809,2810,-1,7,0,0,0
2814,641,597,-1,7,0,0,0
2815,605,804,-1,2,0,0,0
2816,753,728,-1,7,0,0,0
2817,1292,807,-1,6,0,0,0
2818,2811,2812,-1,6,0,0,0
2819,2813,2814,-1,7,0,0,0
2820,2815,2816,-1,4,0,0,0
2821,2817,1429,-1,6,0,0,0
2822,1212,1574,-1,6,0,0,0
2823,2818,2819,-1,4,0,0,0
2824,2820,2821,-1,6,0,0,0
2825,2822,1577,-1,4,0,0,0
2826,1703,1672,-1,4,0,0,0
2827,2823,2824,-1,6,0,0,0
2828,2825,2826,-1,6,0,0,0
2829,2827,2828,-1,6,0,0,0
2830,0,51,-1,4,0,0,0
2831,130,146,-1,6,0,0,0
2832,155,175,-1,6,0,0,0
2833,2830,2831,-1,6,0,0,0
2834,2832,249,-1,4,0,0,0
2835,439,287,-1,2,0,0,0
2836,208,-1,-1,4,0,0,0
2837,2833,2834,-1,6,0,0,0
2838,2835,2836,-1,6,0,0,0
2839,897,811,-1,6,0,0,0
2840,988,813,-1,2,0,0,0
2841,815,817,-1,6,0,0,0
2842,365,818,-1,4,0,0,0
2843,819,-1,-1,7,0,0,0
2844,2837,2838,-1,6,0,0,0
2845,2839,2840,-1,6,0,0,0
2846,2841,2842,-1,6,0,0,0
2847,2843,534,-1,2,0,0,0
2848,1117,1432,-1,6,0,0,0
2849,2844,2845,-1,6,0,0,0
2850,2846,2847,-1,6,0,0,0
2851,2848,1703,-1,4,0,0,0
2852,2169,-1,-1,4,0,0,0
2853,2849,2850,-1,6,0,0,0
2854,2851,2852,-1,6,0,0,0
2855,2853,2854,-1,6,0,0,0
2856,10,89,-1,7,0,0,0
2857,185,-1,-1,7,0,0,0
2858,2856,2857,-1,7,0,0,0
2859,209,224,-1,7,0,0,0
2860,332,537,-1,4,0,0,0
2861,639,288,-1,6,0,0,0
2862,700,524,-1,2,0,0,0
2863,820,279,-1,2,0,0,0
2864,347,821,-1,2,0,0,0
2865,2858,2859,-1,7,0,0,0
2866,2860,2861,-1,6,0,0,0
2867,2862,2863,-1,6,0,0,0
2868,2864,551,-1,6,0,0,0
2869,451,595,-1,2,0,0,0
2870,752,909,-1,7,0,0,0
2871,745,822,-1,7,0,0,0
2872,1296,518,-1,2,0,0,0
2873,2865,2866,-1,2,0,0,0
2874,2867,2868,-1,6,0,0,0
2875,2869,2870,-1,4,0,0,0
2876,2871,2872,-1,2,0,0,0
2877,1285,1426,-1,4,0,0,0
2878,1202,665,-1,2,0,0,0
2879,2873,2874,-1,6,0,0,0
2880,2875,2876,-1,6,0,0,0
2881,2877,2878,-1,6,0,0,0
2882,1608,1704,-1,7,0,0,0
2883,2879,2880,-1,6,0,0,0
2884,2881,2882,-1,4,0,0,0
2885,2883,2884,-1,6,0,0,0
2886,31,72,-1,7,0,0,0
2887,2886,249,-1,7,0,0,0
2888,329,266,-1,7,0,0,0
2889,349,614,-1,7,0,0,0
2890,535,273,-1,2,0,0,0
2891,523,833,-1,7,0,0,0
2892,792,301,-1,6,0,0,0
2893,2887,2888,-1,7,0,0,0
2894,2889,2890,-1,2,0,0,0
2895,2891,2892,-1,2,0,0,0
2896,340,503,-1,6,0,0,0
2897,809,1101,-1,6,0,0,0
2898,835,980,-1,7,0,0,0
2899,683,1302,-1,4,0,0,0
2900,839,-1,-1,7,0,0,0
2901,2893,2894,-1,2,0,0,0
2902,2895,2896,-1,6,0,0,0
2903,2897,2898,-1,4,0,0,0
2904,2899,2900,-1,4,0,0,0
2905,954,619,-1,6,0,0,0
2906,1229,837,-1,7,0,0,0
2907,2901,2902,-1,6,0,0,0
2908,2903,2904,-1,6,0,0,0
2909,2905,2906,-1,4,0,0,0
2910,2236,1763,-1,7,0,0,0
2911,2907,2908,-1,6,0,0,0
2912,2909,2910,-1,4,0,0,0
2913,2911,2912,-1,6,0,0,0
2914,26,42,-1,7,0,0,0
2915,154,162,-1,2,0,0,0
2916,2914,2915,-1,2,0,0,0
2917,195,710,-1,6,0,0,0
2918,397,506,-1,2,0,0,0
2919,308,428,-1,2,0,0,0
2920,421,540,-1,2,0,0,0
2921,2916,2917,-1,6,0,0,0
2922,2918,2919,-1,6,0,0,0
2923,2920,1008,-1,4,0,0,0
2924,1030,390,-1,4,0,0,0
2925,609,635,-1,2,0,0,0
2926,558,846,-1,6,0,0,0
2927,832,819,-1,7,0,0,0
2928,1302,-1,-1,4,0,0,0
2929,2921,2922,-1,6,0,0,0
2930,2923,2924,-1,6,0,0,0
2931,2925,2926,-1,6,0,0,0
2932,2927,2928,-1,2,0,0,0
2933,1306,847,-1,4,0,0,0
2934,1106,-1,-1,4,0,0,0
2935,2929,2930,-1,6,0,0,0
2936,2931,2932,-1,6,0,0,0
2937,2933,2934,-1,6,0,0,0
2938,1533,2232,-1,6,0,0,0
2939,2935,2936,-1,6,0,0,0
2940,2937,2938,-1,6,0,0,0
2941,2939,2940,-1,6,0,0,0
2942,18,66,-1,6,0,0,0
2943,100,125,-1,7,0,0,0
2944,173,175,-1,4,0,0,0
2945,2942,2943,-1,4,0,0,0
2946,2944,410,-1,4,0,0,0
2947,316,701,-1,4,0,0,0
2948,842,289,-1,6,0,0,0
2949,2945,2946,-1,6,0,0,0
2950,2947,2948,-1,6,0,0,0
2951,1125,826,-1,4,0,0,0
2952,1313,949,-1,2,0,0,0
2953,867,-1,-1,7,0,0,0
2954,2949,2950,-1,6,0,0,0
2955,2951,2952,-1,6,0,0,0
2956,2953,1186,-1,2,0,0,0
2957,739,784,-1,4,0,0,0
2958,1253,1498,-1,6,0,0,0
2959,2954,2955,-1,6,0,0,0
2960,2956,2957,-1,6,0,0,0
2961,2958,2234,-1,6,0,0,0
2962,1611,-1,-1,7,0,0,0
2963,2959,2960,-1,6,0,0,0
2964,2961,2962,-1,4,0,0,0
2965,2963,2964,-1,6,0,0,0
2966,57,177,-1,2,0,0,0
2967,2966,243,-1,6,0,0,0
2968,342,324,-1,2,0,0,0
2969,510,614,-1,7,0,0,0
2970,564,244,-1,4,0,0,0
2971,299,459,-1,4,0,0,0
2972,290,701,-1,4,0,0,0
2973,2967,2968,-1,6,0,0,0
2974,2969,2970,-1,2,0,0,0
2975,2971,2972,-1,6,0,0,0
2976,777,380,-1,7,0,0,0
2977,603,846,-1,2,0,0,0
2978,1080,878,-1,6,0,0,0
2979,798,1143,-1,7,0,0,0
2980,2973,2974,-1,6,0,0,0
2981,2975,2976,-1,4,0,0,0
2982,2977,2978,-1,6,0,0,0
2983,2979,1057,-1,2,0,0,0
2984,1445,1235,-1,2,0,0,0
2985,1251,-1,-1,7,0,0,0
2986,2980,2981,-1,6,0,0,0
2987,2982,2983,-1,6,0,0,0
2988,2984,2985,-1,4,0,0,0
2989,872,2030,-1,6,0,0,0
2990,2986,2987,-1,6,0,0,0
2991,2988,2989,-1,6,0,0,0
2992,2990,2991,-1,6,0,0,0
2993,6,41,-1,7,0,0,0
2994,69,131,-1,7,0,0,0
2995,2993,2994,-1,7,0,0,0
2996,306,349,-1,2,0,0,0
2997,514,537,-1,7,0,0,0
2998,221,427,-1,7,0,0,0
2999,341,538,-1,4,0,0,0
3000,768,-1,-1,4,0,0,0
3001,2995,2996,-1,2,0,0,0
3002,2997,2998,-1,7,0,0,0
3003,2999,3000,-1,6,0,0,0
3004,897,988,-1,7,0,0,0
3005,475,791,-1,4,0,0,0
3006,891,864,-1,7,0,0,0
3007,1039,-1,-1,7,0,0,0
3008,3001,3002,-1,4,0,0,0
3009,3003,3004,-1,4,0,0,0
3010,3005,3006,-1,4,0,0,0
3011,3007,837,-1,7,0,0,0
3012,1398,-1,-1,7,0,0,0
3013,3008,3009,-1,6,0,0,0
3014,3010,3011,-1,4,0,0,0
3015,3012,2199,-1,7,0,0,0
3016,2030,1573,-1,4,0,0,0
3017,3013,3014,-1,6,0,0,0
3018,3015,3016,-1,2,0,0,0
3019,3017,3018,-1,6,0,0,0
3020,37,114,-1,7,0,0,0
3021,116,144,-1,2,0,0,0
3022,156,165,-1,7,0,0,0
3023,171,189,-1,7,0,0,0
3024,3020,3021,-1,2,0,0,0
3025,3022,3023,-1,7,0,0,0
3026,223,224,-1,7,0,0,0
3027,225,227,-1,7,0,0,0
3028,228,230,-1,7,0,0,0
3029,236,240,-1,4,0,0,0
3030,3024,3025,-1,4,0,0,0
3031,3026,3027,-1,7,0,0,0
3032,3028,3029,-1,2,0,0,0
3033,920,922,-1,2,0,0,0
3034,925,927,-1,4,0,0,0
3035,929,-1,-1,7,0,0,0
3036,3030,3031,-1,4,0,0,0
3037,3032,3033,-1,6,0,0,0
3038,3034,3035,-1,4,0,0,0
3039,1409,1412,-1,4,0,0,0
3040,1414,-1,-1,7,0,0,0
3041,3036,3037,-1,6,0,0,0
3042,3038,3039,-1,6,0,0,0
3043,3040,2167,-1,7,0,0,0
3044,2169,-1,-1,7,0,0,0
3045,3041,3042,-1,6,0,0,0
3046,3043,3044,-1,7,0,0,0
3047,3045,3046,-1,4,0,0,0
3048,50,72,-1,7,0,0,0
3049,102,179,-1,7,0,0,0
3050,3048,3049,-1,7,0,0,0
3051,267,268,-1,2,0,0,0
3052,269,270,-1,7,0,0,0
3053,271,273,-1,4,0,0,0
3054,274,275,-1,6,0,0,0
3055,278,279,-1,2,0,0,0
3056,284,289,-1,7,0,0,0
3057,3050,3051,-1,2,0,0,0
3058,3052,3053,-1,2,0,0,0
3059,3054,3055,-1,6,0,0,0
3060,3056,959,-1,7,0,0,0
3061,963,964,-1,4,0,0,0
3062,283,967,-1,4,0,0,0
3063,968,970,-1,7,0,0,0
3064,3057,3058,-1,6,0,0,0
3065,3059,3060,-1,4,0,0,0
3066,3061,3062,-1,6,0,0,0
3067,3063,1421,-1,2,0,0,0
3068,3064,3065,-1,6,0,0,0
3069,3066,3067,-1,6,0,0,0
3070,2199,-1,-1,7,0,0,0
3071,3068,3069,-1,6,0,0,0
3072,3070,-1,-1,7,0,0,0
3073,3071,3072,-1,4,0,0,0
3074,98,115,-1,7,0,0,0
3075,136,180,-1,7,0,0,0
3076,3074,3075,-1,7,0,0,0
3077,254,231,-1,7,0,0,0
3078,312,313,-1,7,0,0,0
3079,316,317,-1,4,0,0,0
3080,319,326,-1,7,0,0,0
3081,3076,3077,-1,7,0,0,0
3082,3078,3079,-1,2,0,0,0
3083,3080,945,-1,7,0,0,0
3084,311,315,-1,7,0,0,0
3085,988,999,-1,7,0,0,0
3086,1001,1002,-1,7,0,0,0
3087,3081,3082,-1,2,0,0,0
3088,3083,3084,-1,7,0,0,0
3089,3085,3086,-1,7,0,0,0
3090,991,1429,-1,4,0,0,0
3091,1430,1432,-1,7,0,0,0
3092,3087,3088,-1,4,0,0,0
3093,3089,3090,-1,2,0,0,0
3094,3091,1419,-1,2,0,0,0
3095,2229,2232,-1,7,0,0,0
3096,3092,3093,-1,6,0,0,0
3097,3094,3095,-1,4,0,0,0
3098,3096,3097,-1,6,0,0,0
3099,11,15,-1,4,0,0,0
3100,32,54,-1,7,0,0,0
3101,97,99,-1,2,0,0,0
3102,123,-1,-1,7,0,0,0
3103,3099,3100,-1,4,0,0,0
3104,3101,3102,-1,4,0,0,0
3105,291,286,-1,7,0,0,0
3106,337,338,-1,4,0,0,0
3107,339,341,-1,7,0,0,0
3108,347,348,-1,7,0,0,0
3109,3103,3104,-1,6,0,0,0
3110,3105,3106,-1,2,0,0,0
3111,3107,3108,-1,7,0,0,0
3112,340,344,-1,2,0,0,0
3113,346,1009,-1,7,0,0,0
3114,917,957,-1,7,0,0,0
3115,3109,3110,-1,6,0,0,0
3116,3111,3112,-1,2,0,0,0
3117,3113,3114,-1,7,0,0,0
3118,1441,1445,-1,6,0,0,0
3119,1017,1019,-1,4,0,0,0
3120,3115,3116,-1,6,0,0,0
3121,3117,3118,-1,2,0,0,0
3122,3119,2167,-1,6,0,0,0
3123,2234,-1,-1,4,0,0,0
3124,3120,3121,-1,6,0,0,0
3125,3122,3123,-1,6,0,0,0
3126,3124,3125,-1,6,0,0,0
3127,19,20,-1,2,0,0,0
3128,27,74,-1,7,0,0,0
3129,98,171,-1,7,0,0,0
3130,3127,3128,-1,4,0,0,0
3131,3129,254,-1,2,0,0,0
3132,332,357,-1,4,0,0,0
3133,359,-1,-1,4,0,0,0
3134,3130,3131,-1,6,0,0,0
3135,3132,3133,-1,6,0,0,0
3136,1021,1023,-1,4,0,0,0
3137,362,1025,-1,2,0,0,0
3138,365,366,-1,2,0,0,0
3139,1037,1039,-1,2,0,0,0
3140,1040,-1,-1,7,0,0,0
3141,3134,3135,-1,6,0,0,0
3142,3136,3137,-1,6,0,0,0
3143,3138,3139,-1,6,0,0,0
3144,3140,1028,-1,7,0,0,0
3145,1405,1446,-1,6,0,0,0
3146,1448,-1,-1,7,0,0,0
3147,3141,3142,-1,6,0,0,0
3148,3143,3144,-1,4,0,0,0
3149,3145,3146,-1,4,0,0,0
3150,2236,-1,-1,4,0,0,0
3151,3147,3148,-1,6,0,0,0
3152,3149,3150,-1,6,0,0,0
3153,3151,3152,-1,6,0,0,0
3154,43,132,-1,7,0,0,0
3155,136,166,-1,4,0,0,0
3156,3154,3155,-1,2,0,0,0
3157,367,204,-1,7,0,0,0
3158,261,537,-1,2,0,0,0
3159,538,539,-1,2,0,0,0
3160,491,540,-1,7,0,0,0
3161,511,543,-1,7,0,0,0
3162,3156,3157,-1,4,0,0,0
3163,3158,3159,-1,6,0,0,0
3164,3160,3161,-1,7,0,0,0
3165,1143,-1,-1,7,0,0,0
3166,3162,3163,-1,6,0,0,0
3167,3164,3165,-1,7,0,0,0
3168,1135,542,-1,4,0,0,0
3169,1137,1140,-1,7,0,0,0
3170,1145,-1,-1,7,0,0,0
3171,3166,3167,-1,4,0,0,0
3172,3168,3169,-1,4,0,0,0
3173,3170,2443,-1,7,0,0,0
3174,3171,3172,-1,6,0,0,0
3175,3173,-1,-1,7,0,0,0
3176,3174,3175,-1,4,0,0,0
3177,85,142,-1,7,0,0,0
3178,3177,369,-1,7,0,0,0
3179,339,270,-1,6,0,0,0
3180,423,565,-1,4,0,0,0
3181,3178,3179,-1,2,0,0,0
3182,3180,503,-1,4,0,0,0
3183,1073,553,-1,7,0,0,0
3184,1156,527,-1,2,0,0,0
3185,572,-1,-1,7,0,0,0
3186,3181,3182,-1,6,0,0,0
3187,3183,3184,-1,2,0,0,0
3188,3185,1400,-1,7,0,0,0
3189,1527,1077,-1,4,0,0,0
3190,1165,1169,-1,2,0,0,0
3191,3186,3187,-1,6,0,0,0
3192,3188,3189,-1,2,0,0,0
3193,3190,1525,-1,4,0,0,0
3194,1159,1161,-1,2,0,0,0
3195,1531,-1,-1,4,0,0,0
3196,3191,3192,-1,6,0,0,0
3197,3193,3194,-1,6,0,0,0
3198,3195,2475,-1,6,0,0,0
3199,3196,3197,-1,6,0,0,0
3200,3198,-1,-1,4,0,0,0
3201,3199,3200,-1,6,0,0,0
