3255,3393,3281,2609,887,2625,3299,2646,2663,3316,2684,1710,3394,2702,2720,-1,2737,980,2758,2776,2789,2803,2822,1768,413,2844,1777,3403,2875,1807,1826,3395,2896,1067,1846,2912,1867,2923,1892,1907,3332,1928,3396,2945,1949,2961,2979,1976,1996,1129,3000,3397,3022,3034,2021,3057,1155,3352,1175,3079,2041,1196,3096,2064,3374,1215,652,2084,2103,3398,2121,3118,3399,2144,2167,3139,2190,2207,1251,1256,1269,2228,2241,1294,1308,1321,3156,1348,2256,2277,2297,2313,1371,2329,2350,3400,2369,2389,2404,2426,2444,2462,2483,1405,1427,3177,1440,3193,1457,2504,2523,1481,2541,3401,1503,3215,1519,1541,1559,1567,1586,3402,3233,1602,1623,2554,1647,2571
128,55,60,-1,4,0,0,0
129,42,115,-1,4,0,0,0
130,53,110,-1,4,0,0,0
131,6,85,-1,4,0,0,0
132,15,100,-1,4,0,0,0
133,5,11,-1,4,0,0,0
134,83,104,-1,6,0,0,0
135,81,90,-1,6,0,0,0
136,92,97,-1,6,0,0,0
137,1,76,-1,6,0,0,0
138,52,78,-1,6,0,0,0
139,7,88,-1,6,0,0,0
140,14,62,-1,6,0,0,0
141,35,86,-1,4,0,0,0
142,69,125,-1,6,0,0,0
143,20,44,-1,4,0,0,0
144,13,77,-1,6,0,0,0
145,30,117,-1,6,0,0,0
146,64,124,-1,4,0,0,0
147,39,96,-1,4,0,0,0
148,40,116,-1,6,0,0,0
149,56,61,-1,4,0,0,0
150,68,99,-1,4,0,0,0
151,4,105,-1,6,0,0,0
152,0,88,-1,4,0,0,0
153,49,111,-1,4,0,0,0
154,87,109,-1,6,0,0,0
155,97,123,-1,4,0,0,0
156,13,24,-1,4,0,0,0
157,60,76,-1,4,0,0,0
158,63,106,-1,6,0,0,0
159,57,92,-1,6,0,0,0
160,75,108,-1,4,0,0,0
161,35,110,-1,4,0,0,0
162,40,50,-1,6,0,0,0
163,58,107,-1,4,0,0,0
164,47,54,-1,4,0,0,0
165,20,45,-1,4,0,0,0
166,64,66,-1,4,0,0,0
167,71,103,-1,4,0,0,0
168,79,90,-1,4,0,0,0
169,5,27,-1,4,0,0,0
170,19,113,-1,4,0,0,0
171,18,61,-1,6,0,0,0
172,16,120,-1,6,0,0,0
173,31,79,-1,6,0,0,0
174,36,127,-1,6,0,0,0
175,75,106,-1,6,0,0,0
176,45,69,-1,4,0,0,0
177,12,83,-1,4,0,0,0
178,54,-1,-1,4,0,0,0
179,178,144,-1,6,0,0,0
180,20,33,-1,6,0,0,0
181,129,161,-1,4,0,0,0
182,6,85,-1,6,0,0,0
183,7,-1,-1,4,0,0,0
184,183,153,-1,6,0,0,0
185,32,47,-1,6,0,0,0
186,29,94,-1,6,0,0,0
187,96,114,-1,4,0,0,0
188,3,34,-1,6,0,0,0
189,82,-1,-1,4,0,0,0
190,189,170,-1,6,0,0,0
191,70,91,-1,4,0,0,0
192,41,-1,-1,4,0,0,0
193,192,128,-1,6,0,0,0
194,67,99,-1,4,0,0,0
195,31,54,-1,4,0,0,0
196,167,150,-1,4,0,0,0
197,43,44,-1,6,0,0,0
198,56,66,-1,4,0,0,0
199,123,-1,-1,4,0,0,0
200,199,130,-1,4,0,0,0
201,29,117,-1,4,0,0,0
202,25,98,-1,6,0,0,0
203,10,24,-1,4,0,0,0
204,28,51,-1,4,0,0,0
205,64,-1,-1,4,0,0,0
206,205,191,-1,4,0,0,0
207,5,33,-1,6,0,0,0
208,157,177,-1,6,0,0,0
209,50,63,-1,6,0,0,0
210,0,75,-1,6,0,0,0
211,51,-1,-1,4,0,0,0
212,211,144,-1,4,0,0,0
213,33,79,-1,4,0,0,0
214,44,64,-1,6,0,0,0
215,83,98,-1,6,0,0,0
216,39,123,-1,4,0,0,0
217,41,61,-1,4,0,0,0
218,17,67,-1,4,0,0,0
219,26,-1,-1,4,0,0,0
220,219,160,-1,4,0,0,0
221,60,92,-1,4,0,0,0
222,34,94,-1,4,0,0,0
223,45,-1,-1,4,0,0,0
224,223,180,-1,6,0,0,0
225,99,-1,-1,4,0,0,0
226,225,154,-1,4,0,0,0
227,61,65,-1,6,0,0,0
228,0,43,-1,4,0,0,0
229,90,-1,-1,4,0,0,0
230,229,147,-1,4,0,0,0
231,79,123,-1,6,0,0,0
232,120,-1,-1,4,0,0,0
233,232,203,-1,6,0,0,0
234,32,55,-1,4,0,0,0
235,129,201,-1,6,0,0,0
236,60,88,-1,6,0,0,0
237,63,103,-1,6,0,0,0
238,97,113,-1,6,0,0,0
239,25,35,-1,4,0,0,0
240,26,48,-1,4,0,0,0
241,5,-1,-1,4,0,0,0
242,241,204,-1,4,0,0,0
243,11,12,-1,4,0,0,0
244,40,75,-1,4,0,0,0
245,47,58,-1,4,0,0,0
246,61,89,-1,6,0,0,0
247,41,42,-1,4,0,0,0
248,25,29,-1,4,0,0,0
249,75,100,-1,4,0,0,0
250,38,-1,-1,4,0,0,0
251,250,188,-1,6,0,0,0
252,14,17,-1,4,0,0,0
253,58,112,-1,6,0,0,0
254,71,111,-1,4,0,0,0
255,87,104,-1,4,0,0,0
256,56,67,-1,4,0,0,0
257,51,90,-1,4,0,0,0
258,114,-1,-1,4,0,0,0
259,258,169,-1,4,0,0,0
260,117,-1,-1,4,0,0,0
261,260,129,-1,4,0,0,0
262,167,-1,-1,4,0,0,0
263,262,200,-1,4,0,0,0
264,6,70,-1,6,0,0,0
265,180,249,-1,4,0,0,0
266,57,67,-1,4,0,0,0
267,86,126,-1,6,0,0,0
268,36,74,-1,4,0,0,0
269,7,-1,-1,4,0,0,0
270,269,131,-1,4,0,0,0
271,50,-1,-1,4,0,0,0
272,271,171,-1,6,0,0,0
273,132,197,-1,4,0,0,0
274,67,-1,-1,4,0,0,0
275,274,174,-1,6,0,0,0
276,66,103,-1,6,0,0,0
277,91,113,-1,6,0,0,0
278,33,-1,-1,4,0,0,0
279,278,-1,-1,4,0,0,0
280,279,235,-1,4,0,0,0
281,34,-1,-1,4,0,0,0
282,281,141,-1,4,0,0,0
283,38,-1,-1,4,0,0,0
284,283,203,-1,4,0,0,0
285,84,111,-1,4,0,0,0
286,104,109,-1,4,0,0,0
287,55,-1,-1,4,0,0,0
288,287,147,-1,4,0,0,0
289,105,-1,-1,4,0,0,0
290,289,140,-1,6,0,0,0
291,101,-1,-1,4,0,0,0
292,291,152,-1,4,0,0,0
293,108,124,-1,4,0,0,0
294,13,51,-1,4,0,0,0
295,18,-1,-1,4,0,0,0
296,295,256,-1,6,0,0,0
297,115,-1,-1,4,0,0,0
298,297,216,-1,4,0,0,0
299,14,124,-1,6,0,0,0
300,15,30,-1,7,0,0,0
301,70,-1,-1,7,0,0,0
302,300,301,-1,7,0,0,0
303,39,116,-1,4,0,0,0
304,48,-1,-1,4,0,0,0
305,304,213,-1,4,0,0,0
306,101,-1,-1,4,0,0,0
307,306,137,-1,6,0,0,0
308,47,-1,-1,4,0,0,0
309,308,128,-1,6,0,0,0
310,5,92,-1,4,0,0,0
311,13,31,-1,4,0,0,0
312,90,108,-1,4,0,0,0
313,141,130,-1,4,0,0,0
314,16,-1,-1,4,0,0,0
315,314,155,-1,4,0,0,0
316,99,-1,-1,4,0,0,0
317,316,171,-1,6,0,0,0
318,55,97,-1,6,0,0,0
319,78,84,-1,4,0,0,0
320,17,28,-1,6,0,0,0
321,56,-1,-1,4,0,0,0
322,321,129,-1,4,0,0,0
323,60,88,-1,4,0,0,0
324,90,109,-1,4,0,0,0
325,10,83,-1,6,0,0,0
326,81,82,-1,4,0,0,0
327,44,89,-1,6,0,0,0
328,27,-1,-1,4,0,0,0
329,328,247,-1,6,0,0,0
330,3,123,-1,4,0,0,0
331,7,25,-1,4,0,0,0
332,36,50,-1,6,0,0,0
333,102,-1,-1,4,0,0,0
334,333,138,-1,4,0,0,0
335,54,124,-1,4,0,0,0
336,75,106,-1,4,0,0,0
337,114,115,-1,4,0,0,0
338,49,-1,-1,4,0,0,0
339,338,163,-1,4,0,0,0
340,5,44,-1,4,0,0,0
341,69,105,-1,4,0,0,0
342,26,113,-1,6,0,0,0
343,24,81,-1,4,0,0,0
344,104,111,-1,4,0,0,0
345,12,-1,-1,4,0,0,0
346,345,-1,-1,4,0,0,0
347,346,339,-1,4,0,0,0
348,39,82,-1,4,0,0,0
349,103,114,-1,6,0,0,0
350,63,-1,-1,4,0,0,0
351,350,170,-1,4,0,0,0
352,100,111,-1,4,0,0,0
353,101,116,-1,6,0,0,0
354,28,34,-1,4,0,0,0
355,29,-1,-1,4,0,0,0
356,355,191,-1,6,0,0,0
357,0,47,-1,4,0,0,0
358,131,246,-1,4,0,0,0
359,173,286,-1,4,0,0,0
360,56,99,-1,6,0,0,0
361,85,-1,-1,4,0,0,0
362,361,141,-1,6,0,0,0
363,30,-1,-1,4,0,0,0
364,363,195,-1,4,0,0,0
365,40,-1,-1,4,0,0,0
366,365,-1,-1,4,0,0,0
367,366,309,-1,4,0,0,0
368,50,110,-1,4,0,0,0
369,0,115,-1,6,0,0,0
370,3,4,-1,4,0,0,0
371,32,-1,-1,4,0,0,0
372,371,166,-1,4,0,0,0
373,113,-1,-1,4,0,0,0
374,373,163,-1,6,0,0,0
375,85,117,-1,6,0,0,0
376,12,84,-1,4,0,0,0
377,70,-1,-1,4,0,0,0
378,377,153,-1,4,0,0,0
379,124,-1,-1,4,0,0,0
380,379,195,-1,6,0,0,0
381,35,123,-1,6,0,0,0
382,109,124,-1,4,0,0,0
383,204,132,-1,4,0,0,0
384,195,182,-1,4,0,0,0
385,4,-1,-1,4,0,0,0
386,385,130,-1,4,0,0,0
387,16,-1,-1,4,0,0,0
388,387,-1,-1,4,0,0,0
389,388,193,-1,4,0,0,0
390,49,71,-1,4,0,0,0
391,79,-1,-1,4,0,0,0
392,391,155,-1,4,0,0,0
393,3,-1,-1,4,0,0,0
394,393,158,-1,4,0,0,0
395,222,255,-1,4,0,0,0
396,7,91,-1,4,0,0,0
397,0,107,-1,6,0,0,0
398,130,169,-1,4,0,0,0
399,91,-1,-1,4,0,0,0
400,399,-1,-1,4,0,0,0
401,400,364,-1,4,0,0,0
402,82,-1,-1,4,0,0,0
403,402,147,-1,4,0,0,0
404,13,117,-1,6,0,0,0
405,41,115,-1,4,0,0,0
406,116,-1,-1,4,0,0,0
407,406,138,-1,6,0,0,0
408,14,77,-1,6,0,0,0
409,38,126,-1,4,0,0,0
410,130,397,-1,4,0,0,0
411,27,29,-1,4,0,0,0
412,84,89,-1,6,0,0,0
413,28,60,-1,4,0,0,0
414,17,127,-1,4,0,0,0
415,66,83,-1,4,0,0,0
416,203,247,-1,4,0,0,0
417,112,-1,-1,4,0,0,0
418,417,173,-1,6,0,0,0
419,87,-1,-1,4,0,0,0
420,419,135,-1,4,0,0,0
421,51,77,-1,4,0,0,0
422,5,88,-1,6,0,0,0
423,57,-1,-1,4,0,0,0
424,423,247,-1,4,0,0,0
425,191,142,-1,4,0,0,0
426,55,117,-1,4,0,0,0
427,19,-1,-1,4,0,0,0
428,427,167,-1,6,0,0,0
429,15,106,-1,6,0,0,0
430,24,53,-1,4,0,0,0
431,81,-1,-1,4,0,0,0
432,431,140,-1,4,0,0,0
433,64,-1,-1,4,0,0,0
434,433,180,-1,4,0,0,0
435,92,-1,-1,4,0,0,0
436,435,153,-1,4,0,0,0
437,76,-1,-1,4,0,0,0
438,437,152,-1,6,0,0,0
439,32,-1,-1,4,0,0,0
440,439,222,-1,4,0,0,0
441,71,-1,-1,4,0,0,0
442,441,-1,-1,4,0,0,0
443,442,364,-1,4,0,0,0
444,175,-1,-1,7,0,0,0
445,444,383,-1,2,0,0,0
446,35,112,-1,6,0,0,0
447,267,-1,-1,4,0,0,0
448,447,329,-1,6,0,0,0
449,213,325,-1,4,0,0,0
450,67,90,-1,4,0,0,0
451,191,268,-1,4,0,0,0
452,88,106,-1,4,0,0,0
453,95,-1,-1,4,0,0,0
454,453,246,-1,6,0,0,0
455,19,67,-1,4,0,0,0
456,39,-1,-1,4,0,0,0
457,456,-1,-1,4,0,0,0
458,457,200,-1,4,0,0,0
459,24,-1,-1,4,0,0,0
460,459,-1,-1,4,0,0,0
461,460,270,-1,4,0,0,0
462,1,-1,-1,4,0,0,0
463,462,202,-1,6,0,0,0
464,90,120,-1,7,0,0,0
465,464,299,-1,7,0,0,0
466,75,89,-1,4,0,0,0
467,307,362,-1,4,0,0,0
468,34,-1,-1,4,0,0,0
469,468,167,-1,6,0,0,0
470,64,-1,-1,4,0,0,0
471,470,382,-1,4,0,0,0
472,163,153,-1,4,0,0,0
473,56,-1,-1,4,0,0,0
474,473,276,-1,4,0,0,0
475,30,42,-1,4,0,0,0
476,10,23,-1,4,0,0,0
477,85,115,-1,4,0,0,0
478,185,146,-1,6,0,0,0
479,112,-1,-1,4,0,0,0
480,479,148,-1,6,0,0,0
481,73,-1,-1,4,0,0,0
482,481,138,-1,6,0,0,0
483,27,-1,-1,4,0,0,0
484,483,134,-1,6,0,0,0
485,57,-1,-1,4,0,0,0
486,485,222,-1,6,0,0,0
487,140,234,-1,4,0,0,0
488,142,257,-1,4,0,0,0
489,405,-1,-1,4,0,0,0
490,489,-1,-1,4,0,0,0
491,490,443,-1,4,0,0,0
492,107,125,-1,6,0,0,0
493,150,160,-1,6,0,0,0
494,54,106,-1,6,0,0,0
495,12,49,-1,6,0,0,0
496,43,-1,-1,4,0,0,0
497,496,173,-1,4,0,0,0
498,35,126,-1,4,0,0,0
499,77,125,-1,4,0,0,0
500,92,-1,-1,4,0,0,0
501,500,-1,-1,4,0,0,0
502,501,493,-1,6,0,0,0
503,48,84,-1,4,0,0,0
504,86,-1,-1,4,0,0,0
505,504,243,-1,6,0,0,0
506,62,85,-1,4,0,0,0
507,109,-1,-1,4,0,0,0
508,507,134,-1,4,0,0,0
509,33,47,-1,4,0,0,0
510,15,101,-1,4,0,0,0
511,32,-1,-1,4,0,0,0
512,511,186,-1,4,0,0,0
513,1,66,-1,4,0,0,0
514,54,-1,-1,4,0,0,0
515,514,369,-1,4,0,0,0
516,166,187,-1,4,0,0,0
517,83,103,-1,4,0,0,0
518,6,-1,-1,4,0,0,0
519,518,348,-1,4,0,0,0
520,141,204,-1,6,0,0,0
521,47,-1,-1,7,0,0,0
522,23,96,-1,4,0,0,0
523,75,-1,-1,4,0,0,0
524,523,277,-1,6,0,0,0
525,4,-1,-1,4,0,0,0
526,525,-1,-1,4,0,0,0
527,526,-1,-1,4,0,0,0
528,527,263,-1,4,0,0,0
529,42,-1,-1,4,0,0,0
530,529,188,-1,4,0,0,0
531,68,114,-1,4,0,0,0
532,3,113,-1,4,0,0,0
533,70,-1,-1,4,0,0,0
534,533,353,-1,4,0,0,0
535,120,-1,-1,4,0,0,0
536,535,247,-1,4,0,0,0
537,0,20,-1,4,0,0,0
538,63,-1,-1,4,0,0,0
539,538,325,-1,4,0,0,0
540,99,116,-1,4,0,0,0
541,126,-1,-1,4,0,0,0
542,541,337,-1,4,0,0,0
543,426,-1,-1,4,0,0,0
544,543,386,-1,4,0,0,0
545,3,15,-1,4,0,0,0
546,6,40,-1,6,0,0,0
547,100,-1,-1,4,0,0,0
548,547,-1,-1,4,0,0,0
549,548,484,-1,4,0,0,0
550,25,124,-1,6,0,0,0
551,7,45,-1,6,0,0,0
552,65,96,-1,6,0,0,0
553,48,-1,-1,4,0,0,0
554,553,172,-1,6,0,0,0
555,172,197,-1,6,0,0,0
556,26,-1,-1,4,0,0,0
557,556,129,-1,4,0,0,0
558,35,56,-1,4,0,0,0
559,78,125,-1,4,0,0,0
560,54,98,-1,6,0,0,0
561,68,73,-1,6,0,0,0
562,426,285,-1,4,0,0,0
563,30,-1,-1,4,0,0,0
564,563,147,-1,4,0,0,0
565,87,-1,-1,4,0,0,0
566,565,257,-1,6,0,0,0
567,6,10,-1,4,0,0,0
568,155,-1,-1,4,0,0,0
569,568,305,-1,4,0,0,0
570,67,-1,-1,4,0,0,0
571,570,166,-1,4,0,0,0
572,109,110,-1,4,0,0,0
573,64,103,-1,7,0,0,0
574,74,-1,-1,4,0,0,0
575,574,151,-1,4,0,0,0
576,98,-1,-1,4,0,0,0
577,576,185,-1,6,0,0,0
578,135,430,-1,4,0,0,0
579,158,176,-1,6,0,0,0
580,14,32,-1,4,0,0,0
581,0,19,-1,4,0,0,0
582,10,12,-1,4,0,0,0
583,70,-1,-1,4,0,0,0
584,583,237,-1,4,0,0,0
585,19,-1,-1,4,0,0,0
586,585,-1,-1,4,0,0,0
587,586,480,-1,6,0,0,0
588,41,126,-1,6,0,0,0
589,40,-1,-1,4,0,0,0
590,589,152,-1,4,0,0,0
591,255,-1,-1,4,0,0,0
592,591,270,-1,6,0,0,0
593,47,95,-1,4,0,0,0
594,59,-1,-1,4,0,0,0
595,594,149,-1,4,0,0,0
596,103,-1,-1,4,0,0,0
597,596,522,-1,4,0,0,0
598,213,318,-1,4,0,0,0
599,31,45,-1,4,0,0,0
600,27,-1,-1,4,0,0,0
601,600,332,-1,4,0,0,0
602,53,-1,-1,4,0,0,0
603,602,-1,-1,4,0,0,0
604,603,339,-1,4,0,0,0
605,105,-1,-1,4,0,0,0
606,605,-1,-1,4,0,0,0
607,606,233,-1,4,0,0,0
608,109,-1,-1,4,0,0,0
609,608,-1,-1,4,0,0,0
610,609,193,-1,4,0,0,0
611,58,87,-1,4,0,0,0
612,59,94,-1,4,0,0,0
613,108,115,-1,6,0,0,0
614,103,-1,-1,4,0,0,0
615,614,148,-1,6,0,0,0
616,14,30,-1,4,0,0,0
617,25,44,-1,4,0,0,0
618,509,-1,-1,4,0,0,0
619,618,554,-1,4,0,0,0
620,127,-1,-1,4,0,0,0
621,620,148,-1,4,0,0,0
622,31,73,-1,4,0,0,0
623,197,142,-1,4,0,0,0
624,270,575,-1,4,0,0,0
625,50,-1,-1,4,0,0,0
626,625,169,-1,6,0,0,0
627,247,430,-1,4,0,0,0
628,21,66,-1,6,0,0,0
629,160,239,-1,4,0,0,0
630,53,61,-1,4,0,0,0
631,27,112,-1,4,0,0,0
632,126,-1,-1,4,0,0,0
633,632,174,-1,4,0,0,0
634,94,100,-1,4,0,0,0
635,49,110,-1,6,0,0,0
636,63,87,-1,4,0,0,0
637,64,-1,-1,4,0,0,0
638,637,202,-1,4,0,0,0
639,23,78,-1,6,0,0,0
640,38,-1,-1,4,0,0,0
641,640,348,-1,4,0,0,0
642,91,115,-1,4,0,0,0
643,34,69,-1,4,0,0,0
644,11,33,-1,4,0,0,0
645,15,112,-1,4,0,0,0
646,57,-1,-1,4,0,0,0
647,646,630,-1,6,0,0,0
648,29,53,-1,2,0,0,0
649,63,96,-1,7,0,0,0
650,648,649,-1,4,0,0,0
651,546,-1,-1,7,0,0,0
652,650,651,-1,4,0,0,0
653,11,-1,-1,4,0,0,0
654,653,151,-1,4,0,0,0
655,19,-1,-1,4,0,0,0
656,655,-1,-1,4,0,0,0
657,656,615,-1,4,0,0,0
658,26,-1,-1,4,0,0,0
659,658,202,-1,4,0,0,0
660,61,82,-1,4,0,0,0
661,493,398,-1,4,0,0,0
662,572,-1,-1,7,0,0,0
663,662,212,-1,2,0,0,0
664,98,100,-1,4,0,0,0
665,364,428,-1,4,0,0,0
666,66,-1,-1,7,0,0,0
667,6,97,-1,4,0,0,0
668,66,115,-1,4,0,0,0
669,15,42,-1,4,0,0,0
670,20,-1,-1,4,0,0,0
671,670,236,-1,6,0,0,0
672,173,-1,-1,7,0,0,0
673,672,272,-1,2,0,0,0
674,172,335,-1,4,0,0,0
675,428,562,-1,4,0,0,0
676,96,107,-1,7,0,0,0
677,41,97,-1,4,0,0,0
678,45,66,-1,4,0,0,0
679,7,-1,-1,4,0,0,0
680,679,369,-1,4,0,0,0
681,108,-1,-1,4,0,0,0
682,681,204,-1,4,0,0,0
683,106,-1,-1,4,0,0,0
684,683,264,-1,6,0,0,0
685,19,-1,-1,4,0,0,0
686,685,201,-1,6,0,0,0
687,123,-1,-1,4,0,0,0
688,687,131,-1,6,0,0,0
689,66,-1,-1,4,0,0,0
690,689,-1,-1,4,0,0,0
691,690,275,-1,4,0,0,0
692,78,-1,-1,4,0,0,0
693,692,320,-1,4,0,0,0
694,96,117,-1,4,0,0,0
695,152,154,-1,4,0,0,0
696,53,-1,-1,4,0,0,0
697,696,-1,-1,4,0,0,0
698,697,224,-1,4,0,0,0
699,51,-1,-1,4,0,0,0
700,699,175,-1,6,0,0,0
701,64,105,-1,4,0,0,0
702,49,104,-1,4,0,0,0
703,14,-1,-1,4,0,0,0
704,703,561,-1,4,0,0,0
705,7,16,-1,6,0,0,0
706,29,55,-1,4,0,0,0
707,52,-1,-1,4,0,0,0
708,707,264,-1,4,0,0,0
709,61,-1,-1,4,0,0,0
710,709,166,-1,4,0,0,0
711,62,83,-1,6,0,0,0
712,340,-1,-1,7,0,0,0
713,712,307,-1,2,0,0,0
714,558,-1,-1,4,0,0,0
715,714,226,-1,6,0,0,0
716,20,-1,-1,4,0,0,0
717,716,348,-1,4,0,0,0
718,27,94,-1,4,0,0,0
719,62,-1,-1,4,0,0,0
720,719,-1,-1,4,0,0,0
721,720,-1,-1,4,0,0,0
722,721,592,-1,4,0,0,0
723,65,97,-1,4,0,0,0
724,31,85,-1,6,0,0,0
725,86,96,-1,4,0,0,0
726,113,-1,-1,4,0,0,0
727,726,249,-1,4,0,0,0
728,165,628,-1,4,0,0,0
729,12,-1,-1,4,0,0,0
730,729,158,-1,4,0,0,0
731,48,-1,-1,4,0,0,0
732,731,509,-1,4,0,0,0
733,537,-1,-1,4,0,0,0
734,733,566,-1,6,0,0,0
735,45,-1,-1,4,0,0,0
736,735,349,-1,4,0,0,0
737,104,110,-1,6,0,0,0
738,127,-1,-1,4,0,0,0
739,738,572,-1,4,0,0,0
740,201,176,-1,4,0,0,0
741,15,42,-1,7,0,0,0
742,47,60,-1,7,0,0,0
743,741,742,-1,7,0,0,0
744,52,120,-1,4,0,0,0
745,33,111,-1,4,0,0,0
746,144,188,-1,4,0,0,0
747,16,-1,-1,4,0,0,0
748,747,128,-1,4,0,0,0
749,6,81,-1,6,0,0,0
750,52,57,-1,6,0,0,0
751,123,-1,-1,4,0,0,0
752,751,-1,-1,4,0,0,0
753,752,-1,-1,4,0,0,0
754,753,347,-1,4,0,0,0
755,88,-1,-1,4,0,0,0
756,755,-1,-1,4,0,0,0
757,756,394,-1,4,0,0,0
758,120,-1,-1,4,0,0,0
759,758,-1,-1,4,0,0,0
760,759,-1,-1,4,0,0,0
761,760,502,-1,4,0,0,0
762,114,124,-1,4,0,0,0
763,44,-1,-1,4,0,0,0
764,763,165,-1,4,0,0,0
765,65,-1,-1,4,0,0,0
766,765,750,-1,4,0,0,0
767,52,103,-1,4,0,0,0
768,48,-1,-1,4,0,0,0
769,768,231,-1,4,0,0,0
770,78,-1,-1,4,0,0,0
771,770,135,-1,4,0,0,0
772,212,497,-1,4,0,0,0
773,5,-1,-1,4,0,0,0
774,773,-1,-1,4,0,0,0
775,774,557,-1,6,0,0,0
776,35,-1,-1,4,0,0,0
777,776,-1,-1,4,0,0,0
778,777,372,-1,6,0,0,0
779,38,-1,-1,4,0,0,0
780,779,161,-1,4,0,0,0
781,134,476,-1,4,0,0,0
782,61,-1,-1,4,0,0,0
783,782,337,-1,4,0,0,0
784,167,238,-1,6,0,0,0
785,54,107,-1,4,0,0,0
786,1,-1,-1,4,0,0,0
787,786,154,-1,4,0,0,0
788,103,-1,-1,7,0,0,0
789,127,-1,-1,4,0,0,0
790,789,151,-1,4,0,0,0
791,18,39,-1,7,0,0,0
792,791,237,-1,7,0,0,0
793,17,-1,-1,4,0,0,0
794,793,134,-1,4,0,0,0
795,59,-1,-1,4,0,0,0
796,795,135,-1,4,0,0,0
797,26,-1,-1,4,0,0,0
798,797,138,-1,6,0,0,0
799,65,-1,-1,4,0,0,0
800,799,140,-1,6,0,0,0
801,126,-1,-1,4,0,0,0
802,801,141,-1,4,0,0,0
803,38,-1,-1,4,0,0,0
804,803,142,-1,6,0,0,0
805,24,-1,-1,4,0,0,0
806,805,144,-1,4,0,0,0
807,3,-1,-1,4,0,0,0
808,807,145,-1,4,0,0,0
809,71,-1,-1,4,0,0,0
810,809,147,-1,4,0,0,0
811,28,-1,-1,4,0,0,0
812,811,148,-1,4,0,0,0
813,108,-1,-1,4,0,0,0
814,813,151,-1,6,0,0,0
815,94,-1,-1,4,0,0,0
816,815,153,-1,4,0,0,0
817,100,-1,-1,4,0,0,0
818,817,154,-1,6,0,0,0
819,43,-1,-1,4,0,0,0
820,819,155,-1,6,0,0,0
821,157,-1,-1,7,0,0,0
822,821,798,-1,2,0,0,0
823,112,-1,-1,4,0,0,0
824,823,159,-1,4,0,0,0
825,161,162,-1,6,0,0,0
826,25,-1,-1,4,0,0,0
827,826,163,-1,4,0,0,0
828,95,-1,-1,4,0,0,0
829,828,165,-1,4,0,0,0
830,166,167,-1,6,0,0,0
831,12,-1,-1,4,0,0,0
832,831,-1,-1,4,0,0,0
833,832,794,-1,6,0,0,0
834,169,170,-1,6,0,0,0
835,17,-1,-1,4,0,0,0
836,835,172,-1,6,0,0,0
837,102,-1,-1,4,0,0,0
838,837,174,-1,6,0,0,0
839,0,-1,-1,4,0,0,0
840,839,-1,-1,4,0,0,0
841,840,830,-1,6,0,0,0
842,104,-1,-1,4,0,0,0
843,842,-1,-1,4,0,0,0
844,843,179,-1,6,0,0,0
845,63,-1,-1,4,0,0,0
846,845,180,-1,4,0,0,0
847,155,182,-1,4,0,0,0
848,48,-1,-1,4,0,0,0
849,848,185,-1,6,0,0,0
850,76,-1,-1,4,0,0,0
851,850,186,-1,6,0,0,0
852,10,-1,-1,4,0,0,0
853,852,187,-1,6,0,0,0
854,188,-1,-1,4,0,0,0
855,854,798,-1,6,0,0,0
856,814,818,-1,6,0,0,0
857,53,-1,-1,4,0,0,0
858,857,191,-1,6,0,0,0
859,125,-1,-1,4,0,0,0
860,859,-1,-1,4,0,0,0
861,860,193,-1,6,0,0,0
862,44,-1,-1,4,0,0,0
863,862,194,-1,4,0,0,0
864,109,-1,-1,4,0,0,0
865,864,195,-1,4,0,0,0
866,95,-1,-1,4,0,0,0
867,866,197,-1,4,0,0,0
868,131,-1,-1,4,0,0,0
869,868,200,-1,4,0,0,0
870,201,185,-1,4,0,0,0
871,202,-1,-1,4,0,0,0
872,871,800,-1,6,0,0,0
873,81,-1,-1,4,0,0,0
874,873,203,-1,6,0,0,0
875,116,-1,-1,4,0,0,0
876,875,204,-1,4,0,0,0
877,96,-1,-1,4,0,0,0
878,877,-1,-1,4,0,0,0
879,878,206,-1,6,0,0,0
880,129,207,-1,6,0,0,0
881,11,55,-1,7,0,0,0
882,57,-1,-1,4,0,0,0
883,881,882,-1,2,0,0,0
884,209,210,-1,7,0,0,0
885,883,884,-1,4,0,0,0
886,816,-1,-1,4,0,0,0
887,885,886,-1,6,0,0,0
888,20,-1,-1,4,0,0,0
889,888,213,-1,6,0,0,0
890,30,-1,-1,4,0,0,0
891,890,215,-1,6,0,0,0
892,15,-1,-1,4,0,0,0
893,892,-1,-1,4,0,0,0
894,893,838,-1,4,0,0,0
895,89,-1,-1,4,0,0,0
896,895,231,-1,6,0,0,0
897,174,-1,-1,4,0,0,0
898,897,233,-1,4,0,0,0
899,234,-1,-1,7,0,0,0
900,899,830,-1,2,0,0,0
901,812,891,-1,4,0,0,0
902,190,235,-1,6,0,0,0
903,237,-1,-1,7,0,0,0
904,903,836,-1,2,0,0,0
905,152,243,-1,6,0,0,0
906,130,246,-1,4,0,0,0
907,180,247,-1,4,0,0,0
908,197,249,-1,4,0,0,0
909,158,-1,-1,4,0,0,0
910,909,251,-1,4,0,0,0
911,18,-1,-1,4,0,0,0
912,911,252,-1,4,0,0,0
913,36,-1,-1,4,0,0,0
914,913,253,-1,4,0,0,0
915,129,255,-1,4,0,0,0
916,68,-1,-1,4,0,0,0
917,916,256,-1,6,0,0,0
918,163,-1,-1,4,0,0,0
919,918,865,-1,6,0,0,0
920,104,-1,-1,4,0,0,0
921,920,264,-1,4,0,0,0
922,214,266,-1,4,0,0,0
923,99,-1,-1,4,0,0,0
924,923,267,-1,6,0,0,0
925,186,268,-1,6,0,0,0
926,48,-1,-1,4,0,0,0
927,926,-1,-1,4,0,0,0
928,927,272,-1,6,0,0,0
929,202,277,-1,4,0,0,0
930,285,286,-1,4,0,0,0
931,176,-1,-1,4,0,0,0
932,931,288,-1,4,0,0,0
933,293,294,-1,4,0,0,0
934,203,299,-1,6,0,0,0
935,165,-1,-1,4,0,0,0
936,935,305,-1,4,0,0,0
937,798,307,-1,6,0,0,0
938,102,-1,-1,4,0,0,0
939,938,-1,-1,4,0,0,0
940,939,309,-1,4,0,0,0
941,145,-1,-1,7,0,0,0
942,941,315,-1,2,0,0,0
943,320,-1,-1,4,0,0,0
944,943,800,-1,6,0,0,0
945,4,-1,-1,4,0,0,0
946,945,-1,-1,4,0,0,0
947,946,322,-1,4,0,0,0
948,120,-1,-1,4,0,0,0
949,948,323,-1,4,0,0,0
950,127,-1,-1,4,0,0,0
951,950,325,-1,4,0,0,0
952,326,-1,-1,7,0,0,0
953,952,-1,-1,7,0,0,0
954,953,928,-1,2,0,0,0
955,92,-1,-1,4,0,0,0
956,955,327,-1,4,0,0,0
957,71,-1,-1,4,0,0,0
958,957,332,-1,4,0,0,0
959,13,-1,-1,4,0,0,0
960,959,335,-1,6,0,0,0
961,28,-1,-1,4,0,0,0
962,961,336,-1,4,0,0,0
963,303,-1,-1,7,0,0,0
964,963,870,-1,2,0,0,0
965,166,337,-1,6,0,0,0
966,339,-1,-1,4,0,0,0
967,966,936,-1,6,0,0,0
968,14,27,-1,7,0,0,0
969,91,102,-1,4,0,0,0
970,968,969,-1,2,0,0,0
971,171,340,-1,4,0,0,0
972,341,342,-1,4,0,0,0
973,343,244,-1,4,0,0,0
974,344,-1,-1,7,0,0,0
975,970,971,-1,6,0,0,0
976,972,973,-1,6,0,0,0
977,974,251,-1,2,0,0,0
978,975,976,-1,6,0,0,0
979,977,-1,-1,4,0,0,0
980,978,979,-1,6,0,0,0
981,165,348,-1,6,0,0,0
982,1,-1,-1,4,0,0,0
983,982,353,-1,6,0,0,0
984,128,354,-1,4,0,0,0
985,203,-1,-1,4,0,0,0
986,985,356,-1,4,0,0,0
987,357,-1,-1,4,0,0,0
988,987,358,-1,4,0,0,0
989,360,-1,-1,4,0,0,0
990,989,359,-1,6,0,0,0
991,21,-1,-1,4,0,0,0
992,991,-1,-1,4,0,0,0
993,992,364,-1,4,0,0,0
994,28,-1,-1,4,0,0,0
995,994,-1,-1,4,0,0,0
996,995,867,-1,4,0,0,0
997,369,370,-1,4,0,0,0
998,144,-1,-1,4,0,0,0
999,998,853,-1,6,0,0,0
1000,117,-1,-1,4,0,0,0
1001,1000,-1,-1,4,0,0,0
1002,1001,372,-1,4,0,0,0
1003,134,-1,-1,4,0,0,0
1004,1003,804,-1,4,0,0,0
1005,125,-1,-1,4,0,0,0
1006,1005,-1,-1,4,0,0,0
1007,1006,378,-1,4,0,0,0
1008,36,-1,-1,4,0,0,0
1009,1008,-1,-1,4,0,0,0
1010,1009,830,-1,4,0,0,0
1011,33,-1,-1,4,0,0,0
1012,1011,-1,-1,4,0,0,0
1013,1012,824,-1,6,0,0,0
1014,383,384,-1,4,0,0,0
1015,45,-1,-1,4,0,0,0
1016,1015,-1,-1,4,0,0,0
1017,1016,394,-1,4,0,0,0
1018,102,-1,-1,4,0,0,0
1019,1018,-1,-1,4,0,0,0
1020,1019,-1,-1,4,0,0,0
1021,1020,928,-1,4,0,0,0
1022,159,397,-1,6,0,0,0
1023,139,-1,-1,4,0,0,0
1024,1023,874,-1,6,0,0,0
1025,194,-1,-1,7,0,0,0
1026,1025,802,-1,2,0,0,0
1027,14,-1,-1,4,0,0,0
1028,1027,404,-1,6,0,0,0
1029,293,-1,-1,4,0,0,0
1030,1029,846,-1,6,0,0,0
1031,67,-1,-1,4,0,0,0
1032,1031,411,-1,6,0,0,0
1033,256,-1,-1,4,0,0,0
1034,1033,812,-1,4,0,0,0
1035,981,908,-1,4,0,0,0
1036,17,-1,-1,4,0,0,0
1037,1036,-1,-1,4,0,0,0
1038,1037,846,-1,4,0,0,0
1039,120,-1,-1,4,0,0,0
1040,1039,-1,-1,4,0,0,0
1041,1040,796,-1,4,0,0,0
1042,426,-1,-1,4,0,0,0
1043,1042,-1,-1,4,0,0,0
1044,1043,928,-1,4,0,0,0
1045,40,-1,-1,4,0,0,0
1046,1045,429,-1,6,0,0,0
1047,438,440,-1,4,0,0,0
1048,443,445,-1,4,0,0,0
1049,149,446,-1,6,0,0,0
1050,29,-1,-1,4,0,0,0
1051,1050,-1,-1,4,0,0,0
1052,1051,802,-1,4,0,0,0
1053,369,-1,-1,4,0,0,0
1054,1053,-1,-1,4,0,0,0
1055,1054,461,-1,4,0,0,0
1056,70,-1,-1,4,0,0,0
1057,1056,-1,-1,4,0,0,0
1058,1057,836,-1,6,0,0,0
1059,420,-1,-1,4,0,0,0
1060,1059,872,-1,6,0,0,0
1061,383,905,-1,6,0,0,0
1062,38,98,-1,7,0,0,0
1063,1062,143,-1,7,0,0,0
1064,343,-1,-1,4,0,0,0
1065,1063,1064,-1,2,0,0,0
1066,474,-1,-1,7,0,0,0
1067,1065,1066,-1,4,0,0,0
1068,68,-1,-1,4,0,0,0
1069,1068,476,-1,6,0,0,0
1070,170,-1,-1,4,0,0,0
1071,1070,478,-1,4,0,0,0
1072,272,480,-1,6,0,0,0
1073,484,179,-1,6,0,0,0
1074,97,-1,-1,4,0,0,0
1075,1074,-1,-1,4,0,0,0
1076,1075,493,-1,4,0,0,0
1077,38,-1,-1,4,0,0,0
1078,1077,499,-1,4,0,0,0
1079,60,-1,-1,4,0,0,0
1080,1079,-1,-1,4,0,0,0
1081,1080,-1,-1,4,0,0,0
1082,1081,502,-1,4,0,0,0
1083,10,-1,-1,4,0,0,0
1084,1083,-1,-1,4,0,0,0
1085,1084,505,-1,4,0,0,0
1086,99,-1,-1,4,0,0,0
1087,1086,506,-1,4,0,0,0
1088,97,-1,-1,4,0,0,0
1089,1088,-1,-1,4,0,0,0
1090,1089,-1,-1,4,0,0,0
1091,1090,904,-1,4,0,0,0
1092,517,-1,-1,7,0,0,0
1093,1092,516,-1,2,0,0,0
1094,57,-1,-1,4,0,0,0
1095,1094,-1,-1,4,0,0,0
1096,1095,519,-1,6,0,0,0
1097,128,-1,-1,4,0,0,0
1098,1097,870,-1,4,0,0,0
1099,159,-1,-1,4,0,0,0
1100,1099,-1,-1,4,0,0,0
1101,1100,-1,-1,4,0,0,0
1102,1101,1060,-1,4,0,0,0
1103,814,233,-1,4,0,0,0
1104,128,-1,-1,4,0,0,0
1105,1104,802,-1,4,0,0,0
1106,75,-1,-1,4,0,0,0
1107,1106,551,-1,6,0,0,0
1108,552,-1,-1,4,0,0,0
1109,1108,876,-1,6,0,0,0
1110,209,-1,-1,4,0,0,0
1111,1110,554,-1,6,0,0,0
1112,10,-1,-1,4,0,0,0
1113,1112,-1,-1,4,0,0,0
1114,1113,557,-1,4,0,0,0
1115,39,-1,-1,4,0,0,0
1116,1115,558,-1,4,0,0,0
1117,90,-1,-1,4,0,0,0
1118,1117,-1,-1,4,0,0,0
1119,1118,806,-1,4,0,0,0
1120,559,-1,-1,4,0,0,0
1121,1120,224,-1,6,0,0,0
1122,14,57,-1,7,0,0,0
1123,87,-1,-1,4,0,0,0
1124,1122,1123,-1,2,0,0,0
1125,165,163,-1,7,0,0,0
1126,405,560,-1,4,0,0,0
1127,1124,1125,-1,4,0,0,0
1128,1126,288,-1,6,0,0,0
1129,1127,1128,-1,6,0,0,0
1130,572,495,-1,4,0,0,0
1131,578,579,-1,6,0,0,0
1132,150,581,-1,4,0,0,0
1133,836,-1,-1,4,0,0,0
1134,1133,461,-1,6,0,0,0
1135,163,582,-1,4,0,0,0
1136,55,-1,-1,4,0,0,0
1137,1136,588,-1,6,0,0,0
1138,4,-1,-1,4,0,0,0
1139,1138,-1,-1,4,0,0,0
1140,1139,876,-1,4,0,0,0
1141,28,39,-1,7,0,0,0
1142,92,-1,-1,7,0,0,0
1143,1141,1142,-1,7,0,0,0
1144,213,138,-1,7,0,0,0
1145,599,-1,-1,7,0,0,0
1146,1143,1144,-1,7,0,0,0
1147,1145,322,-1,2,0,0,0
1148,524,601,-1,2,0,0,0
1149,1146,1147,-1,2,0,0,0
1150,1148,604,-1,6,0,0,0
1151,607,610,-1,7,0,0,0
1152,988,1093,-1,2,0,0,0
1153,1149,1150,-1,6,0,0,0
1154,1151,1152,-1,2,0,0,0
1155,1153,1154,-1,6,0,0,0
1156,201,612,-1,4,0,0,0
1157,616,-1,-1,4,0,0,0
1158,1157,615,-1,6,0,0,0
1159,11,100,-1,6,0,0,0
1160,109,115,-1,2,0,0,0
1161,116,-1,-1,7,0,0,0
1162,1159,1160,-1,6,0,0,0
1163,1161,204,-1,7,0,0,0
1164,201,276,-1,7,0,0,0
1165,495,599,-1,4,0,0,0
1166,532,617,-1,4,0,0,0
1167,1162,1163,-1,4,0,0,0
1168,1164,1165,-1,2,0,0,0
1169,1166,858,-1,6,0,0,0
1170,1167,1168,-1,6,0,0,0
1171,1169,619,-1,4,0,0,0
1172,1096,-1,-1,4,0,0,0
1173,1170,1171,-1,6,0,0,0
1174,1172,1082,-1,6,0,0,0
1175,1173,1174,-1,6,0,0,0
1176,145,-1,-1,4,0,0,0
1177,1176,626,-1,4,0,0,0
1178,545,-1,-1,4,0,0,0
1179,1178,627,-1,6,0,0,0
1180,56,78,-1,2,0,0,0
1181,1180,147,-1,6,0,0,0
1182,148,152,-1,4,0,0,0
1183,318,421,-1,4,0,0,0
1184,630,551,-1,6,0,0,0
1185,631,-1,-1,4,0,0,0
1186,1181,1182,-1,6,0,0,0
1187,1183,1184,-1,6,0,0,0
1188,1185,305,-1,6,0,0,0
1189,220,633,-1,6,0,0,0
1190,851,965,-1,6,0,0,0
1191,1186,1187,-1,6,0,0,0
1192,1188,1189,-1,6,0,0,0
1193,1190,919,-1,6,0,0,0
1194,1191,1192,-1,6,0,0,0
1195,1193,-1,-1,4,0,0,0
1196,1194,1195,-1,6,0,0,0
1197,21,-1,-1,4,0,0,0
1198,1197,-1,-1,4,0,0,0
1199,1198,638,-1,6,0,0,0
1200,50,-1,-1,4,0,0,0
1201,1200,642,-1,6,0,0,0
1202,643,-1,-1,4,0,0,0
1203,1202,555,-1,6,0,0,0
1204,29,51,-1,7,0,0,0
1205,84,-1,-1,7,0,0,0
1206,1204,1205,-1,7,0,0,0
1207,172,644,-1,6,0,0,0
1208,645,221,-1,2,0,0,0
1209,1206,1207,-1,2,0,0,0
1210,1208,816,-1,4,0,0,0
1211,615,1201,-1,7,0,0,0
1212,647,-1,-1,4,0,0,0
1213,1209,1210,-1,6,0,0,0
1214,1211,1212,-1,2,0,0,0
1215,1213,1214,-1,6,0,0,0
1216,62,-1,-1,4,0,0,0
1217,1216,-1,-1,4,0,0,0
1218,1217,917,-1,4,0,0,0
1219,277,664,-1,4,0,0,0
1220,1052,1103,-1,4,0,0,0
1221,259,-1,-1,4,0,0,0
1222,1221,665,-1,6,0,0,0
1223,798,478,-1,4,0,0,0
1224,452,668,-1,4,0,0,0
1225,64,-1,-1,4,0,0,0
1226,1225,-1,-1,4,0,0,0
1227,1226,-1,-1,4,0,0,0
1228,1227,673,-1,6,0,0,0
1229,674,-1,-1,4,0,0,0
1230,1229,675,-1,6,0,0,0
1231,680,682,-1,4,0,0,0
1232,257,-1,-1,4,0,0,0
1233,1232,858,-1,6,0,0,0
1234,695,454,-1,4,0,0,0
1235,68,-1,-1,4,0,0,0
1236,1235,-1,-1,4,0,0,0
1237,1236,-1,-1,4,0,0,0
1238,1237,698,-1,6,0,0,0
1239,25,55,-1,6,0,0,0
1240,1239,151,-1,6,0,0,0
1241,243,357,-1,7,0,0,0
1242,319,375,-1,6,0,0,0
1243,1240,1241,-1,4,0,0,0
1244,1242,305,-1,4,0,0,0
1245,226,700,-1,6,0,0,0
1246,1243,1244,-1,6,0,0,0
1247,1245,1114,-1,4,0,0,0
1248,604,-1,-1,4,0,0,0
1249,1246,1247,-1,6,0,0,0
1250,1248,1222,-1,4,0,0,0
1251,1249,1250,-1,6,0,0,0
1252,133,701,-1,2,0,0,0
1253,477,-1,-1,7,0,0,0
1254,1252,1253,-1,4,0,0,0
1255,647,-1,-1,4,0,0,0
1256,1254,1255,-1,6,0,0,0
1257,48,81,-1,7,0,0,0
1258,103,-1,-1,4,0,0,0
1259,1257,1258,-1,2,0,0,0
1260,132,323,-1,2,0,0,0
1261,546,617,-1,4,0,0,0
1262,702,494,-1,7,0,0,0
1263,1259,1260,-1,6,0,0,0
1264,1261,1262,-1,4,0,0,0
1265,981,282,-1,7,0,0,0
1266,1032,-1,-1,4,0,0,0
1267,1263,1264,-1,6,0,0,0
1268,1265,1266,-1,2,0,0,0
1269,1267,1268,-1,6,0,0,0
1270,705,-1,-1,7,0,0,0
1271,1270,-1,-1,7,0,0,0
1272,1271,937,-1,2,0,0,0
1273,24,-1,-1,4,0,0,0
1274,1273,711,-1,6,0,0,0
1275,31,40,-1,4,0,0,0
1276,53,58,-1,6,0,0,0
1277,124,-1,-1,4,0,0,0
1278,1275,1276,-1,6,0,0,0
1279,1277,144,-1,6,0,0,0
1280,405,357,-1,6,0,0,0
1281,705,342,-1,4,0,0,0
1282,706,-1,-1,4,0,0,0
1283,1278,1279,-1,6,0,0,0
1284,1280,1281,-1,6,0,0,0
1285,1282,838,-1,6,0,0,0
1286,889,454,-1,6,0,0,0
1287,597,700,-1,2,0,0,0
1288,1283,1284,-1,6,0,0,0
1289,1285,1286,-1,6,0,0,0
1290,1287,872,-1,6,0,0,0
1291,713,-1,-1,7,0,0,0
1292,1288,1289,-1,6,0,0,0
1293,1290,1291,-1,4,0,0,0
1294,1292,1293,-1,6,0,0,0
1295,83,-1,-1,4,0,0,0
1296,1295,204,-1,6,0,0,0
1297,318,452,-1,7,0,0,0
1298,1296,1297,-1,4,0,0,0
1299,816,230,-1,2,0,0,0
1300,914,906,-1,2,0,0,0
1301,880,-1,-1,7,0,0,0
1302,1298,1299,-1,6,0,0,0
1303,1300,1301,-1,4,0,0,0
1304,1058,657,-1,6,0,0,0
1305,715,-1,-1,4,0,0,0
1306,1302,1303,-1,6,0,0,0
1307,1304,1305,-1,6,0,0,0
1308,1306,1307,-1,6,0,0,0
1309,11,55,-1,4,0,0,0
1310,1309,430,-1,4,0,0,0
1311,194,294,-1,2,0,0,0
1312,498,517,-1,2,0,0,0
1313,718,164,-1,4,0,0,0
1314,636,-1,-1,4,0,0,0
1315,1310,1311,-1,6,0,0,0
1316,1312,1313,-1,6,0,0,0
1317,1314,814,-1,6,0,0,0
1318,717,-1,-1,7,0,0,0
1319,1315,1316,-1,6,0,0,0
1320,1317,1318,-1,4,0,0,0
1321,1319,1320,-1,6,0,0,0
1322,30,-1,-1,4,0,0,0
1323,1322,-1,-1,4,0,0,0
1324,1323,810,-1,4,0,0,0
1325,50,116,-1,4,0,0,0
1326,1325,128,-1,4,0,0,0
1327,141,191,-1,7,0,0,0
1328,144,159,-1,7,0,0,0
1329,286,644,-1,2,0,0,0
1330,349,503,-1,4,0,0,0
1331,466,550,-1,2,0,0,0
1332,723,-1,-1,4,0,0,0
1333,1326,1327,-1,4,0,0,0
1334,1328,1329,-1,2,0,0,0
1335,1330,1331,-1,6,0,0,0
1336,1332,867,-1,6,0,0,0
1337,372,403,-1,4,0,0,0
1338,275,686,-1,4,0,0,0
1339,1333,1334,-1,6,0,0,0
1340,1335,1336,-1,6,0,0,0
1341,1337,1338,-1,6,0,0,0
1342,1131,-1,-1,7,0,0,0
1343,1339,1340,-1,6,0,0,0
1344,1341,1342,-1,4,0,0,0
1345,1272,-1,-1,7,0,0,0
1346,1343,1344,-1,6,0,0,0
1347,1345,-1,-1,7,0,0,0
1348,1346,1347,-1,4,0,0,0
1349,277,-1,-1,4,0,0,0
1350,1349,-1,-1,4,0,0,0
1351,1350,937,-1,6,0,0,0
1352,100,-1,-1,4,0,0,0
1353,1352,725,-1,4,0,0,0
1354,81,-1,-1,4,0,0,0
1355,1354,-1,-1,4,0,0,0
1356,1355,-1,-1,4,0,0,0
1357,1356,-1,-1,4,0,0,0
1358,1357,1351,-1,4,0,0,0
1359,214,168,-1,6,0,0,0
1360,634,694,-1,7,0,0,0
1361,737,-1,-1,4,0,0,0
1362,1359,1360,-1,4,0,0,0
1363,1361,557,-1,6,0,0,0
1364,736,693,-1,6,0,0,0
1365,1274,-1,-1,7,0,0,0
1366,1362,1363,-1,6,0,0,0
1367,1364,1365,-1,4,0,0,0
1368,1076,-1,-1,4,0,0,0
1369,1366,1367,-1,6,0,0,0
1370,1368,-1,-1,4,0,0,0
1371,1369,1370,-1,6,0,0,0
1372,110,-1,-1,4,0,0,0
1373,1372,-1,-1,4,0,0,0
1374,1373,740,-1,4,0,0,0
1375,132,-1,-1,4,0,0,0
1376,1375,-1,-1,4,0,0,0
1377,1376,996,-1,4,0,0,0
1378,749,-1,-1,7,0,0,0
1379,1378,557,-1,2,0,0,0
1380,68,-1,-1,4,0,0,0
1381,1380,750,-1,6,0,0,0
1382,267,-1,-1,4,0,0,0
1383,1382,-1,-1,4,0,0,0
1384,1383,-1,-1,4,0,0,0
1385,1384,754,-1,6,0,0,0
1386,762,-1,-1,7,0,0,0
1387,1386,564,-1,2,0,0,0
1388,764,766,-1,6,0,0,0
1389,686,-1,-1,4,0,0,0
1390,1389,1024,-1,4,0,0,0
1391,4,111,-1,4,0,0,0
1392,113,-1,-1,7,0,0,0
1393,1391,1392,-1,4,0,0,0
1394,767,404,-1,6,0,0,0
1395,645,-1,-1,7,0,0,0
1396,1393,1394,-1,6,0,0,0
1397,1395,493,-1,7,0,0,0
1398,486,438,-1,6,0,0,0
1399,769,710,-1,7,0,0,0
1400,1396,1397,-1,4,0,0,0
1401,1398,1399,-1,4,0,0,0
1402,1379,-1,-1,4,0,0,0
1403,1400,1401,-1,6,0,0,0
1404,1402,-1,-1,4,0,0,0
1405,1403,1404,-1,6,0,0,0
1406,95,-1,-1,4,0,0,0
1407,1406,285,-1,6,0,0,0
1408,397,327,-1,2,0,0,0
1409,552,218,-1,7,0,0,0
1410,1407,1408,-1,6,0,0,0
1411,1409,486,-1,2,0,0,0
1412,929,740,-1,4,0,0,0
1413,771,508,-1,6,0,0,0
1414,684,-1,-1,7,0,0,0
1415,1410,1411,-1,6,0,0,0
1416,1412,1413,-1,6,0,0,0
1417,1414,894,-1,7,0,0,0
1418,458,772,-1,2,0,0,0
1419,775,778,-1,4,0,0,0
1420,1158,-1,-1,7,0,0,0
1421,1415,1416,-1,6,0,0,0
1422,1417,1418,-1,2,0,0,0
1423,1419,1420,-1,4,0,0,0
1424,761,-1,-1,4,0,0,0
1425,1421,1422,-1,6,0,0,0
1426,1423,1424,-1,6,0,0,0
1427,1425,1426,-1,6,0,0,0
1428,11,78,-1,4,0,0,0
1429,1428,169,-1,4,0,0,0
1430,348,405,-1,4,0,0,0
1431,724,-1,-1,7,0,0,0
1432,1429,1430,-1,6,0,0,0
1433,1431,891,-1,2,0,0,0
1434,554,196,-1,6,0,0,0
1435,1432,1433,-1,6,0,0,0
1436,1434,1140,-1,6,0,0,0
1437,691,1030,-1,6,0,0,0
1438,1435,1436,-1,6,0,0,0
1439,1437,1390,-1,4,0,0,0
1440,1438,1439,-1,6,0,0,0
1441,150,-1,-1,4,0,0,0
1442,1441,810,-1,4,0,0,0
1443,296,-1,-1,4,0,0,0
1444,1443,861,-1,6,0,0,0
1445,29,83,-1,4,0,0,0
1446,91,110,-1,7,0,0,0
1447,1445,1446,-1,4,0,0,0
1448,240,216,-1,7,0,0,0
1449,1447,1448,-1,4,0,0,0
1450,270,626,-1,7,0,0,0
1451,783,265,-1,7,0,0,0
1452,1449,1450,-1,4,0,0,0
1453,1451,610,-1,7,0,0,0
1454,778,-1,-1,7,0,0,0
1455,1452,1453,-1,4,0,0,0
1456,1454,-1,-1,7,0,0,0
1457,1455,1456,-1,4,0,0,0
1458,203,-1,-1,4,0,0,0
1459,1458,-1,-1,4,0,0,0
1460,1459,1218,-1,4,0,0,0
1461,206,-1,-1,4,0,0,0
1462,1461,1014,-1,4,0,0,0
1463,74,-1,-1,4,0,0,0
1464,1463,-1,-1,4,0,0,0
1465,1464,796,-1,4,0,0,0
1466,396,785,-1,6,0,0,0
1467,6,55,-1,7,0,0,0
1468,111,-1,-1,4,0,0,0
1469,1467,1468,-1,2,0,0,0
1470,172,162,-1,2,0,0,0
1471,561,136,-1,6,0,0,0
1472,725,613,-1,7,0,0,0
1473,1469,1470,-1,6,0,0,0
1474,1471,1472,-1,4,0,0,0
1475,484,787,-1,6,0,0,0
1476,1473,1474,-1,6,0,0,0
1477,1475,841,-1,6,0,0,0
1478,1374,772,-1,7,0,0,0
1479,1476,1477,-1,6,0,0,0
1480,1478,-1,-1,7,0,0,0
1481,1479,1480,-1,4,0,0,0
1482,132,-1,-1,4,0,0,0
1483,1482,889,-1,4,0,0,0
1484,51,87,-1,7,0,0,0
1485,90,113,-1,7,0,0,0
1486,1484,1485,-1,7,0,0,0
1487,137,133,-1,7,0,0,0
1488,248,354,-1,7,0,0,0
1489,1486,1487,-1,7,0,0,0
1490,1488,867,-1,7,0,0,0
1491,480,680,-1,7,0,0,0
1492,584,290,-1,7,0,0,0
1493,688,-1,-1,7,0,0,0
1494,1489,1490,-1,7,0,0,0
1495,1491,1492,-1,7,0,0,0
1496,1493,549,-1,2,0,0,0
1497,1121,-1,-1,7,0,0,0
1498,1494,1495,-1,7,0,0,0
1499,1496,1497,-1,4,0,0,0
1500,1044,-1,-1,7,0,0,0
1501,1498,1499,-1,2,0,0,0
1502,1500,-1,-1,7,0,0,0
1503,1501,1502,-1,4,0,0,0
1504,68,86,-1,2,0,0,0
1505,113,120,-1,7,0,0,0
1506,1504,1505,-1,4,0,0,0
1507,160,-1,-1,4,0,0,0
1508,1506,1507,-1,6,0,0,0
1509,557,403,-1,7,0,0,0
1510,764,449,-1,2,0,0,0
1511,730,534,-1,2,0,0,0
1512,1508,1509,-1,4,0,0,0
1513,1510,1511,-1,6,0,0,0
1514,869,-1,-1,4,0,0,0
1515,1512,1513,-1,6,0,0,0
1516,1514,1444,-1,6,0,0,0
1517,1515,1516,-1,6,0,0,0
1518,1102,-1,-1,7,0,0,0
1519,1517,1518,-1,4,0,0,0
1520,51,88,-1,7,0,0,0
1521,102,-1,-1,4,0,0,0
1522,1520,1521,-1,2,0,0,0
1523,137,142,-1,6,0,0,0
1524,222,327,-1,7,0,0,0
1525,136,588,-1,2,0,0,0
1526,767,631,-1,4,0,0,0
1527,1522,1523,-1,6,0,0,0
1528,1524,1525,-1,2,0,0,0
1529,1526,493,-1,6,0,0,0
1530,372,790,-1,2,0,0,0
1531,181,1466,-1,6,0,0,0
1532,1527,1528,-1,6,0,0,0
1533,1529,1530,-1,6,0,0,0
1534,1531,1324,-1,6,0,0,0
1535,1483,-1,-1,7,0,0,0
1536,1532,1533,-1,6,0,0,0
1537,1534,1535,-1,4,0,0,0
1538,1060,-1,-1,4,0,0,0
1539,1536,1537,-1,6,0,0,0
1540,1538,-1,-1,4,0,0,0
1541,1539,1540,-1,6,0,0,0
1542,130,234,-1,4,0,0,0
1543,336,612,-1,4,0,0,0
1544,331,711,-1,2,0,0,0
1545,1542,1543,-1,6,0,0,0
1546,1544,362,-1,4,0,0,0
1547,273,530,-1,4,0,0,0
1548,1132,488,-1,6,0,0,0
1549,1545,1546,-1,6,0,0,0
1550,1547,1548,-1,6,0,0,0
1551,347,1010,-1,4,0,0,0
1552,673,1034,-1,6,0,0,0
1553,942,-1,-1,7,0,0,0
1554,1549,1550,-1,6,0,0,0
1555,1551,1552,-1,6,0,0,0
1556,1553,-1,-1,7,0,0,0
1557,1554,1555,-1,6,0,0,0
1558,1556,1358,-1,7,0,0,0
1559,1557,1558,-1,4,0,0,0
1560,32,40,-1,6,0,0,0
1561,82,-1,-1,4,0,0,0
1562,1560,1561,-1,6,0,0,0
1563,134,352,-1,6,0,0,0
1564,678,-1,-1,4,0,0,0
1565,1562,1563,-1,6,0,0,0
1566,1564,808,-1,6,0,0,0
1567,1565,1566,-1,6,0,0,0
1568,69,91,-1,6,0,0,0
1569,1568,166,-1,6,0,0,0
1570,158,354,-1,7,0,0,0
1571,546,455,-1,6,0,0,0
1572,1569,1570,-1,4,0,0,0
1573,1571,273,-1,4,0,0,0
1574,432,949,-1,7,0,0,0
1575,577,787,-1,6,0,0,0
1576,717,736,-1,6,0,0,0
1577,790,781,-1,6,0,0,0
1578,1572,1573,-1,6,0,0,0
1579,1574,1575,-1,2,0,0,0
1580,1576,1577,-1,6,0,0,0
1581,673,-1,-1,4,0,0,0
1582,1578,1579,-1,6,0,0,0
1583,1580,1581,-1,6,0,0,0
1584,1582,1583,-1,6,0,0,0
1585,1385,-1,-1,7,0,0,0
1586,1584,1585,-1,4,0,0,0
1587,191,-1,-1,4,0,0,0
1588,1587,-1,-1,4,0,0,0
1589,1588,944,-1,6,0,0,0
1590,43,60,-1,7,0,0,0
1591,65,102,-1,4,0,0,0
1592,1590,1591,-1,2,0,0,0
1593,169,170,-1,4,0,0,0
1594,749,705,-1,7,0,0,0
1595,1592,1593,-1,6,0,0,0
1596,1594,486,-1,7,0,0,0
1597,654,769,-1,7,0,0,0
1598,1595,1596,-1,4,0,0,0
1599,1597,919,-1,7,0,0,0
1600,1598,1599,-1,4,0,0,0
1601,1238,-1,-1,7,0,0,0
1602,1600,1601,-1,4,0,0,0
1603,18,42,-1,7,0,0,0
1604,54,96,-1,7,0,0,0
1605,1603,1604,-1,7,0,0,0
1606,148,369,-1,7,0,0,0
1607,492,643,-1,7,0,0,0
1608,1605,1606,-1,7,0,0,0
1609,1607,830,-1,7,0,0,0
1610,874,891,-1,7,0,0,0
1611,732,1156,-1,4,0,0,0
1612,1137,1381,-1,7,0,0,0
1613,1608,1609,-1,7,0,0,0
1614,1610,1611,-1,2,0,0,0
1615,1612,757,-1,7,0,0,0
1616,624,1035,-1,7,0,0,0
1617,990,-1,-1,7,0,0,0
1618,1613,1614,-1,2,0,0,0
1619,1615,1616,-1,7,0,0,0
1620,1617,1589,-1,7,0,0,0
1621,1618,1619,-1,4,0,0,0
1622,1620,-1,-1,7,0,0,0
1623,1621,1622,-1,4,0,0,0
1624,33,76,-1,7,0,0,0
1625,86,117,-1,6,0,0,0
1626,1624,1625,-1,2,0,0,0
1627,151,154,-1,7,0,0,0
1628,348,268,-1,7,0,0,0
1629,612,599,-1,4,0,0,0
1630,567,450,-1,2,0,0,0
1631,344,-1,-1,4,0,0,0
1632,1626,1627,-1,4,0,0,0
1633,1628,1629,-1,2,0,0,0
1634,1630,1631,-1,6,0,0,0
1635,830,820,-1,6,0,0,0
1636,783,482,-1,4,0,0,0
1637,1632,1633,-1,6,0,0,0
1638,1634,1635,-1,6,0,0,0
1639,1636,861,-1,4,0,0,0
1640,661,587,-1,2,0,0,0
1641,1061,1111,-1,6,0,0,0
1642,1637,1638,-1,6,0,0,0
1643,1639,1640,-1,6,0,0,0
1644,1641,-1,-1,4,0,0,0
1645,1642,1643,-1,6,0,0,0
1646,1644,-1,-1,4,0,0,0
1647,1645,1646,-1,6,0,0,0
1648,137,-1,-1,4,0,0,0
1649,1648,798,-1,6,0,0,0
1650,98,-1,-1,4,0,0,0
1651,1650,-1,-1,4,0,0,0
1652,1651,800,-1,6,0,0,0
1653,802,804,-1,6,0,0,0
1654,146,-1,-1,4,0,0,0
1655,1654,810,-1,4,0,0,0
1656,49,-1,-1,4,0,0,0
1657,1656,-1,-1,4,0,0,0
1658,1657,812,-1,6,0,0,0
1659,150,-1,-1,4,0,0,0
1660,1659,814,-1,4,0,0,0
1661,73,-1,-1,4,0,0,0
1662,1661,-1,-1,4,0,0,0
1663,1662,824,-1,4,0,0,0
1664,160,-1,-1,4,0,0,0
1665,1664,825,-1,6,0,0,0
1666,168,-1,-1,7,0,0,0
1667,1666,830,-1,2,0,0,0
1668,74,-1,-1,4,0,0,0
1669,1668,-1,-1,4,0,0,0
1670,1669,846,-1,4,0,0,0
1671,39,-1,-1,4,0,0,0
1672,1671,-1,-1,4,0,0,0
1673,1672,849,-1,6,0,0,0
1674,95,-1,-1,4,0,0,0
1675,1674,-1,-1,4,0,0,0
1676,1675,853,-1,6,0,0,0
1677,24,-1,-1,4,0,0,0
1678,1677,-1,-1,4,0,0,0
1679,1678,858,-1,6,0,0,0
1680,863,-1,-1,4,0,0,0
1681,1680,861,-1,6,0,0,0
1682,142,-1,-1,4,0,0,0
1683,1682,867,-1,6,0,0,0
1684,171,-1,-1,4,0,0,0
1685,1684,870,-1,4,0,0,0
1686,874,-1,-1,7,0,0,0
1687,1686,872,-1,2,0,0,0
1688,876,-1,-1,4,0,0,0
1689,1688,879,-1,4,0,0,0
1690,138,-1,-1,4,0,0,0
1691,1690,-1,-1,4,0,0,0
1692,1691,894,-1,4,0,0,0
1693,816,905,-1,4,0,0,0
1694,182,-1,-1,4,0,0,0
1695,1694,912,-1,4,0,0,0
1696,233,917,-1,6,0,0,0
1697,276,-1,-1,4,0,0,0
1698,1697,929,-1,4,0,0,0
1699,292,933,-1,6,0,0,0
1700,27,34,-1,7,0,0,0
1701,63,66,-1,7,0,0,0
1702,86,91,-1,4,0,0,0
1703,1700,1701,-1,7,0,0,0
1704,1702,135,-1,4,0,0,0
1705,1703,1704,-1,2,0,0,0
1706,296,298,-1,7,0,0,0
1707,934,-1,-1,7,0,0,0
1708,1705,1706,-1,4,0,0,0
1709,1707,-1,-1,7,0,0,0
1710,1708,1709,-1,4,0,0,0
1711,146,-1,-1,4,0,0,0
1712,1711,-1,-1,4,0,0,0
1713,1712,936,-1,4,0,0,0
1714,94,-1,-1,4,0,0,0
1715,1714,-1,-1,4,0,0,0
1716,1715,-1,-1,4,0,0,0
1717,1716,937,-1,4,0,0,0
1718,215,-1,-1,4,0,0,0
1719,1718,-1,-1,4,0,0,0
1720,1719,940,-1,6,0,0,0
1721,58,-1,-1,4,0,0,0
1722,1721,-1,-1,4,0,0,0
1723,1722,949,-1,4,0,0,0
1724,910,-1,-1,4,0,0,0
1725,1724,954,-1,4,0,0,0
1726,187,-1,-1,4,0,0,0
1727,1726,956,-1,6,0,0,0
1728,818,-1,-1,4,0,0,0
1729,1728,-1,-1,4,0,0,0
1730,1729,967,-1,6,0,0,0
1731,117,-1,-1,4,0,0,0
1732,1731,-1,-1,4,0,0,0
1733,1732,983,-1,4,0,0,0
1734,999,1002,-1,4,0,0,0
1735,81,-1,-1,4,0,0,0
1736,1735,-1,-1,4,0,0,0
1737,1736,-1,-1,4,0,0,0
1738,1737,1004,-1,6,0,0,0
1739,39,-1,-1,4,0,0,0
1740,1739,-1,-1,4,0,0,0
1741,1740,-1,-1,4,0,0,0
1742,1741,1010,-1,6,0,0,0
1743,381,-1,-1,4,0,0,0
1744,1743,-1,-1,4,0,0,0
1745,1744,1013,-1,6,0,0,0
1746,190,-1,-1,4,0,0,0
1747,1746,-1,-1,4,0,0,0
1748,1747,1021,-1,4,0,0,0
1749,396,-1,-1,4,0,0,0
1750,1749,-1,-1,4,0,0,0
1751,1750,1683,-1,4,0,0,0
1752,403,-1,-1,4,0,0,0
1753,1752,-1,-1,4,0,0,0
1754,1753,1720,-1,4,0,0,0
1755,215,405,-1,4,0,0,0
1756,318,341,-1,7,0,0,0
1757,408,409,-1,7,0,0,0
1758,412,-1,-1,4,0,0,0
1759,1755,1756,-1,4,0,0,0
1760,1757,1758,-1,2,0,0,0
1761,407,410,-1,2,0,0,0
1762,184,1032,-1,6,0,0,0
1763,1759,1760,-1,6,0,0,0
1764,1761,1762,-1,6,0,0,0
1765,904,-1,-1,4,0,0,0
1766,1763,1764,-1,6,0,0,0
1767,1765,-1,-1,4,0,0,0
1768,1766,1767,-1,6,0,0,0
1769,420,-1,-1,4,0,0,0
1770,1769,1653,-1,6,0,0,0
1771,99,105,-1,4,0,0,0
1772,1771,153,-1,4,0,0,0
1773,421,422,-1,6,0,0,0
1774,1772,1773,-1,6,0,0,0
1775,958,-1,-1,4,0,0,0
1776,1774,1775,-1,6,0,0,0
1777,1776,1745,-1,4,0,0,0
1778,251,-1,-1,4,0,0,0
1779,1778,-1,-1,4,0,0,0
1780,1779,1044,-1,4,0,0,0
1781,428,1046,-1,6,0,0,0
1782,125,-1,-1,4,0,0,0
1783,1782,-1,-1,4,0,0,0
1784,1783,-1,-1,4,0,0,0
1785,1784,-1,-1,4,0,0,0
1786,1785,1048,-1,6,0,0,0
1787,6,87,-1,4,0,0,0
1788,1787,150,-1,4,0,0,0
1789,369,408,-1,7,0,0,0
1790,198,450,-1,7,0,0,0
1791,412,-1,-1,7,0,0,0
1792,1788,1789,-1,4,0,0,0
1793,1790,1791,-1,7,0,0,0
1794,339,200,-1,7,0,0,0
1795,309,981,-1,6,0,0,0
1796,449,451,-1,6,0,0,0
1797,834,-1,-1,4,0,0,0
1798,1792,1793,-1,4,0,0,0
1799,1794,1795,-1,2,0,0,0
1800,1796,1797,-1,6,0,0,0
1801,1052,-1,-1,7,0,0,0
1802,1798,1799,-1,6,0,0,0
1803,1800,1801,-1,4,0,0,0
1804,1048,-1,-1,4,0,0,0
1805,1802,1803,-1,6,0,0,0
1806,1804,-1,-1,4,0,0,0
1807,1805,1806,-1,6,0,0,0
1808,16,112,-1,4,0,0,0
1809,1808,153,-1,4,0,0,0
1810,238,452,-1,2,0,0,0
1811,294,455,-1,4,0,0,0
1812,1809,1810,-1,6,0,0,0
1813,1811,305,-1,4,0,0,0
1814,372,794,-1,4,0,0,0
1815,454,432,-1,4,0,0,0
1816,463,-1,-1,4,0,0,0
1817,1812,1813,-1,6,0,0,0
1818,1814,1815,-1,6,0,0,0
1819,1816,894,-1,4,0,0,0
1820,458,367,-1,6,0,0,0
1821,1817,1818,-1,6,0,0,0
1822,1819,1820,-1,6,0,0,0
1823,1055,-1,-1,4,0,0,0
1824,1821,1822,-1,6,0,0,0
1825,1823,-1,-1,4,0,0,0
1826,1824,1825,-1,6,0,0,0
1827,75,91,-1,4,0,0,0
1828,1827,165,-1,6,0,0,0
1829,276,252,-1,2,0,0,0
1830,231,239,-1,2,0,0,0
1831,303,475,-1,6,0,0,0
1832,477,-1,-1,4,0,0,0
1833,1828,1829,-1,6,0,0,0
1834,1830,1831,-1,6,0,0,0
1835,1832,307,-1,4,0,0,0
1836,212,905,-1,2,0,0,0
1837,1069,-1,-1,7,0,0,0
1838,1833,1834,-1,6,0,0,0
1839,1835,1836,-1,6,0,0,0
1840,1837,894,-1,7,0,0,0
1841,1071,-1,-1,4,0,0,0
1842,1838,1839,-1,6,0,0,0
1843,1840,1841,-1,2,0,0,0
1844,1842,1843,-1,6,0,0,0
1845,1780,-1,-1,4,0,0,0
1846,1844,1845,-1,6,0,0,0
1847,71,-1,-1,4,0,0,0
1848,1847,-1,-1,4,0,0,0
1849,1848,-1,-1,4,0,0,0
1850,1849,1072,-1,4,0,0,0
1851,6,64,-1,6,0,0,0
1852,107,108,-1,7,0,0,0
1853,1851,1852,-1,4,0,0,0
1854,172,201,-1,2,0,0,0
1855,180,330,-1,4,0,0,0
1856,331,-1,-1,4,0,0,0
1857,1853,1854,-1,6,0,0,0
1858,1855,1856,-1,6,0,0,0
1859,486,226,-1,7,0,0,0
1860,275,487,-1,2,0,0,0
1861,488,-1,-1,4,0,0,0
1862,1857,1858,-1,6,0,0,0
1863,1859,1860,-1,2,0,0,0
1864,1861,1676,-1,4,0,0,0
1865,1862,1863,-1,6,0,0,0
1866,1864,491,-1,6,0,0,0
1867,1865,1866,-1,6,0,0,0
1868,800,-1,-1,4,0,0,0
1869,1868,1076,-1,4,0,0,0
1870,39,41,-1,2,0,0,0
1871,51,54,-1,6,0,0,0
1872,71,-1,-1,7,0,0,0
1873,1870,1871,-1,6,0,0,0
1874,1872,187,-1,7,0,0,0
1875,325,207,-1,2,0,0,0
1876,353,495,-1,7,0,0,0
1877,498,-1,-1,4,0,0,0
1878,1873,1874,-1,4,0,0,0
1879,1875,1876,-1,4,0,0,0
1880,1877,315,-1,6,0,0,0
1881,929,497,-1,4,0,0,0
1882,261,487,-1,6,0,0,0
1883,1078,471,-1,2,0,0,0
1884,1878,1879,-1,6,0,0,0
1885,1880,1881,-1,6,0,0,0
1886,1882,1883,-1,6,0,0,0
1887,1884,1885,-1,6,0,0,0
1888,1886,1692,-1,6,0,0,0
1889,1082,-1,-1,4,0,0,0
1890,1887,1888,-1,6,0,0,0
1891,1889,-1,-1,4,0,0,0
1892,1890,1891,-1,6,0,0,0
1893,87,112,-1,6,0,0,0
1894,1893,138,-1,6,0,0,0
1895,146,234,-1,2,0,0,0
1896,421,227,-1,2,0,0,0
1897,228,503,-1,4,0,0,0
1898,1894,1895,-1,6,0,0,0
1899,1896,1897,-1,6,0,0,0
1900,838,1087,-1,4,0,0,0
1901,508,463,-1,2,0,0,0
1902,1898,1899,-1,6,0,0,0
1903,1900,1901,-1,6,0,0,0
1904,904,1085,-1,4,0,0,0
1905,1902,1903,-1,6,0,0,0
1906,1904,-1,-1,4,0,0,0
1907,1905,1906,-1,6,0,0,0
1908,159,-1,-1,4,0,0,0
1909,1908,-1,-1,4,0,0,0
1910,1909,-1,-1,4,0,0,0
1911,1910,1091,-1,4,0,0,0
1912,26,68,-1,4,0,0,0
1913,123,-1,-1,4,0,0,0
1914,1912,1913,-1,6,0,0,0
1915,234,186,-1,2,0,0,0
1916,336,-1,-1,7,0,0,0
1917,1914,1915,-1,6,0,0,0
1918,1916,398,-1,2,0,0,0
1919,515,416,-1,4,0,0,0
1920,520,-1,-1,4,0,0,0
1921,1917,1918,-1,6,0,0,0
1922,1919,1920,-1,6,0,0,0
1923,1093,1096,-1,6,0,0,0
1924,1921,1922,-1,6,0,0,0
1925,1923,-1,-1,4,0,0,0
1926,1924,1925,-1,6,0,0,0
1927,1730,-1,-1,7,0,0,0
1928,1926,1927,-1,4,0,0,0
1929,215,-1,-1,4,0,0,0
1930,1929,-1,-1,4,0,0,0
1931,1930,-1,-1,4,0,0,0
1932,1931,1692,-1,6,0,0,0
1933,7,17,-1,7,0,0,0
1934,76,110,-1,4,0,0,0
1935,1933,1934,-1,2,0,0,0
1936,175,240,-1,6,0,0,0
1937,531,446,-1,4,0,0,0
1938,532,-1,-1,7,0,0,0
1939,1935,1936,-1,6,0,0,0
1940,1937,1938,-1,4,0,0,0
1941,515,534,-1,4,0,0,0
1942,536,-1,-1,7,0,0,0
1943,1939,1940,-1,6,0,0,0
1944,1941,1942,-1,4,0,0,0
1945,347,1667,-1,6,0,0,0
1946,932,-1,-1,7,0,0,0
1947,1943,1944,-1,6,0,0,0
1948,1945,1946,-1,4,0,0,0
1949,1947,1948,-1,6,0,0,0
1950,243,-1,-1,4,0,0,0
1951,1950,-1,-1,4,0,0,0
1952,1951,1649,-1,4,0,0,0
1953,550,-1,-1,4,0,0,0
1954,1953,-1,-1,4,0,0,0
1955,1954,1105,-1,6,0,0,0
1956,20,29,-1,2,0,0,0
1957,52,76,-1,7,0,0,0
1958,1956,1957,-1,4,0,0,0
1959,129,246,-1,4,0,0,0
1960,430,318,-1,4,0,0,0
1961,330,-1,-1,4,0,0,0
1962,1958,1959,-1,6,0,0,0
1963,1960,1961,-1,6,0,0,0
1964,273,469,-1,4,0,0,0
1965,436,1107,-1,7,0,0,0
1966,1962,1963,-1,6,0,0,0
1967,1964,1965,-1,4,0,0,0
1968,1695,1071,-1,2,0,0,0
1969,1109,1073,-1,7,0,0,0
1970,1111,-1,-1,7,0,0,0
1971,1966,1967,-1,6,0,0,0
1972,1968,1969,-1,4,0,0,0
1973,1970,1770,-1,7,0,0,0
1974,1971,1972,-1,6,0,0,0
1975,1973,-1,-1,7,0,0,0
1976,1974,1975,-1,4,0,0,0
1977,4,75,-1,7,0,0,0
1978,100,109,-1,7,0,0,0
1979,1977,1978,-1,7,0,0,0
1980,148,182,-1,7,0,0,0
1981,231,238,-1,7,0,0,0
1982,1979,1980,-1,7,0,0,0
1983,1981,428,-1,7,0,0,0
1984,794,555,-1,4,0,0,0
1985,1116,-1,-1,7,0,0,0
1986,1982,1983,-1,7,0,0,0
1987,1984,1985,-1,4,0,0,0
1988,872,1098,-1,4,0,0,0
1989,879,1114,-1,2,0,0,0
1990,1119,1121,-1,7,0,0,0
1991,1986,1987,-1,2,0,0,0
1992,1988,1989,-1,6,0,0,0
1993,1990,-1,-1,7,0,0,0
1994,1991,1992,-1,6,0,0,0
1995,1993,1725,-1,2,0,0,0
1996,1994,1995,-1,6,0,0,0
1997,571,1130,-1,6,0,0,0
1998,315,-1,-1,4,0,0,0
1999,1998,1665,-1,4,0,0,0
2000,309,1135,-1,6,0,0,0
2001,123,-1,-1,7,0,0,0
2002,2001,180,-1,7,0,0,0
2003,187,139,-1,7,0,0,0
2004,397,239,-1,7,0,0,0
2005,310,415,-1,2,0,0,0
2006,2002,2003,-1,7,0,0,0
2007,2004,2005,-1,2,0,0,0
2008,804,584,-1,7,0,0,0
2009,359,524,-1,7,0,0,0
2010,1028,1137,-1,7,0,0,0
2011,2006,2007,-1,2,0,0,0
2012,2008,2009,-1,7,0,0,0
2013,2010,928,-1,7,0,0,0
2014,587,855,-1,7,0,0,0
2015,1696,-1,-1,7,0,0,0
2016,2011,2012,-1,4,0,0,0
2017,2013,2014,-1,7,0,0,0
2018,2015,-1,-1,7,0,0,0
2019,2016,2017,-1,4,0,0,0
2020,2018,-1,-1,7,0,0,0
2021,2019,2020,-1,4,0,0,0
2022,222,-1,-1,4,0,0,0
2023,2022,-1,-1,4,0,0,0
2024,2023,1663,-1,4,0,0,0
2025,628,-1,-1,4,0,0,0
2026,2025,-1,-1,4,0,0,0
2027,2026,-1,-1,4,0,0,0
2028,2027,1713,-1,6,0,0,0
2029,1,14,-1,4,0,0,0
2030,78,116,-1,6,0,0,0
2031,2029,2030,-1,6,0,0,0
2032,155,194,-1,4,0,0,0
2033,2031,2032,-1,6,0,0,0
2034,629,-1,-1,7,0,0,0
2035,2033,2034,-1,4,0,0,0
2036,936,1693,-1,7,0,0,0
2037,844,900,-1,6,0,0,0
2038,1177,1179,-1,6,0,0,0
2039,2035,2036,-1,4,0,0,0
2040,2037,2038,-1,6,0,0,0
2041,2039,2040,-1,6,0,0,0
2042,28,78,-1,7,0,0,0
2043,123,-1,-1,4,0,0,0
2044,2042,2043,-1,2,0,0,0
2045,128,165,-1,6,0,0,0
2046,185,145,-1,7,0,0,0
2047,452,634,-1,2,0,0,0
2048,635,636,-1,4,0,0,0
2049,2044,2045,-1,6,0,0,0
2050,2046,2047,-1,2,0,0,0
2051,2048,322,-1,4,0,0,0
2052,196,230,-1,7,0,0,0
2053,449,633,-1,6,0,0,0
2054,1022,-1,-1,7,0,0,0
2055,2049,2050,-1,6,0,0,0
2056,2051,2052,-1,4,0,0,0
2057,2053,2054,-1,4,0,0,0
2058,1199,-1,-1,4,0,0,0
2059,2055,2056,-1,6,0,0,0
2060,2057,2058,-1,6,0,0,0
2061,1134,-1,-1,7,0,0,0
2062,2059,2060,-1,6,0,0,0
2063,2061,-1,-1,7,0,0,0
2064,2062,2063,-1,4,0,0,0
2065,123,-1,-1,4,0,0,0
2066,2065,222,-1,4,0,0,0
2067,256,332,-1,7,0,0,0
2068,327,660,-1,4,0,0,0
2069,2066,2067,-1,4,0,0,0
2070,2068,853,-1,4,0,0,0
2071,654,356,-1,2,0,0,0
2072,487,659,-1,2,0,0,0
2073,1078,536,-1,7,0,0,0
2074,2069,2070,-1,6,0,0,0
2075,2071,2072,-1,6,0,0,0
2076,2073,1014,-1,2,0,0,0
2077,657,661,-1,7,0,0,0
2078,833,-1,-1,7,0,0,0
2079,2074,2075,-1,6,0,0,0
2080,2076,2077,-1,4,0,0,0
2081,2078,1713,-1,2,0,0,0
2082,2079,2080,-1,6,0,0,0
2083,2081,-1,-1,4,0,0,0
2084,2082,2083,-1,6,0,0,0
2085,65,81,-1,4,0,0,0
2086,116,-1,-1,4,0,0,0
2087,2085,2086,-1,6,0,0,0
2088,234,217,-1,6,0,0,0
2089,228,513,-1,7,0,0,0
2090,2087,2088,-1,6,0,0,0
2091,2089,557,-1,2,0,0,0
2092,251,403,-1,7,0,0,0
2093,1219,-1,-1,7,0,0,0
2094,2090,2091,-1,6,0,0,0
2095,2092,2093,-1,7,0,0,0
2096,1218,663,-1,4,0,0,0
2097,1038,-1,-1,7,0,0,0
2098,2094,2095,-1,4,0,0,0
2099,2096,2097,-1,4,0,0,0
2100,1220,1222,-1,2,0,0,0
2101,2098,2099,-1,6,0,0,0
2102,2100,-1,-1,4,0,0,0
2103,2101,2102,-1,6,0,0,0
2104,204,191,-1,2,0,0,0
2105,243,249,-1,6,0,0,0
2106,227,492,-1,7,0,0,0
2107,143,667,-1,2,0,0,0
2108,2104,2105,-1,6,0,0,0
2109,2106,2107,-1,2,0,0,0
2110,364,601,-1,2,0,0,0
2111,1224,-1,-1,7,0,0,0
2112,2108,2109,-1,6,0,0,0
2113,2110,2111,-1,4,0,0,0
2114,389,1223,-1,7,0,0,0
2115,1026,-1,-1,4,0,0,0
2116,2112,2113,-1,6,0,0,0
2117,2114,2115,-1,2,0,0,0
2118,528,-1,-1,7,0,0,0
2119,2116,2117,-1,6,0,0,0
2120,2118,-1,-1,7,0,0,0
2121,2119,2120,-1,4,0,0,0
2122,621,-1,-1,7,0,0,0
2123,2122,1649,-1,2,0,0,0
2124,94,98,-1,2,0,0,0
2125,2124,163,-1,4,0,0,0
2126,256,286,-1,7,0,0,0
2127,214,580,-1,4,0,0,0
2128,522,677,-1,7,0,0,0
2129,678,593,-1,7,0,0,0
2130,2125,2126,-1,4,0,0,0
2131,2127,2128,-1,4,0,0,0
2132,2129,824,-1,2,0,0,0
2133,838,825,-1,6,0,0,0
2134,684,-1,-1,7,0,0,0
2135,2130,2131,-1,6,0,0,0
2136,2132,2133,-1,6,0,0,0
2137,2134,1119,-1,7,0,0,0
2138,1231,-1,-1,4,0,0,0
2139,2135,2136,-1,6,0,0,0
2140,2137,2138,-1,2,0,0,0
2141,1952,1230,-1,6,0,0,0
2142,2139,2140,-1,6,0,0,0
2143,2141,-1,-1,4,0,0,0
2144,2142,2143,-1,6,0,0,0
2145,15,18,-1,6,0,0,0
2146,32,-1,-1,4,0,0,0
2147,2145,2146,-1,6,0,0,0
2148,151,237,-1,4,0,0,0
2149,430,495,-1,4,0,0,0
2150,326,-1,-1,7,0,0,0
2151,2147,2148,-1,6,0,0,0
2152,2149,2150,-1,4,0,0,0
2153,484,917,-1,4,0,0,0
2154,829,516,-1,6,0,0,0
2155,686,598,-1,4,0,0,0
2156,629,1219,-1,2,0,0,0
2157,688,-1,-1,4,0,0,0
2158,2151,2152,-1,6,0,0,0
2159,2153,2154,-1,6,0,0,0
2160,2155,2156,-1,6,0,0,0
2161,2157,663,-1,4,0,0,0
2162,2158,2159,-1,6,0,0,0
2163,2160,2161,-1,6,0,0,0
2164,491,2123,-1,6,0,0,0
2165,2162,2163,-1,6,0,0,0
2166,2164,-1,-1,4,0,0,0
2167,2165,2166,-1,6,0,0,0
2168,171,-1,-1,4,0,0,0
2169,2168,-1,-1,4,0,0,0
2170,2169,1698,-1,4,0,0,0
2171,34,95,-1,2,0,0,0
2172,104,-1,-1,7,0,0,0
2173,2171,2172,-1,4,0,0,0
2174,247,545,-1,2,0,0,0
2175,227,561,-1,2,0,0,0
2176,455,352,-1,4,0,0,0
2177,2173,2174,-1,6,0,0,0
2178,2175,2176,-1,6,0,0,0
2179,307,407,-1,7,0,0,0
2180,960,1224,-1,2,0,0,0
2181,2177,2178,-1,6,0,0,0
2182,2179,2180,-1,2,0,0,0
2183,1695,1233,-1,7,0,0,0
2184,2000,-1,-1,7,0,0,0
2185,2181,2182,-1,6,0,0,0
2186,2183,2184,-1,7,0,0,0
2187,1999,-1,-1,7,0,0,0
2188,2185,2186,-1,4,0,0,0
2189,2187,-1,-1,7,0,0,0
2190,2188,2189,-1,4,0,0,0
2191,79,-1,-1,4,0,0,0
2192,2191,132,-1,4,0,0,0
2193,285,175,-1,4,0,0,0
2194,157,694,-1,7,0,0,0
2195,2192,2193,-1,6,0,0,0
2196,2194,315,-1,2,0,0,0
2197,638,693,-1,7,0,0,0
2198,2195,2196,-1,6,0,0,0
2199,2197,1663,-1,7,0,0,0
2200,401,691,-1,7,0,0,0
2201,1234,-1,-1,7,0,0,0
2202,2198,2199,-1,4,0,0,0
2203,2200,2201,-1,7,0,0,0
2204,1238,-1,-1,7,0,0,0
2205,2202,2203,-1,4,0,0,0
2206,2204,-1,-1,7,0,0,0
2207,2205,2206,-1,4,0,0,0
2208,47,89,-1,7,0,0,0
2209,119,-1,-1,7,0,0,0
2210,2208,2209,-1,7,0,0,0
2211,158,426,-1,7,0,0,0
2212,188,267,-1,6,0,0,0
2213,207,238,-1,2,0,0,0
2214,552,635,-1,7,0,0,0
2215,311,-1,-1,4,0,0,0
2216,2210,2211,-1,7,0,0,0
2217,2212,2213,-1,6,0,0,0
2218,2214,2215,-1,2,0,0,0
2219,704,-1,-1,7,0,0,0
2220,2216,2217,-1,2,0,0,0
2221,2218,2219,-1,4,0,0,0
2222,607,1233,-1,7,0,0,0
2223,2220,2221,-1,6,0,0,0
2224,2222,1850,-1,7,0,0,0
2225,1272,-1,-1,4,0,0,0
2226,2223,2224,-1,4,0,0,0
2227,2225,-1,-1,4,0,0,0
2228,2226,2227,-1,6,0,0,0
2229,240,706,-1,7,0,0,0
2230,422,-1,-1,4,0,0,0
2231,2229,2230,-1,2,0,0,0
2232,708,710,-1,2,0,0,0
2233,1274,924,-1,2,0,0,0
2234,2231,2232,-1,6,0,0,0
2235,2233,458,-1,6,0,0,0
2236,1670,-1,-1,4,0,0,0
2237,2234,2235,-1,6,0,0,0
2238,2236,-1,-1,4,0,0,0
2239,2237,2238,-1,6,0,0,0
2240,1786,-1,-1,4,0,0,0
2241,2239,2240,-1,6,0,0,0
2242,654,-1,-1,4,0,0,0
2243,2242,1324,-1,4,0,0,0
2244,16,18,-1,2,0,0,0
2245,108,114,-1,4,0,0,0
2246,2244,2245,-1,6,0,0,0
2247,174,628,-1,7,0,0,0
2248,724,677,-1,7,0,0,0
2249,2246,2247,-1,4,0,0,0
2250,2248,480,-1,2,0,0,0
2251,539,1353,-1,7,0,0,0
2252,2249,2250,-1,6,0,0,0
2253,2251,1673,-1,7,0,0,0
2254,2252,2253,-1,4,0,0,0
2255,1351,-1,-1,4,0,0,0
2256,2254,2255,-1,6,0,0,0
2257,88,90,-1,7,0,0,0
2258,2257,195,-1,2,0,0,0
2259,209,644,-1,2,0,0,0
2260,630,218,-1,4,0,0,0
2261,499,718,-1,6,0,0,0
2262,254,-1,-1,4,0,0,0
2263,2258,2259,-1,6,0,0,0
2264,2260,2261,-1,6,0,0,0
2265,2262,315,-1,4,0,0,0
2266,242,708,-1,4,0,0,0
2267,727,728,-1,7,0,0,0
2268,2263,2264,-1,6,0,0,0
2269,2265,2266,-1,6,0,0,0
2270,2267,1660,-1,7,0,0,0
2271,964,-1,-1,7,0,0,0
2272,2268,2269,-1,6,0,0,0
2273,2270,2271,-1,7,0,0,0
2274,1955,-1,-1,7,0,0,0
2275,2272,2273,-1,4,0,0,0
2276,2274,-1,-1,7,0,0,0
2277,2275,2276,-1,4,0,0,0
2278,197,151,-1,4,0,0,0
2279,159,724,-1,4,0,0,0
2280,408,639,-1,7,0,0,0
2281,368,-1,-1,4,0,0,0
2282,2278,2279,-1,6,0,0,0
2283,2280,2281,-1,2,0,0,0
2284,493,193,-1,7,0,0,0
2285,315,235,-1,7,0,0,0
2286,730,732,-1,2,0,0,0
2287,472,-1,-1,4,0,0,0
2288,2282,2283,-1,6,0,0,0
2289,2284,2285,-1,7,0,0,0
2290,2286,2287,-1,6,0,0,0
2291,734,-1,-1,7,0,0,0
2292,2288,2289,-1,4,0,0,0
2293,2290,2291,-1,4,0,0,0
2294,1742,-1,-1,7,0,0,0
2295,2292,2293,-1,6,0,0,0
2296,2294,-1,-1,7,0,0,0
2297,2295,2296,-1,4,0,0,0
2298,89,108,-1,2,0,0,0
2299,2298,161,-1,6,0,0,0
2300,644,375,-1,4,0,0,0
2301,669,701,-1,7,0,0,0
2302,2299,2300,-1,6,0,0,0
2303,2301,800,-1,2,0,0,0
2304,810,179,-1,2,0,0,0
2305,392,-1,-1,7,0,0,0
2306,2302,2303,-1,6,0,0,0
2307,2304,2305,-1,4,0,0,0
2308,1723,901,-1,4,0,0,0
2309,2306,2307,-1,6,0,0,0
2310,2308,-1,-1,4,0,0,0
2311,2309,2310,-1,6,0,0,0
2312,1358,-1,-1,7,0,0,0
2313,2311,2312,-1,4,0,0,0
2314,222,146,-1,2,0,0,0
2315,559,540,-1,2,0,0,0
2316,2314,2315,-1,6,0,0,0
2317,329,896,-1,4,0,0,0
2318,641,739,-1,7,0,0,0
2319,2316,2317,-1,6,0,0,0
2320,2318,347,-1,2,0,0,0
2321,1652,940,-1,4,0,0,0
2322,401,1781,-1,2,0,0,0
2323,734,-1,-1,7,0,0,0
2324,2319,2320,-1,6,0,0,0
2325,2321,2322,-1,6,0,0,0
2326,2323,1220,-1,7,0,0,0
2327,2324,2325,-1,6,0,0,0
2328,2326,-1,-1,7,0,0,0
2329,2327,2328,-1,4,0,0,0
2330,34,56,-1,6,0,0,0
2331,67,-1,-1,4,0,0,0
2332,2330,2331,-1,6,0,0,0
2333,213,257,-1,4,0,0,0
2334,335,397,-1,2,0,0,0
2335,506,622,-1,7,0,0,0
2336,2332,2333,-1,6,0,0,0
2337,2334,2335,-1,4,0,0,0
2338,820,284,-1,6,0,0,0
2339,1353,-1,-1,4,0,0,0
2340,2336,2337,-1,6,0,0,0
2341,2338,2339,-1,6,0,0,0
2342,502,1010,-1,4,0,0,0
2343,1058,367,-1,2,0,0,0
2344,1374,-1,-1,7,0,0,0
2345,2340,2341,-1,6,0,0,0
2346,2342,2343,-1,6,0,0,0
2347,2344,-1,-1,7,0,0,0
2348,2345,2346,-1,6,0,0,0
2349,2347,1748,-1,2,0,0,0
2350,2348,2349,-1,6,0,0,0
2351,10,23,-1,7,0,0,0
2352,127,-1,-1,4,0,0,0
2353,2351,2352,-1,2,0,0,0
2354,155,256,-1,7,0,0,0
2355,509,421,-1,6,0,0,0
2356,475,409,-1,7,0,0,0
2357,744,-1,-1,7,0,0,0
2358,2353,2354,-1,4,0,0,0
2359,2355,2356,-1,4,0,0,0
2360,2357,270,-1,2,0,0,0
2361,816,584,-1,6,0,0,0
2362,704,-1,-1,7,0,0,0
2363,2358,2359,-1,6,0,0,0
2364,2360,2361,-1,6,0,0,0
2365,2362,1655,-1,2,0,0,0
2366,544,1234,-1,7,0,0,0
2367,2363,2364,-1,6,0,0,0
2368,2365,2366,-1,4,0,0,0
2369,2367,2368,-1,6,0,0,0
2370,7,60,-1,4,0,0,0
2371,125,-1,-1,4,0,0,0
2372,2370,2371,-1,6,0,0,0
2373,248,580,-1,4,0,0,0
2374,475,503,-1,7,0,0,0
2375,390,531,-1,6,0,0,0
2376,745,-1,-1,7,0,0,0
2377,2372,2373,-1,6,0,0,0
2378,2374,2375,-1,2,0,0,0
2379,2376,695,-1,7,0,0,0
2380,746,-1,-1,7,0,0,0
2381,2377,2378,-1,6,0,0,0
2382,2379,2380,-1,7,0,0,0
2383,467,-1,-1,4,0,0,0
2384,2381,2382,-1,4,0,0,0
2385,2383,1091,-1,4,0,0,0
2386,1377,1228,-1,6,0,0,0
2387,2384,2385,-1,6,0,0,0
2388,2386,-1,-1,4,0,0,0
2389,2387,2388,-1,6,0,0,0
2390,66,114,-1,4,0,0,0
2391,116,-1,-1,7,0,0,0
2392,2390,2391,-1,4,0,0,0
2393,147,180,-1,6,0,0,0
2394,267,492,-1,6,0,0,0
2395,2392,2393,-1,6,0,0,0
2396,2394,748,-1,4,0,0,0
2397,727,739,-1,7,0,0,0
2398,1381,-1,-1,7,0,0,0
2399,2395,2396,-1,6,0,0,0
2400,2397,2398,-1,7,0,0,0
2401,1379,-1,-1,7,0,0,0
2402,2399,2400,-1,4,0,0,0
2403,2401,-1,-1,7,0,0,0
2404,2402,2403,-1,4,0,0,0
2405,60,67,-1,7,0,0,0
2406,115,-1,-1,4,0,0,0
2407,2405,2406,-1,2,0,0,0
2408,131,152,-1,4,0,0,0
2409,207,353,-1,7,0,0,0
2410,396,660,-1,4,0,0,0
2411,560,-1,-1,7,0,0,0
2412,2407,2408,-1,6,0,0,0
2413,2409,2410,-1,2,0,0,0
2414,2411,836,-1,7,0,0,0
2415,578,728,-1,4,0,0,0
2416,418,925,-1,7,0,0,0
2417,2412,2413,-1,6,0,0,0
2418,2414,2415,-1,2,0,0,0
2419,2416,1004,-1,2,0,0,0
2420,663,1223,-1,4,0,0,0
2421,2417,2418,-1,6,0,0,0
2422,2419,2420,-1,6,0,0,0
2423,1377,2243,-1,2,0,0,0
2424,2421,2422,-1,6,0,0,0
2425,2423,1385,-1,4,0,0,0
2426,2424,2425,-1,6,0,0,0
2427,19,51,-1,2,0,0,0
2428,2427,155,-1,4,0,0,0
2429,426,405,-1,6,0,0,0
2430,207,239,-1,2,0,0,0
2431,611,-1,-1,7,0,0,0
2432,2428,2429,-1,6,0,0,0
2433,2430,2431,-1,4,0,0,0
2434,830,-1,-1,4,0,0,0
2435,2432,2433,-1,6,0,0,0
2436,2434,757,-1,4,0,0,0
2437,1007,1387,-1,6,0,0,0
2438,1388,-1,-1,4,0,0,0
2439,2435,2436,-1,6,0,0,0
2440,2437,2438,-1,6,0,0,0
2441,761,-1,-1,7,0,0,0
2442,2439,2440,-1,6,0,0,0
2443,2441,-1,-1,7,0,0,0
2444,2442,2443,-1,4,0,0,0
2445,20,52,-1,4,0,0,0
2446,92,120,-1,4,0,0,0
2447,2445,2446,-1,6,0,0,0
2448,144,152,-1,6,0,0,0
2449,188,337,-1,6,0,0,0
2450,168,506,-1,6,0,0,0
2451,414,-1,-1,7,0,0,0
2452,2447,2448,-1,6,0,0,0
2453,2449,2450,-1,6,0,0,0
2454,2451,804,-1,2,0,0,0
2455,908,1069,-1,7,0,0,0
2456,1116,-1,-1,4,0,0,0
2457,2452,2453,-1,6,0,0,0
2458,2454,2455,-1,4,0,0,0
2459,2456,1733,-1,6,0,0,0
2460,2457,2458,-1,6,0,0,0
2461,2459,2170,-1,6,0,0,0
2462,2460,2461,-1,6,0,0,0
2463,42,44,-1,6,0,0,0
2464,53,83,-1,6,0,0,0
2465,108,-1,-1,4,0,0,0
2466,2463,2464,-1,6,0,0,0
2467,2465,144,-1,4,0,0,0
2468,252,429,-1,4,0,0,0
2469,341,642,-1,4,0,0,0
2470,667,-1,-1,4,0,0,0
2471,2466,2467,-1,6,0,0,0
2472,2468,2469,-1,6,0,0,0
2473,2470,407,-1,4,0,0,0
2474,958,984,-1,4,0,0,0
2475,1049,-1,-1,7,0,0,0
2476,2471,2472,-1,6,0,0,0
2477,2473,2474,-1,6,0,0,0
2478,2475,-1,-1,7,0,0,0
2479,2476,2477,-1,6,0,0,0
2480,2478,1390,-1,7,0,0,0
2481,2479,2480,-1,4,0,0,0
2482,2028,-1,-1,4,0,0,0
2483,2481,2482,-1,6,0,0,0
2484,212,-1,-1,4,0,0,0
2485,2484,1442,-1,4,0,0,0
2486,87,-1,-1,4,0,0,0
2487,2486,172,-1,4,0,0,0
2488,151,580,-1,4,0,0,0
2489,498,-1,-1,4,0,0,0
2490,2487,2488,-1,6,0,0,0
2491,2489,193,-1,4,0,0,0
2492,398,746,-1,6,0,0,0
2493,784,-1,-1,7,0,0,0
2494,2490,2491,-1,6,0,0,0
2495,2492,2493,-1,4,0,0,0
2496,1072,280,-1,7,0,0,0
2497,1387,1388,-1,2,0,0,0
2498,2494,2495,-1,6,0,0,0
2499,2496,2497,-1,2,0,0,0
2500,1460,1462,-1,7,0,0,0
2501,1738,-1,-1,4,0,0,0
2502,2498,2499,-1,6,0,0,0
2503,2500,2501,-1,2,0,0,0
2504,2502,2503,-1,6,0,0,0
2505,43,103,-1,6,0,0,0
2506,2505,158,-1,6,0,0,0
2507,545,475,-1,4,0,0,0
2508,635,-1,-1,7,0,0,0
2509,2506,2507,-1,6,0,0,0
2510,2508,590,-1,2,0,0,0
2511,434,298,-1,6,0,0,0
2512,1466,-1,-1,4,0,0,0
2513,2509,2510,-1,6,0,0,0
2514,2511,2512,-1,6,0,0,0
2515,1653,389,-1,7,0,0,0
2516,1465,1685,-1,4,0,0,0
2517,856,1109,-1,7,0,0,0
2518,2513,2514,-1,6,0,0,0
2519,2515,2516,-1,2,0,0,0
2520,2517,1460,-1,2,0,0,0
2521,2518,2519,-1,6,0,0,0
2522,2520,-1,-1,4,0,0,0
2523,2521,2522,-1,6,0,0,0
2524,16,-1,-1,4,0,0,0
2525,2524,148,-1,4,0,0,0
2526,185,186,-1,2,0,0,0
2527,370,582,-1,4,0,0,0
2528,2525,2526,-1,6,0,0,0
2529,2527,838,-1,6,0,0,0
2530,351,780,-1,2,0,0,0
2531,922,-1,-1,4,0,0,0
2532,2528,2529,-1,6,0,0,0
2533,2530,2531,-1,6,0,0,0
2534,1442,1483,-1,4,0,0,0
2535,775,1699,-1,7,0,0,0
2536,2532,2533,-1,6,0,0,0
2537,2534,2535,-1,4,0,0,0
2538,1044,722,-1,7,0,0,0
2539,2536,2537,-1,6,0,0,0
2540,2538,-1,-1,7,0,0,0
2541,2539,2540,-1,4,0,0,0
2542,126,-1,-1,7,0,0,0
2543,2542,140,-1,7,0,0,0
2544,186,-1,-1,4,0,0,0
2545,2543,2544,-1,2,0,0,0
2546,1046,577,-1,7,0,0,0
2547,748,771,-1,7,0,0,0
2548,2545,2546,-1,4,0,0,0
2549,2547,443,-1,7,0,0,0
2550,698,1231,-1,2,0,0,0
2551,1727,715,-1,7,0,0,0
2552,2548,2549,-1,4,0,0,0
2553,2550,2551,-1,4,0,0,0
2554,2552,2553,-1,6,0,0,0
2555,3,18,-1,4,0,0,0
2556,40,87,-1,6,0,0,0
2557,107,-1,-1,7,0,0,0
2558,2555,2556,-1,6,0,0,0
2559,2557,166,-1,2,0,0,0
2560,133,336,-1,7,0,0,0
2561,744,737,-1,6,0,0,0
2562,2558,2559,-1,6,0,0,0
2563,2560,2561,-1,2,0,0,0
2564,870,322,-1,4,0,0,0
2565,438,451,-1,6,0,0,0
2566,2562,2563,-1,6,0,0,0
2567,2564,2565,-1,6,0,0,0
2568,936,461,-1,4,0,0,0
2569,2566,2567,-1,6,0,0,0
2570,2568,2485,-1,4,0,0,0
2571,2569,2570,-1,6,0,0,0
2572,139,-1,-1,4,0,0,0
2573,2572,-1,-1,4,0,0,0
2574,2573,1652,-1,4,0,0,0
2575,16,-1,-1,4,0,0,0
2576,2575,-1,-1,4,0,0,0
2577,2576,-1,-1,4,0,0,0
2578,2577,1653,-1,4,0,0,0
2579,149,-1,-1,4,0,0,0
2580,2579,-1,-1,4,0,0,0
2581,2580,1660,-1,6,0,0,0
2582,102,-1,-1,4,0,0,0
2583,2582,-1,-1,4,0,0,0
2584,2583,-1,-1,4,0,0,0
2585,2584,1663,-1,4,0,0,0
2586,829,-1,-1,4,0,0,0
2587,2586,1667,-1,4,0,0,0
2588,190,-1,-1,4,0,0,0
2589,2588,1679,-1,6,0,0,0
2590,57,58,-1,7,0,0,0
2591,63,102,-1,2,0,0,0
2592,112,-1,-1,4,0,0,0
2593,2590,2591,-1,2,0,0,0
2594,2592,175,-1,6,0,0,0
2595,198,-1,-1,4,0,0,0
2596,2593,2594,-1,6,0,0,0
2597,2595,802,-1,6,0,0,0
2598,865,196,-1,2,0,0,0
2599,880,208,-1,4,0,0,0
2600,2596,2597,-1,6,0,0,0
2601,2598,2599,-1,6,0,0,0
2602,1683,869,-1,6,0,0,0
2603,1685,-1,-1,4,0,0,0
2604,2600,2601,-1,6,0,0,0
2605,2602,2603,-1,6,0,0,0
2606,1687,1689,-1,6,0,0,0
2607,2604,2605,-1,6,0,0,0
2608,2606,-1,-1,4,0,0,0
2609,2607,2608,-1,6,0,0,0
2610,0,24,-1,4,0,0,0
2611,2610,142,-1,6,0,0,0
2612,214,216,-1,2,0,0,0
2613,217,218,-1,6,0,0,0
2614,221,-1,-1,4,0,0,0
2615,2611,2612,-1,6,0,0,0
2616,2613,2614,-1,6,0,0,0
2617,800,212,-1,4,0,0,0
2618,889,891,-1,6,0,0,0
2619,220,-1,-1,7,0,0,0
2620,2615,2616,-1,6,0,0,0
2621,2617,2618,-1,6,0,0,0
2622,2619,-1,-1,7,0,0,0
2623,2620,2621,-1,6,0,0,0
2624,2622,1692,-1,2,0,0,0
2625,2623,2624,-1,6,0,0,0
2626,236,-1,-1,4,0,0,0
2627,2626,-1,-1,4,0,0,0
2628,2627,-1,-1,4,0,0,0
2629,2628,2578,-1,6,0,0,0
2630,21,60,-1,6,0,0,0
2631,115,117,-1,6,0,0,0
2632,2630,2631,-1,6,0,0,0
2633,238,239,-1,2,0,0,0
2634,240,244,-1,6,0,0,0
2635,245,-1,-1,7,0,0,0
2636,2632,2633,-1,6,0,0,0
2637,2634,2635,-1,4,0,0,0
2638,242,906,-1,4,0,0,0
2639,907,-1,-1,4,0,0,0
2640,2636,2637,-1,6,0,0,0
2641,2638,2639,-1,6,0,0,0
2642,1663,904,-1,6,0,0,0
2643,1693,-1,-1,4,0,0,0
2644,2640,2641,-1,6,0,0,0
2645,2642,2643,-1,6,0,0,0
2646,2644,2645,-1,6,0,0,0
2647,0,77,-1,7,0,0,0
2648,91,-1,-1,4,0,0,0
2649,2647,2648,-1,2,0,0,0
2650,159,157,-1,4,0,0,0
2651,162,248,-1,6,0,0,0
2652,254,-1,-1,7,0,0,0
2653,2649,2650,-1,6,0,0,0
2654,2651,2652,-1,4,0,0,0
2655,908,849,-1,7,0,0,0
2656,914,915,-1,7,0,0,0
2657,2653,2654,-1,6,0,0,0
2658,2655,2656,-1,7,0,0,0
2659,910,1695,-1,7,0,0,0
2660,1696,-1,-1,4,0,0,0
2661,2657,2658,-1,4,0,0,0
2662,2659,2660,-1,2,0,0,0
2663,2661,2662,-1,6,0,0,0
2664,822,-1,-1,4,0,0,0
2665,2664,2574,-1,6,0,0,0
2666,70,-1,-1,7,0,0,0
2667,2666,150,-1,7,0,0,0
2668,148,-1,-1,7,0,0,0
2669,2667,2668,-1,7,0,0,0
2670,270,273,-1,4,0,0,0
2671,275,896,-1,6,0,0,0
2672,282,284,-1,6,0,0,0
2673,930,290,-1,4,0,0,0
2674,2669,2670,-1,2,0,0,0
2675,2671,2672,-1,6,0,0,0
2676,2673,928,-1,6,0,0,0
2677,1698,280,-1,2,0,0,0
2678,932,1699,-1,6,0,0,0
2679,2674,2675,-1,6,0,0,0
2680,2676,2677,-1,6,0,0,0
2681,2678,-1,-1,4,0,0,0
2682,2679,2680,-1,6,0,0,0
2683,2681,-1,-1,4,0,0,0
2684,2682,2683,-1,6,0,0,0
2685,3,-1,-1,4,0,0,0
2686,2685,167,-1,6,0,0,0
2687,243,303,-1,4,0,0,0
2688,310,311,-1,2,0,0,0
2689,312,-1,-1,7,0,0,0
2690,2686,2687,-1,6,0,0,0
2691,2688,2689,-1,4,0,0,0
2692,273,313,-1,7,0,0,0
2693,317,-1,-1,4,0,0,0
2694,2690,2691,-1,6,0,0,0
2695,2692,2693,-1,2,0,0,0
2696,898,942,-1,7,0,0,0
2697,2694,2695,-1,6,0,0,0
2698,2696,1713,-1,2,0,0,0
2699,1717,1720,-1,2,0,0,0
2700,2697,2698,-1,6,0,0,0
2701,2699,-1,-1,4,0,0,0
2702,2700,2701,-1,6,0,0,0
2703,26,86,-1,2,0,0,0
2704,116,125,-1,7,0,0,0
2705,2703,2704,-1,4,0,0,0
2706,137,318,-1,7,0,0,0
2707,319,324,-1,2,0,0,0
2708,2705,2706,-1,4,0,0,0
2709,2707,870,-1,4,0,0,0
2710,858,196,-1,7,0,0,0
2711,951,-1,-1,4,0,0,0
2712,2708,2709,-1,6,0,0,0
2713,2710,2711,-1,2,0,0,0
2714,944,947,-1,7,0,0,0
2715,1723,1727,-1,7,0,0,0
2716,2712,2713,-1,6,0,0,0
2717,2714,2715,-1,7,0,0,0
2718,2716,2717,-1,4,0,0,0
2719,1725,-1,-1,7,0,0,0
2720,2718,2719,-1,4,0,0,0
2721,110,-1,-1,7,0,0,0
2722,2721,128,-1,2,0,0,0
2723,137,330,-1,4,0,0,0
2724,331,-1,-1,7,0,0,0
2725,2722,2723,-1,6,0,0,0
2726,2724,329,-1,2,0,0,0
2727,958,334,-1,4,0,0,0
2728,960,962,-1,6,0,0,0
2729,965,-1,-1,4,0,0,0
2730,2725,2726,-1,6,0,0,0
2731,2727,2728,-1,6,0,0,0
2732,2729,964,-1,6,0,0,0
2733,2730,2731,-1,6,0,0,0
2734,2732,-1,-1,4,0,0,0
2735,2733,2734,-1,6,0,0,0
2736,1730,-1,-1,7,0,0,0
2737,2735,2736,-1,4,0,0,0
2738,105,-1,-1,7,0,0,0
2739,2738,335,-1,7,0,0,0
2740,252,349,-1,2,0,0,0
2741,352,312,-1,6,0,0,0
2742,2739,2740,-1,2,0,0,0
2743,2741,824,-1,6,0,0,0
2744,200,981,-1,7,0,0,0
2745,351,334,-1,2,0,0,0
2746,984,-1,-1,7,0,0,0
2747,2742,2743,-1,6,0,0,0
2748,2744,2745,-1,2,0,0,0
2749,2746,1653,-1,7,0,0,0
2750,347,1733,-1,6,0,0,0
2751,986,988,-1,7,0,0,0
2752,990,-1,-1,7,0,0,0
2753,2747,2748,-1,6,0,0,0
2754,2749,2750,-1,2,0,0,0
2755,2751,2752,-1,7,0,0,0
2756,2753,2754,-1,6,0,0,0
2757,2755,-1,-1,7,0,0,0
2758,2756,2757,-1,4,0,0,0
2759,155,249,-1,2,0,0,0
2760,139,368,-1,2,0,0,0
2761,2759,2760,-1,6,0,0,0
2762,889,362,-1,7,0,0,0
2763,296,329,-1,6,0,0,0
2764,997,374,-1,2,0,0,0
2765,2761,2762,-1,4,0,0,0
2766,2763,2764,-1,6,0,0,0
2767,872,904,-1,4,0,0,0
2768,1679,993,-1,7,0,0,0
2769,996,367,-1,7,0,0,0
2770,2765,2766,-1,6,0,0,0
2771,2767,2768,-1,4,0,0,0
2772,2769,1717,-1,2,0,0,0
2773,1734,1738,-1,7,0,0,0
2774,2770,2771,-1,6,0,0,0
2775,2772,2773,-1,4,0,0,0
2776,2774,2775,-1,6,0,0,0
2777,43,59,-1,4,0,0,0
2778,2777,204,-1,4,0,0,0
2779,172,134,-1,6,0,0,0
2780,139,217,-1,4,0,0,0
2781,375,376,-1,2,0,0,0
2782,2778,2779,-1,6,0,0,0
2783,2780,2781,-1,6,0,0,0
2784,380,-1,-1,7,0,0,0
2785,2782,2783,-1,6,0,0,0
2786,2784,1007,-1,7,0,0,0
2787,2785,2786,-1,4,0,0,0
2788,1742,1745,-1,7,0,0,0
2789,2787,2788,-1,4,0,0,0
2790,194,248,-1,4,0,0,0
2791,382,390,-1,2,0,0,0
2792,2790,2791,-1,6,0,0,0
2793,386,392,-1,6,0,0,0
2794,395,1022,-1,7,0,0,0
2795,2792,2793,-1,6,0,0,0
2796,2794,1014,-1,2,0,0,0
2797,389,1017,-1,2,0,0,0
2798,2795,2796,-1,6,0,0,0
2799,2797,1751,-1,6,0,0,0
2800,1734,-1,-1,7,0,0,0
2801,2798,2799,-1,6,0,0,0
2802,2800,1748,-1,2,0,0,0
2803,2801,2802,-1,6,0,0,0
2804,52,62,-1,4,0,0,0
2805,2804,174,-1,4,0,0,0
2806,182,246,-1,7,0,0,0
2807,342,-1,-1,4,0,0,0
2808,2805,2806,-1,4,0,0,0
2809,2807,307,-1,6,0,0,0
2810,824,315,-1,4,0,0,0
2811,398,1028,-1,6,0,0,0
2812,2808,2809,-1,6,0,0,0
2813,2810,2811,-1,6,0,0,0
2814,401,1024,-1,2,0,0,0
2815,1026,1658,-1,4,0,0,0
2816,1030,-1,-1,4,0,0,0
2817,2812,2813,-1,6,0,0,0
2818,2814,2815,-1,6,0,0,0
2819,2816,-1,-1,4,0,0,0
2820,2817,2818,-1,6,0,0,0
2821,2819,1754,-1,4,0,0,0
2822,2820,2821,-1,6,0,0,0
2823,33,99,-1,7,0,0,0
2824,123,-1,-1,7,0,0,0
2825,2823,2824,-1,7,0,0,0
2826,140,169,-1,7,0,0,0
2827,182,337,-1,6,0,0,0
2828,136,414,-1,2,0,0,0
2829,415,-1,-1,7,0,0,0
2830,2825,2826,-1,7,0,0,0
2831,2827,2828,-1,6,0,0,0
2832,2829,858,-1,2,0,0,0
2833,351,827,-1,7,0,0,0
2834,416,418,-1,7,0,0,0
2835,2830,2831,-1,2,0,0,0
2836,2832,2833,-1,4,0,0,0
2837,2834,1693,-1,2,0,0,0
2838,1034,1035,-1,7,0,0,0
2839,2835,2836,-1,6,0,0,0
2840,2837,2838,-1,4,0,0,0
2841,1770,-1,-1,7,0,0,0
2842,2839,2840,-1,6,0,0,0
2843,2841,-1,-1,7,0,0,0
2844,2842,2843,-1,4,0,0,0
2845,82,101,-1,7,0,0,0
2846,2845,195,-1,7,0,0,0
2847,2846,853,-1,7,0,0,0
2848,917,362,-1,7,0,0,0
2849,820,424,-1,7,0,0,0
2850,425,-1,-1,7,0,0,0
2851,2847,2848,-1,7,0,0,0
2852,2849,2850,-1,7,0,0,0
2853,1038,1041,-1,7,0,0,0
2854,1781,-1,-1,7,0,0,0
2855,2851,2852,-1,7,0,0,0
2856,2853,2854,-1,7,0,0,0
2857,2855,2856,-1,7,0,0,0
2858,1780,2665,-1,7,0,0,0
2859,2857,2858,-1,7,0,0,0
2860,87,-1,-1,7,0,0,0
2861,2860,128,-1,2,0,0,0
2862,430,276,-1,4,0,0,0
2863,414,376,-1,4,0,0,0
2864,2861,2862,-1,6,0,0,0
2865,2863,432,-1,4,0,0,0
2866,434,436,-1,2,0,0,0
2867,921,1049,-1,7,0,0,0
2868,2864,2865,-1,6,0,0,0
2869,2866,2867,-1,4,0,0,0
2870,1047,448,-1,7,0,0,0
2871,2868,2869,-1,6,0,0,0
2872,2870,-1,-1,7,0,0,0
2873,2871,2872,-1,4,0,0,0
2874,1786,-1,-1,7,0,0,0
2875,2873,2874,-1,4,0,0,0
2876,60,69,-1,6,0,0,0
2877,110,-1,-1,7,0,0,0
2878,2876,2877,-1,4,0,0,0
2879,134,209,-1,4,0,0,0
2880,466,-1,-1,4,0,0,0
2881,2878,2879,-1,6,0,0,0
2882,2880,407,-1,6,0,0,0
2883,469,471,-1,6,0,0,0
2884,472,-1,-1,7,0,0,0
2885,2881,2882,-1,6,0,0,0
2886,2883,2884,-1,4,0,0,0
2887,1058,467,-1,6,0,0,0
2888,999,947,-1,6,0,0,0
2889,1061,-1,-1,4,0,0,0
2890,2885,2886,-1,6,0,0,0
2891,2887,2888,-1,6,0,0,0
2892,2889,2585,-1,6,0,0,0
2893,1060,-1,-1,4,0,0,0
2894,2890,2891,-1,6,0,0,0
2895,2892,2893,-1,6,0,0,0
2896,2894,2895,-1,6,0,0,0
2897,36,57,-1,2,0,0,0
2898,64,79,-1,7,0,0,0
2899,2897,2898,-1,4,0,0,0
2900,210,-1,-1,4,0,0,0
2901,2899,2900,-1,6,0,0,0
2902,394,378,-1,6,0,0,0
2903,474,482,-1,6,0,0,0
2904,2901,2902,-1,6,0,0,0
2905,2903,467,-1,6,0,0,0
2906,1073,-1,-1,4,0,0,0
2907,2904,2905,-1,6,0,0,0
2908,2906,1850,-1,4,0,0,0
2909,1687,1751,-1,4,0,0,0
2910,2907,2908,-1,6,0,0,0
2911,2909,-1,-1,4,0,0,0
2912,2910,2911,-1,6,0,0,0
2913,4,-1,-1,7,0,0,0
2914,2913,492,-1,7,0,0,0
2915,156,494,-1,6,0,0,0
2916,2914,2915,-1,2,0,0,0
2917,798,983,-1,6,0,0,0
2918,395,-1,-1,4,0,0,0
2919,2916,2917,-1,6,0,0,0
2920,2918,841,-1,6,0,0,0
2921,2919,2920,-1,6,0,0,0
2922,1869,-1,-1,7,0,0,0
2923,2921,2922,-1,4,0,0,0
2924,513,-1,-1,4,0,0,0
2925,2924,-1,-1,4,0,0,0
2926,2925,-1,-1,4,0,0,0
2927,2926,-1,-1,4,0,0,0
2928,2927,1911,-1,6,0,0,0
2929,16,84,-1,7,0,0,0
2930,88,92,-1,6,0,0,0
2931,2929,2930,-1,2,0,0,0
2932,522,360,-1,4,0,0,0
2933,2931,2932,-1,6,0,0,0
2934,420,912,-1,7,0,0,0
2935,960,524,-1,4,0,0,0
2936,530,520,-1,6,0,0,0
2937,2933,2934,-1,4,0,0,0
2938,2935,2936,-1,6,0,0,0
2939,1098,-1,-1,7,0,0,0
2940,2937,2938,-1,6,0,0,0
2941,2939,528,-1,7,0,0,0
2942,1055,-1,-1,4,0,0,0
2943,2940,2941,-1,4,0,0,0
2944,2942,1932,-1,6,0,0,0
2945,2943,2944,-1,6,0,0,0
2946,214,537,-1,4,0,0,0
2947,540,-1,-1,7,0,0,0
2948,2946,2947,-1,4,0,0,0
2949,305,810,-1,7,0,0,0
2950,820,512,-1,7,0,0,0
2951,539,542,-1,6,0,0,0
2952,2948,2949,-1,4,0,0,0
2953,2950,2951,-1,2,0,0,0
2954,461,993,-1,2,0,0,0
2955,544,-1,-1,7,0,0,0
2956,2952,2953,-1,6,0,0,0
2957,2954,2955,-1,4,0,0,0
2958,1952,-1,-1,7,0,0,0
2959,2956,2957,-1,6,0,0,0
2960,2958,1102,-1,7,0,0,0
2961,2959,2960,-1,4,0,0,0
2962,101,-1,-1,4,0,0,0
2963,2962,135,-1,4,0,0,0
2964,397,545,-1,7,0,0,0
2965,240,546,-1,7,0,0,0
2966,2963,2964,-1,4,0,0,0
2967,2965,830,-1,7,0,0,0
2968,846,497,-1,6,0,0,0
2969,425,317,-1,7,0,0,0
2970,2966,2967,-1,4,0,0,0
2971,2968,2969,-1,4,0,0,0
2972,1103,549,-1,2,0,0,0
2973,902,-1,-1,7,0,0,0
2974,2970,2971,-1,6,0,0,0
2975,2972,2973,-1,4,0,0,0
2976,2574,1955,-1,7,0,0,0
2977,2974,2975,-1,6,0,0,0
2978,2976,-1,-1,7,0,0,0
2979,2977,2978,-1,4,0,0,0
2980,41,69,-1,6,0,0,0
2981,108,-1,-1,4,0,0,0
2982,2980,2981,-1,6,0,0,0
2983,141,191,-1,2,0,0,0
2984,185,202,-1,2,0,0,0
2985,335,227,-1,6,0,0,0
2986,561,253,-1,4,0,0,0
2987,567,510,-1,7,0,0,0
2988,2982,2983,-1,6,0,0,0
2989,2984,2985,-1,6,0,0,0
2990,2986,2987,-1,4,0,0,0
2991,394,486,-1,4,0,0,0
2992,562,564,-1,6,0,0,0
2993,566,1107,-1,6,0,0,0
2994,2988,2989,-1,6,0,0,0
2995,2990,2991,-1,6,0,0,0
2996,2992,2993,-1,6,0,0,0
2997,569,1997,-1,7,0,0,0
2998,2994,2995,-1,6,0,0,0
2999,2996,2997,-1,4,0,0,0
3000,2998,2999,-1,6,0,0,0
3001,30,73,-1,2,0,0,0
3002,84,-1,-1,4,0,0,0
3003,3001,3002,-1,6,0,0,0
3004,182,139,-1,7,0,0,0
3005,276,382,-1,4,0,0,0
3006,390,-1,-1,7,0,0,0
3007,3003,3004,-1,4,0,0,0
3008,3005,3006,-1,4,0,0,0
3009,484,486,-1,7,0,0,0
3010,575,577,-1,4,0,0,0
3011,542,-1,-1,7,0,0,0
3012,3007,3008,-1,6,0,0,0
3013,3009,3010,-1,2,0,0,0
3014,3011,937,-1,7,0,0,0
3015,1131,-1,-1,7,0,0,0
3016,3012,3013,-1,6,0,0,0
3017,3014,3015,-1,7,0,0,0
3018,1999,1689,-1,7,0,0,0
3019,1681,-1,-1,7,0,0,0
3020,3016,3017,-1,4,0,0,0
3021,3018,3019,-1,7,0,0,0
3022,3020,3021,-1,4,0,0,0
3023,35,111,-1,7,0,0,0
3024,3023,187,-1,2,0,0,0
3025,303,580,-1,6,0,0,0
3026,466,-1,-1,4,0,0,0
3027,3024,3025,-1,6,0,0,0
3028,3026,424,-1,4,0,0,0
3029,1132,380,-1,4,0,0,0
3030,3027,3028,-1,6,0,0,0
3031,3029,2000,-1,6,0,0,0
3032,3030,3031,-1,6,0,0,0
3033,2587,1134,-1,7,0,0,0
3034,3032,3033,-1,4,0,0,0
3035,76,100,-1,4,0,0,0
3036,126,-1,-1,4,0,0,0
3037,3035,3036,-1,6,0,0,0
3038,166,150,-1,2,0,0,0
3039,172,161,-1,6,0,0,0
3040,285,133,-1,4,0,0,0
3041,492,593,-1,7,0,0,0
3042,3037,3038,-1,6,0,0,0
3043,3039,3040,-1,6,0,0,0
3044,3041,394,-1,2,0,0,0
3045,235,590,-1,2,0,0,0
3046,595,597,-1,4,0,0,0
3047,598,934,-1,6,0,0,0
3048,3042,3043,-1,6,0,0,0
3049,3044,3045,-1,6,0,0,0
3050,3046,3047,-1,6,0,0,0
3051,592,1140,-1,6,0,0,0
3052,3048,3049,-1,6,0,0,0
3053,3050,3051,-1,6,0,0,0
3054,2024,-1,-1,4,0,0,0
3055,3052,3053,-1,6,0,0,0
3056,3054,1932,-1,6,0,0,0
3057,3055,3056,-1,6,0,0,0
3058,107,109,-1,2,0,0,0
3059,3058,153,-1,4,0,0,0
3060,237,246,-1,6,0,0,0
3061,319,622,-1,7,0,0,0
3062,3059,3060,-1,6,0,0,0
3063,3061,802,-1,2,0,0,0
3064,296,356,-1,2,0,0,0
3065,621,623,-1,6,0,0,0
3066,3062,3063,-1,6,0,0,0
3067,3064,3065,-1,6,0,0,0
3068,1041,624,-1,2,0,0,0
3069,1177,1047,-1,4,0,0,0
3070,1179,-1,-1,7,0,0,0
3071,3066,3067,-1,6,0,0,0
3072,3068,3069,-1,6,0,0,0
3073,3070,1869,-1,7,0,0,0
3074,3071,3072,-1,6,0,0,0
3075,3073,1754,-1,7,0,0,0
3076,2028,-1,-1,4,0,0,0
3077,3074,3075,-1,4,0,0,0
3078,3076,-1,-1,4,0,0,0
3079,3077,3078,-1,6,0,0,0
3080,25,41,-1,4,0,0,0
3081,85,106,-1,2,0,0,0
3082,3080,3081,-1,6,0,0,0
3083,132,146,-1,7,0,0,0
3084,572,207,-1,2,0,0,0
3085,3082,3083,-1,4,0,0,0
3086,3084,378,-1,6,0,0,0
3087,829,334,-1,7,0,0,0
3088,1069,505,-1,7,0,0,0
3089,997,-1,-1,4,0,0,0
3090,3085,3086,-1,6,0,0,0
3091,3087,3088,-1,7,0,0,0
3092,3089,844,-1,6,0,0,0
3093,3090,3091,-1,4,0,0,0
3094,3092,-1,-1,4,0,0,0
3095,3093,3094,-1,6,0,0,0
3096,3095,2928,-1,6,0,0,0
3097,0,21,-1,7,0,0,0
3098,70,89,-1,4,0,0,0
3099,3097,3098,-1,2,0,0,0
3100,204,144,-1,6,0,0,0
3101,325,248,-1,4,0,0,0
3102,552,669,-1,6,0,0,0
3103,3099,3100,-1,6,0,0,0
3104,3101,3102,-1,6,0,0,0
3105,802,493,-1,6,0,0,0
3106,398,847,-1,6,0,0,0
3107,623,671,-1,7,0,0,0
3108,374,-1,-1,4,0,0,0
3109,3103,3104,-1,6,0,0,0
3110,3105,3106,-1,6,0,0,0
3111,3107,3108,-1,2,0,0,0
3112,3109,3110,-1,6,0,0,0
3113,3111,2024,-1,6,0,0,0
3114,2123,1228,-1,6,0,0,0
3115,1230,-1,-1,4,0,0,0
3116,3112,3113,-1,6,0,0,0
3117,3114,3115,-1,6,0,0,0
3118,3116,3117,-1,6,0,0,0
3119,60,121,-1,2,0,0,0
3120,126,-1,-1,7,0,0,0
3121,3119,3120,-1,4,0,0,0
3122,572,381,-1,4,0,0,0
3123,253,156,-1,4,0,0,0
3124,639,-1,-1,7,0,0,0
3125,3121,3122,-1,6,0,0,0
3126,3123,3124,-1,4,0,0,0
3127,836,876,-1,4,0,0,0
3128,889,424,-1,6,0,0,0
3129,1087,-1,-1,7,0,0,0
3130,3125,3126,-1,6,0,0,0
3131,3127,3128,-1,6,0,0,0
3132,3129,1683,-1,2,0,0,0
3133,993,-1,-1,7,0,0,0
3134,3130,3131,-1,6,0,0,0
3135,3132,3133,-1,4,0,0,0
3136,2170,-1,-1,4,0,0,0
3137,3134,3135,-1,6,0,0,0
3138,3136,-1,-1,4,0,0,0
3139,3137,3138,-1,6,0,0,0
3140,58,-1,-1,7,0,0,0
3141,3140,237,-1,7,0,0,0
3142,381,634,-1,7,0,0,0
3143,3141,3142,-1,7,0,0,0
3144,874,590,-1,2,0,0,0
3145,674,659,-1,2,0,0,0
3146,907,-1,-1,4,0,0,0
3147,3143,3144,-1,2,0,0,0
3148,3145,3146,-1,6,0,0,0
3149,894,502,-1,4,0,0,0
3150,1098,1997,-1,6,0,0,0
3151,3147,3148,-1,6,0,0,0
3152,3149,3150,-1,6,0,0,0
3153,722,2243,-1,4,0,0,0
3154,3151,3152,-1,6,0,0,0
3155,3153,-1,-1,4,0,0,0
3156,3154,3155,-1,6,0,0,0
3157,30,57,-1,7,0,0,0
3158,62,106,-1,2,0,0,0
3159,3157,3158,-1,2,0,0,0
3160,185,154,-1,4,0,0,0
3161,421,749,-1,2,0,0,0
3162,702,-1,-1,7,0,0,0
3163,3159,3160,-1,6,0,0,0
3164,3161,3162,-1,4,0,0,0
3165,190,273,-1,4,0,0,0
3166,516,469,-1,4,0,0,0
3167,410,671,-1,4,0,0,0
3168,3163,3164,-1,6,0,0,0
3169,3165,3166,-1,6,0,0,0
3170,3167,986,-1,4,0,0,0
3171,569,448,-1,2,0,0,0
3172,3168,3169,-1,6,0,0,0
3173,3170,3171,-1,6,0,0,0
3174,2581,-1,-1,7,0,0,0
3175,3172,3173,-1,6,0,0,0
3176,3174,-1,-1,7,0,0,0
3177,3175,3176,-1,4,0,0,0
3178,749,245,-1,7,0,0,0
3179,3178,394,-1,2,0,0,0
3180,812,695,-1,2,0,0,0
3181,392,780,-1,7,0,0,0
3182,781,-1,-1,4,0,0,0
3183,3179,3180,-1,6,0,0,0
3184,3181,3182,-1,2,0,0,0
3185,894,1679,-1,7,0,0,0
3186,1199,1203,-1,7,0,0,0
3187,3183,3184,-1,6,0,0,0
3188,3185,3186,-1,7,0,0,0
3189,1717,2485,-1,7,0,0,0
3190,1444,-1,-1,7,0,0,0
3191,3187,3188,-1,4,0,0,0
3192,3189,3190,-1,7,0,0,0
3193,3191,3192,-1,4,0,0,0
3194,71,79,-1,7,0,0,0
3195,84,99,-1,4,0,0,0
3196,125,-1,-1,4,0,0,0
3197,3194,3195,-1,2,0,0,0
3198,3196,426,-1,4,0,0,0
3199,215,149,-1,4,0,0,0
3200,236,767,-1,2,0,0,0
3201,723,-1,-1,4,0,0,0
3202,3197,3198,-1,6,0,0,0
3203,3199,3200,-1,6,0,0,0
3204,3201,200,-1,4,0,0,0
3205,816,915,-1,7,0,0,0
3206,3202,3203,-1,6,0,0,0
3207,3204,3205,-1,4,0,0,0
3208,1085,713,-1,2,0,0,0
3209,619,-1,-1,7,0,0,0
3210,3206,3207,-1,6,0,0,0
3211,3208,3209,-1,4,0,0,0
3212,2585,1462,-1,4,0,0,0
3213,3210,3211,-1,6,0,0,0
3214,3212,-1,-1,4,0,0,0
3215,3213,3214,-1,6,0,0,0
3216,83,-1,-1,7,0,0,0
3217,3216,293,-1,7,0,0,0
3218,724,531,-1,7,0,0,0
3219,745,-1,-1,7,0,0,0
3220,3217,3218,-1,7,0,0,0
3221,3219,818,-1,7,0,0,0
3222,440,261,-1,2,0,0,0
3223,784,-1,-1,7,0,0,0
3224,3220,3221,-1,7,0,0,0
3225,3222,3223,-1,4,0,0,0
3226,928,937,-1,4,0,0,0
3227,1017,1465,-1,7,0,0,0
3228,3224,3225,-1,2,0,0,0
3229,3226,3227,-1,4,0,0,0
3230,1589,-1,-1,7,0,0,0
3231,3228,3229,-1,6,0,0,0
3232,3230,2629,-1,7,0,0,0
3233,3231,3232,-1,4,0,0,0
3234,48,95,-1,4,0,0,0
3235,3234,128,-1,4,0,0,0
3236,129,130,-1,7,0,0,0
3237,131,132,-1,7,0,0,0
3238,133,136,-1,4,0,0,0
3239,143,-1,-1,7,0,0,0
3240,3235,3236,-1,4,0,0,0
3241,3237,3238,-1,2,0,0,0
3242,3239,794,-1,7,0,0,0
3243,796,806,-1,4,0,0,0
3244,808,-1,-1,7,0,0,0
3245,3240,3241,-1,6,0,0,0
3246,3242,3243,-1,2,0,0,0
3247,3244,1649,-1,2,0,0,0
3248,1655,1658,-1,4,0,0,0
3249,3245,3246,-1,6,0,0,0
3250,3247,3248,-1,6,0,0,0
3251,2574,2578,-1,7,0,0,0
3252,2581,-1,-1,7,0,0,0
3253,3249,3250,-1,6,0,0,0
3254,3251,3252,-1,7,0,0,0
3255,3253,3254,-1,4,0,0,0
3256,158,-1,-1,4,0,0,0
3257,3256,-1,-1,4,0,0,0
3258,3257,-1,-1,4,0,0,0
3259,3258,2585,-1,4,0,0,0
3260,90,101,-1,7,0,0,0
3261,3260,171,-1,7,0,0,0
3262,173,175,-1,7,0,0,0
3263,176,177,-1,7,0,0,0
3264,3261,3262,-1,7,0,0,0
3265,3263,836,-1,7,0,0,0
3266,838,181,-1,7,0,0,0
3267,847,184,-1,4,0,0,0
3268,851,-1,-1,7,0,0,0
3269,3264,3265,-1,7,0,0,0
3270,3266,3267,-1,2,0,0,0
3271,3268,841,-1,7,0,0,0
3272,844,1670,-1,7,0,0,0
3273,1673,1676,-1,7,0,0,0
3274,855,856,-1,7,0,0,0
3275,3269,3270,-1,2,0,0,0
3276,3271,3272,-1,7,0,0,0
3277,3273,3274,-1,7,0,0,0
3278,2589,1681,-1,7,0,0,0
3279,3275,3276,-1,4,0,0,0
3280,3277,3278,-1,7,0,0,0
3281,3279,3280,-1,4,0,0,0
3282,85,91,-1,6,0,0,0
3283,110,-1,-1,7,0,0,0
3284,3282,3283,-1,4,0,0,0
3285,222,227,-1,6,0,0,0
3286,136,228,-1,7,0,0,0
3287,3284,3285,-1,6,0,0,0
3288,3286,814,-1,2,0,0,0
3289,224,226,-1,7,0,0,0
3290,230,896,-1,7,0,0,0
3291,3287,3288,-1,6,0,0,0
3292,3289,3290,-1,7,0,0,0
3293,898,900,-1,7,0,0,0
3294,901,902,-1,7,0,0,0
3295,3291,3292,-1,4,0,0,0
3296,3293,3294,-1,7,0,0,0
3297,3295,3296,-1,4,0,0,0
3298,2629,-1,-1,7,0,0,0
3299,3297,3298,-1,4,0,0,0
3300,69,120,-1,4,0,0,0
3301,3300,257,-1,6,0,0,0
3302,217,-1,-1,4,0,0,0
3303,3301,3302,-1,6,0,0,0
3304,259,261,-1,7,0,0,0
3305,921,265,-1,7,0,0,0
3306,922,924,-1,6,0,0,0
3307,925,-1,-1,7,0,0,0
3308,3303,3304,-1,4,0,0,0
3309,3305,3306,-1,2,0,0,0
3310,3307,263,-1,2,0,0,0
3311,919,-1,-1,7,0,0,0
3312,3308,3309,-1,6,0,0,0
3313,3310,3311,-1,4,0,0,0
3314,3312,3313,-1,6,0,0,0
3315,2665,-1,-1,7,0,0,0
3316,3314,3315,-1,4,0,0,0
3317,37,59,-1,4,0,0,0
3318,88,-1,-1,4,0,0,0
3319,3317,3318,-1,6,0,0,0
3320,247,509,-1,7,0,0,0
3321,319,510,-1,4,0,0,0
3322,324,-1,-1,4,0,0,0
3323,3319,3320,-1,4,0,0,0
3324,3321,3322,-1,6,0,0,0
3325,179,962,-1,6,0,0,0
3326,512,-1,-1,7,0,0,0
3327,3323,3324,-1,6,0,0,0
3328,3325,3326,-1,4,0,0,0
3329,3327,3328,-1,6,0,0,0
3330,2589,-1,-1,4,0,0,0
3331,3329,3330,-1,6,0,0,0
3332,3331,2928,-1,6,0,0,0
3333,25,43,-1,7,0,0,0
3334,62,-1,-1,4,0,0,0
3335,3333,3334,-1,2,0,0,0
3336,146,249,-1,7,0,0,0
3337,236,588,-1,7,0,0,0
3338,611,613,-1,4,0,0,0
3339,3335,3336,-1,4,0,0,0
3340,3337,3338,-1,2,0,0,0
3341,224,242,-1,4,0,0,0
3342,358,951,-1,4,0,0,0
3343,1156,930,-1,2,0,0,0
3344,3339,3340,-1,6,0,0,0
3345,3341,3342,-1,6,0,0,0
3346,3343,1058,-1,6,0,0,0
3347,1158,-1,-1,7,0,0,0
3348,3344,3345,-1,6,0,0,0
3349,3346,3347,-1,4,0,0,0
3350,3348,3349,-1,6,0,0,0
3351,3259,-1,-1,7,0,0,0
3352,3350,3351,-1,4,0,0,0
3353,30,32,-1,6,0,0,0
3354,66,119,-1,6,0,0,0
3355,124,-1,-1,4,0,0,0
3356,3353,3354,-1,6,0,0,0
3357,3355,131,-1,4,0,0,0
3358,509,581,-1,4,0,0,0
3359,639,-1,-1,7,0,0,0
3360,3356,3357,-1,6,0,0,0
3361,3358,3359,-1,4,0,0,0
3362,383,562,-1,4,0,0,0
3363,641,595,-1,2,0,0,0
3364,313,1201,-1,7,0,0,0
3365,208,-1,-1,7,0,0,0
3366,3360,3361,-1,6,0,0,0
3367,3362,3363,-1,6,0,0,0
3368,3364,3365,-1,7,0,0,0
3369,1203,-1,-1,4,0,0,0
3370,3366,3367,-1,6,0,0,0
3371,3368,3369,-1,2,0,0,0
3372,3370,3371,-1,6,0,0,0
3373,3259,-1,-1,7,0,0,0
3374,3372,3373,-1,4,0,0,0
3375,18,21,-1,2,0,0,0
3376,38,-1,-1,7,0,0,0
3377,3375,3376,-1,4,0,0,0
3378,152,156,-1,7,0,0,0
3379,164,-1,-1,4,0,0,0
3380,3377,3378,-1,4,0,0,0
3381,3379,816,-1,6,0,0,0
3382,818,820,-1,2,0,0,0
3383,827,834,-1,2,0,0,0
3384,3380,3381,-1,6,0,0,0
3385,3382,3383,-1,6,0,0,0
3386,822,1665,-1,2,0,0,0
3387,833,-1,-1,4,0,0,0
3388,3384,3385,-1,6,0,0,0
3389,3386,3387,-1,6,0,0,0
3390,2587,-1,-1,7,0,0,0
3391,3388,3389,-1,6,0,0,0
3392,3390,3259,-1,2,0,0,0
3393,3391,3392,-1,6,0,0,0
3394,302,-1,-1,0,0,0,0
3395,465,-1,-1,0,0,0,0
3396,521,-1,-1,0,0,0,0
3397,573,-1,-1,0,0,0,0
3398,666,-1,-1,0,0,0,0
3399,676,-1,-1,0,0,0,0
3400,743,-1,-1,0,0,0,0
3401,788,-1,-1,0,0,0,0
3402,792,-1,-1,0,0,0,0
3403,2859,-1,-1,0,0,0,0
