2891,1685,985,2794,1018,1728,1774,2216,2833,662,2249,2272,2306,721,2727,2627,1811,2351,2385,1840,2864,2658,1102,1128,2431,1878,2465,2491,1906,1163,1201,803,1239,2757,2526,1264,1300,1335,2684,1923,834,1358,1960,1391,1413,1442,852,1470,1500,1990,882,913,1527,1549,1577,1617,2014,2044,938,2095,2139,1643,2577,2168
192,157,167,-1,4,0,0,0
193,11,162,-1,4,0,0,0
194,108,129,-1,4,0,0,0
195,94,107,-1,6,0,0,0
196,67,118,-1,6,0,0,0
197,145,168,-1,4,0,0,0
198,53,57,-1,6,0,0,0
199,16,29,-1,4,0,0,0
200,12,59,-1,4,0,0,0
201,34,49,-1,4,0,0,0
202,19,45,-1,4,0,0,0
203,30,63,-1,4,0,0,0
204,155,166,-1,4,0,0,0
205,124,158,-1,6,0,0,0
206,22,128,-1,4,0,0,0
207,33,170,-1,4,0,0,0
208,159,164,-1,4,0,0,0
209,36,44,-1,4,0,0,0
210,71,126,-1,4,0,0,0
211,51,183,-1,6,0,0,0
212,133,148,-1,4,0,0,0
213,131,190,-1,4,0,0,0
214,27,172,-1,4,0,0,0
215,93,140,-1,4,0,0,0
216,1,160,-1,4,0,0,0
217,152,171,-1,4,0,0,0
218,132,188,-1,4,0,0,0
219,6,24,-1,4,0,0,0
220,4,39,-1,4,0,0,0
221,25,68,-1,4,0,0,0
222,139,151,-1,4,0,0,0
223,75,173,-1,4,0,0,0
224,7,58,-1,4,0,0,0
225,35,97,-1,6,0,0,0
226,65,70,-1,6,0,0,0
227,60,125,-1,6,0,0,0
228,10,33,-1,6,0,0,0
229,52,53,-1,6,0,0,0
230,110,111,-1,6,0,0,0
231,186,191,-1,6,0,0,0
232,84,122,-1,6,0,0,0
233,1,34,-1,6,0,0,0
234,129,150,-1,6,0,0,0
235,22,86,-1,6,0,0,0
236,62,126,-1,6,0,0,0
237,30,43,-1,6,0,0,0
238,0,69,-1,6,0,0,0
239,39,47,-1,4,0,0,0
240,27,28,-1,4,0,0,0
241,108,127,-1,6,0,0,0
242,64,128,-1,6,0,0,0
243,15,93,-1,4,0,0,0
244,95,189,-1,6,0,0,0
245,48,57,-1,4,0,0,0
246,128,186,-1,6,0,0,0
247,36,98,-1,4,0,0,0
248,2,9,-1,6,0,0,0
249,136,-1,-1,4,0,0,0
250,249,208,-1,6,0,0,0
251,34,77,-1,4,0,0,0
252,40,171,-1,4,0,0,0
253,167,-1,-1,4,0,0,0
254,253,219,-1,4,0,0,0
255,184,-1,-1,4,0,0,0
256,255,216,-1,4,0,0,0
257,109,113,-1,4,0,0,0
258,174,175,-1,6,0,0,0
259,74,99,-1,6,0,0,0
260,116,117,-1,6,0,0,0
261,82,101,-1,6,0,0,0
262,146,165,-1,6,0,0,0
263,90,105,-1,6,0,0,0
264,85,89,-1,6,0,0,0
265,17,115,-1,6,0,0,0
266,161,181,-1,6,0,0,0
267,18,41,-1,6,0,0,0
268,147,190,-1,6,0,0,0
269,135,-1,-1,4,0,0,0
270,269,236,-1,4,0,0,0
271,83,149,-1,4,0,0,0
272,59,64,-1,6,0,0,0
273,134,-1,-1,4,0,0,0
274,273,193,-1,4,0,0,0
275,98,-1,-1,4,0,0,0
276,275,226,-1,6,0,0,0
277,106,187,-1,4,0,0,0
278,92,176,-1,6,0,0,0
279,3,112,-1,6,0,0,0
280,31,56,-1,6,0,0,0
281,120,-1,-1,4,0,0,0
282,281,244,-1,6,0,0,0
283,202,233,-1,4,0,0,0
284,5,69,-1,6,0,0,0
285,141,143,-1,4,0,0,0
286,102,140,-1,6,0,0,0
287,131,179,-1,6,0,0,0
288,8,165,-1,6,0,0,0
289,7,72,-1,4,0,0,0
290,31,-1,-1,4,0,0,0
291,290,214,-1,4,0,0,0
292,45,-1,-1,4,0,0,0
293,292,239,-1,4,0,0,0
294,28,72,-1,6,0,0,0
295,23,96,-1,6,0,0,0
296,8,145,-1,6,0,0,0
297,179,-1,-1,4,0,0,0
298,297,192,-1,4,0,0,0
299,21,37,-1,6,0,0,0
300,69,75,-1,4,0,0,0
301,80,155,-1,4,0,0,0
302,103,117,-1,4,0,0,0
303,55,78,-1,6,0,0,0
304,93,162,-1,6,0,0,0
305,153,154,-1,6,0,0,0
306,41,173,-1,6,0,0,0
307,91,109,-1,4,0,0,0
308,47,83,-1,6,0,0,0
309,38,80,-1,4,0,0,0
310,32,81,-1,6,0,0,0
311,134,-1,-1,4,0,0,0
312,311,-1,-1,4,0,0,0
313,312,276,-1,6,0,0,0
314,171,181,-1,6,0,0,0
315,93,109,-1,4,0,0,0
316,11,19,-1,4,0,0,0
317,4,168,-1,6,0,0,0
318,128,154,-1,4,0,0,0
319,182,184,-1,6,0,0,0
320,156,170,-1,4,0,0,0
321,88,115,-1,4,0,0,0
322,2,62,-1,4,0,0,0
323,237,197,-1,4,0,0,0
324,40,150,-1,4,0,0,0
325,23,46,-1,4,0,0,0
326,9,-1,-1,4,0,0,0
327,326,240,-1,4,0,0,0
328,100,-1,-1,4,0,0,0
329,328,245,-1,4,0,0,0
330,103,-1,-1,4,0,0,0
331,330,271,-1,4,0,0,0
332,112,-1,-1,4,0,0,0
333,332,228,-1,4,0,0,0
334,122,177,-1,4,0,0,0
335,86,136,-1,4,0,0,0
336,285,210,-1,4,0,0,0
337,121,185,-1,6,0,0,0
338,194,-1,-1,7,0,0,0
339,338,274,-1,2,0,0,0
340,77,-1,-1,4,0,0,0
341,340,-1,-1,4,0,0,0
342,341,298,-1,4,0,0,0
343,178,-1,-1,4,0,0,0
344,343,319,-1,6,0,0,0
345,17,47,-1,4,0,0,0
346,212,231,-1,4,0,0,0
347,38,104,-1,6,0,0,0
348,121,-1,-1,4,0,0,0
349,348,299,-1,4,0,0,0
350,138,158,-1,6,0,0,0
351,42,174,-1,4,0,0,0
352,60,91,-1,4,0,0,0
353,66,100,-1,4,0,0,0
354,78,143,-1,4,0,0,0
355,39,-1,-1,4,0,0,0
356,355,199,-1,4,0,0,0
357,163,177,-1,4,0,0,0
358,82,146,-1,4,0,0,0
359,160,-1,-1,4,0,0,0
360,359,235,-1,4,0,0,0
361,213,322,-1,4,0,0,0
362,135,185,-1,4,0,0,0
363,15,155,-1,6,0,0,0
364,157,-1,-1,4,0,0,0
365,364,212,-1,4,0,0,0
366,104,-1,-1,4,0,0,0
367,366,264,-1,4,0,0,0
368,38,61,-1,6,0,0,0
369,136,181,-1,4,0,0,0
370,37,68,-1,4,0,0,0
371,66,130,-1,6,0,0,0
372,0,32,-1,4,0,0,0
373,79,92,-1,4,0,0,0
374,14,15,-1,4,0,0,0
375,180,-1,-1,4,0,0,0
376,375,204,-1,4,0,0,0
377,362,-1,-1,4,0,0,0
378,377,349,-1,4,0,0,0
379,20,-1,-1,4,0,0,0
380,379,258,-1,4,0,0,0
381,345,310,-1,6,0,0,0
382,0,116,-1,4,0,0,0
383,6,-1,-1,4,0,0,0
384,383,259,-1,4,0,0,0
385,68,84,-1,4,0,0,0
386,101,146,-1,4,0,0,0
387,18,100,-1,4,0,0,0
388,72,138,-1,4,0,0,0
389,126,-1,-1,4,0,0,0
390,389,303,-1,4,0,0,0
391,90,-1,-1,4,0,0,0
392,391,285,-1,4,0,0,0
393,152,-1,-1,4,0,0,0
394,393,257,-1,4,0,0,0
395,7,135,-1,4,0,0,0
396,94,125,-1,6,0,0,0
397,106,142,-1,6,0,0,0
398,184,190,-1,6,0,0,0
399,81,133,-1,6,0,0,0
400,44,-1,-1,4,0,0,0
401,400,309,-1,4,0,0,0
402,47,145,-1,6,0,0,0
403,16,41,-1,4,0,0,0
404,100,104,-1,4,0,0,0
405,267,-1,-1,7,0,0,0
406,405,323,-1,2,0,0,0
407,71,-1,-1,4,0,0,0
408,407,244,-1,4,0,0,0
409,130,183,-1,4,0,0,0
410,69,79,-1,4,0,0,0
411,7,118,-1,4,0,0,0
412,54,165,-1,4,0,0,0
413,13,26,-1,4,0,0,0
414,48,148,-1,4,0,0,0
415,30,91,-1,4,0,0,0
416,39,-1,-1,4,0,0,0
417,416,374,-1,4,0,0,0
418,105,-1,-1,4,0,0,0
419,418,193,-1,4,0,0,0
420,140,-1,-1,4,0,0,0
421,420,299,-1,4,0,0,0
422,24,159,-1,4,0,0,0
423,66,119,-1,4,0,0,0
424,86,-1,-1,4,0,0,0
425,424,315,-1,4,0,0,0
426,162,-1,-1,4,0,0,0
427,426,217,-1,4,0,0,0
428,141,-1,-1,4,0,0,0
429,428,201,-1,4,0,0,0
430,123,-1,-1,4,0,0,0
431,430,307,-1,4,0,0,0
432,71,103,-1,6,0,0,0
433,3,-1,-1,4,0,0,0
434,433,321,-1,4,0,0,0
435,149,-1,-1,4,0,0,0
436,435,277,-1,4,0,0,0
437,76,-1,-1,4,0,0,0
438,437,404,-1,4,0,0,0
439,113,-1,-1,4,0,0,0
440,439,310,-1,4,0,0,0
441,3,137,-1,4,0,0,0
442,83,-1,-1,4,0,0,0
443,442,225,-1,4,0,0,0
444,88,-1,-1,4,0,0,0
445,444,238,-1,4,0,0,0
446,40,109,-1,6,0,0,0
447,101,117,-1,6,0,0,0
448,134,155,-1,4,0,0,0
449,162,-1,-1,4,0,0,0
450,449,234,-1,6,0,0,0
451,39,139,-1,4,0,0,0
452,12,164,-1,4,0,0,0
453,25,45,-1,6,0,0,0
454,90,-1,-1,4,0,0,0
455,454,237,-1,4,0,0,0
456,23,48,-1,6,0,0,0
457,27,-1,-1,4,0,0,0
458,457,201,-1,4,0,0,0
459,158,-1,-1,4,0,0,0
460,459,217,-1,4,0,0,0
461,1,9,-1,4,0,0,0
462,11,43,-1,4,0,0,0
463,28,42,-1,4,0,0,0
464,22,83,-1,4,0,0,0
465,246,353,-1,4,0,0,0
466,96,-1,-1,4,0,0,0
467,466,228,-1,4,0,0,0
468,103,-1,-1,4,0,0,0
469,468,216,-1,4,0,0,0
470,166,-1,-1,4,0,0,0
471,470,287,-1,6,0,0,0
472,169,187,-1,6,0,0,0
473,105,135,-1,4,0,0,0
474,0,152,-1,4,0,0,0
475,22,167,-1,4,0,0,0
476,7,-1,-1,4,0,0,0
477,476,-1,-1,4,0,0,0
478,477,458,-1,4,0,0,0
479,59,143,-1,4,0,0,0
480,75,144,-1,4,0,0,0
481,368,399,-1,6,0,0,0
482,12,36,-1,4,0,0,0
483,16,120,-1,4,0,0,0
484,118,-1,-1,4,0,0,0
485,484,388,-1,4,0,0,0
486,125,-1,-1,4,0,0,0
487,486,373,-1,4,0,0,0
488,295,-1,-1,4,0,0,0
489,488,431,-1,6,0,0,0
490,5,139,-1,4,0,0,0
491,55,144,-1,4,0,0,0
492,93,-1,-1,4,0,0,0
493,492,-1,-1,4,0,0,0
494,493,431,-1,4,0,0,0
495,47,189,-1,4,0,0,0
496,58,104,-1,6,0,0,0
497,14,111,-1,6,0,0,0
498,85,157,-1,4,0,0,0
499,5,151,-1,4,0,0,0
500,16,127,-1,4,0,0,0
501,164,-1,-1,4,0,0,0
502,501,198,-1,4,0,0,0
503,11,37,-1,4,0,0,0
504,29,87,-1,4,0,0,0
505,24,73,-1,4,0,0,0
506,77,162,-1,4,0,0,0
507,20,-1,-1,4,0,0,0
508,507,-1,-1,4,0,0,0
509,508,327,-1,4,0,0,0
510,40,-1,-1,4,0,0,0
511,510,473,-1,4,0,0,0
512,67,164,-1,4,0,0,0
513,131,151,-1,4,0,0,0
514,155,188,-1,4,0,0,0
515,199,200,-1,4,0,0,0
516,201,202,-1,4,0,0,0
517,204,205,-1,4,0,0,0
518,79,-1,-1,4,0,0,0
519,518,208,-1,4,0,0,0
520,8,-1,-1,4,0,0,0
521,520,209,-1,4,0,0,0
522,210,211,-1,4,0,0,0
523,91,-1,-1,4,0,0,0
524,523,212,-1,4,0,0,0
525,147,-1,-1,4,0,0,0
526,525,213,-1,4,0,0,0
527,142,-1,-1,4,0,0,0
528,527,218,-1,4,0,0,0
529,13,-1,-1,4,0,0,0
530,529,219,-1,4,0,0,0
531,42,-1,-1,4,0,0,0
532,531,220,-1,4,0,0,0
533,169,-1,-1,4,0,0,0
534,533,222,-1,4,0,0,0
535,154,-1,-1,4,0,0,0
536,535,223,-1,4,0,0,0
537,63,-1,-1,4,0,0,0
538,537,224,-1,4,0,0,0
539,195,227,-1,6,0,0,0
540,228,229,-1,6,0,0,0
541,20,-1,-1,4,0,0,0
542,541,230,-1,6,0,0,0
543,231,232,-1,6,0,0,0
544,6,-1,-1,4,0,0,0
545,544,233,-1,6,0,0,0
546,46,-1,-1,4,0,0,0
547,546,235,-1,6,0,0,0
548,85,-1,-1,4,0,0,0
549,548,237,-1,6,0,0,0
550,238,239,-1,4,0,0,0
551,74,-1,-1,4,0,0,0
552,551,240,-1,4,0,0,0
553,148,-1,-1,4,0,0,0
554,553,242,-1,6,0,0,0
555,5,-1,-1,4,0,0,0
556,555,245,-1,4,0,0,0
557,205,-1,-1,4,0,0,0
558,557,539,-1,6,0,0,0
559,173,-1,-1,4,0,0,0
560,559,247,-1,4,0,0,0
561,197,257,-1,4,0,0,0
562,259,225,-1,6,0,0,0
563,261,262,-1,6,0,0,0
564,263,264,-1,6,0,0,0
565,271,-1,-1,7,0,0,0
566,565,536,-1,2,0,0,0
567,274,276,-1,6,0,0,0
568,156,-1,-1,4,0,0,0
569,568,278,-1,6,0,0,0
570,73,-1,-1,4,0,0,0
571,570,279,-1,6,0,0,0
572,54,-1,-1,4,0,0,0
573,572,280,-1,6,0,0,0
574,196,-1,-1,4,0,0,0
575,574,282,-1,6,0,0,0
576,123,-1,-1,4,0,0,0
577,576,-1,-1,4,0,0,0
578,577,-1,-1,4,0,0,0
579,578,558,-1,6,0,0,0
580,76,-1,-1,4,0,0,0
581,580,286,-1,6,0,0,0
582,17,-1,-1,4,0,0,0
583,582,-1,-1,4,0,0,0
584,583,569,-1,4,0,0,0
585,149,-1,-1,4,0,0,0
586,585,-1,-1,4,0,0,0
587,586,569,-1,6,0,0,0
588,105,-1,-1,4,0,0,0
589,588,296,-1,6,0,0,0
590,131,-1,-1,4,0,0,0
591,590,-1,-1,4,0,0,0
592,591,298,-1,6,0,0,0
593,160,-1,-1,4,0,0,0
594,593,299,-1,6,0,0,0
595,116,-1,-1,4,0,0,0
596,595,302,-1,4,0,0,0
597,119,-1,-1,4,0,0,0
598,597,303,-1,6,0,0,0
599,26,-1,-1,4,0,0,0
600,599,306,-1,6,0,0,0
601,142,-1,-1,4,0,0,0
602,601,307,-1,4,0,0,0
603,542,540,-1,6,0,0,0
604,159,-1,-1,4,0,0,0
605,604,314,-1,6,0,0,0
606,187,-1,-1,4,0,0,0
607,606,-1,-1,4,0,0,0
608,607,530,-1,4,0,0,0
609,319,203,-1,4,0,0,0
610,144,-1,-1,4,0,0,0
611,610,320,-1,4,0,0,0
612,322,-1,-1,4,0,0,0
613,612,526,-1,4,0,0,0
614,324,325,-1,4,0,0,0
615,66,-1,-1,4,0,0,0
616,615,-1,-1,4,0,0,0
617,616,327,-1,4,0,0,0
618,137,-1,-1,4,0,0,0
619,618,335,-1,4,0,0,0
620,337,-1,-1,7,0,0,0
621,620,336,-1,2,0,0,0
622,208,-1,-1,4,0,0,0
623,622,-1,-1,4,0,0,0
624,623,339,-1,4,0,0,0
625,14,-1,-1,4,0,0,0
626,625,-1,-1,4,0,0,0
627,626,-1,-1,4,0,0,0
628,627,342,-1,4,0,0,0
629,114,-1,-1,4,0,0,0
630,629,-1,-1,4,0,0,0
631,630,344,-1,6,0,0,0
632,345,-1,-1,4,0,0,0
633,632,346,-1,4,0,0,0
634,1,6,-1,6,0,0,0
635,23,56,-1,4,0,0,0
636,58,64,-1,6,0,0,0
637,72,74,-1,6,0,0,0
638,82,92,-1,6,0,0,0
639,102,111,-1,6,0,0,0
640,133,146,-1,6,0,0,0
641,153,157,-1,6,0,0,0
642,161,191,-1,6,0,0,0
643,634,635,-1,6,0,0,0
644,636,637,-1,6,0,0,0
645,638,639,-1,6,0,0,0
646,640,641,-1,6,0,0,0
647,642,201,-1,6,0,0,0
648,264,299,-1,6,0,0,0
649,257,234,-1,6,0,0,0
650,304,347,-1,6,0,0,0
651,334,-1,-1,4,0,0,0
652,643,644,-1,6,0,0,0
653,645,646,-1,6,0,0,0
654,647,648,-1,6,0,0,0
655,649,650,-1,6,0,0,0
656,651,-1,-1,4,0,0,0
657,652,653,-1,6,0,0,0
658,654,655,-1,6,0,0,0
659,656,313,-1,6,0,0,0
660,657,658,-1,6,0,0,0
661,659,-1,-1,4,0,0,0
662,660,661,-1,6,0,0,0
663,247,-1,-1,7,0,0,0
664,663,538,-1,2,0,0,0
665,362,363,-1,4,0,0,0
666,365,367,-1,4,0,0,0
667,43,-1,-1,4,0,0,0
668,667,-1,-1,4,0,0,0
669,668,554,-1,6,0,0,0
670,161,-1,-1,4,0,0,0
671,670,369,-1,4,0,0,0
672,371,372,-1,4,0,0,0
673,374,-1,-1,4,0,0,0
674,673,376,-1,4,0,0,0
675,51,-1,-1,4,0,0,0
676,675,-1,-1,4,0,0,0
677,676,538,-1,4,0,0,0
678,176,-1,-1,4,0,0,0
679,678,-1,-1,4,0,0,0
680,679,381,-1,4,0,0,0
681,186,-1,-1,4,0,0,0
682,681,-1,-1,4,0,0,0
683,682,-1,-1,4,0,0,0
684,683,617,-1,4,0,0,0
685,324,386,-1,4,0,0,0
686,106,-1,-1,4,0,0,0
687,686,387,-1,6,0,0,0
688,388,-1,-1,4,0,0,0
689,688,671,-1,4,0,0,0
690,392,394,-1,4,0,0,0
691,15,50,-1,6,0,0,0
692,67,75,-1,6,0,0,0
693,84,103,-1,6,0,0,0
694,115,119,-1,6,0,0,0
695,120,138,-1,6,0,0,0
696,139,148,-1,6,0,0,0
697,163,179,-1,6,0,0,0
698,183,189,-1,6,0,0,0
699,691,692,-1,6,0,0,0
700,693,694,-1,6,0,0,0
701,695,696,-1,6,0,0,0
702,697,698,-1,6,0,0,0
703,199,279,-1,6,0,0,0
704,225,205,-1,6,0,0,0
705,260,296,-1,6,0,0,0
706,395,396,-1,6,0,0,0
707,397,398,-1,6,0,0,0
708,699,700,-1,6,0,0,0
709,701,702,-1,6,0,0,0
710,703,704,-1,6,0,0,0
711,705,706,-1,6,0,0,0
712,707,532,-1,6,0,0,0
713,581,376,-1,6,0,0,0
714,605,-1,-1,4,0,0,0
715,708,709,-1,6,0,0,0
716,710,711,-1,6,0,0,0
717,712,713,-1,6,0,0,0
718,714,-1,-1,4,0,0,0
719,715,716,-1,6,0,0,0
720,717,718,-1,6,0,0,0
721,719,720,-1,6,0,0,0
722,194,-1,-1,4,0,0,0
723,722,543,-1,4,0,0,0
724,403,-1,-1,7,0,0,0
725,724,-1,-1,7,0,0,0
726,725,566,-1,2,0,0,0
727,141,-1,-1,4,0,0,0
728,727,404,-1,4,0,0,0
729,135,-1,-1,4,0,0,0
730,729,-1,-1,4,0,0,0
731,730,571,-1,4,0,0,0
732,286,-1,-1,4,0,0,0
733,732,517,-1,4,0,0,0
734,89,-1,-1,4,0,0,0
735,734,413,-1,4,0,0,0
736,172,-1,-1,4,0,0,0
737,736,-1,-1,4,0,0,0
738,737,598,-1,6,0,0,0
739,362,-1,-1,4,0,0,0
740,739,-1,-1,4,0,0,0
741,740,677,-1,4,0,0,0
742,35,-1,-1,4,0,0,0
743,742,-1,-1,4,0,0,0
744,743,596,-1,6,0,0,0
745,376,-1,-1,4,0,0,0
746,745,631,-1,4,0,0,0
747,166,-1,-1,4,0,0,0
748,747,422,-1,4,0,0,0
749,42,-1,-1,4,0,0,0
750,749,-1,-1,4,0,0,0
751,750,-1,-1,4,0,0,0
752,751,689,-1,4,0,0,0
753,429,-1,-1,7,0,0,0
754,753,575,-1,2,0,0,0
755,350,-1,-1,7,0,0,0
756,755,563,-1,2,0,0,0
757,401,438,-1,4,0,0,0
758,61,-1,-1,4,0,0,0
759,758,-1,-1,4,0,0,0
760,759,521,-1,4,0,0,0
761,80,-1,-1,4,0,0,0
762,761,-1,-1,4,0,0,0
763,762,-1,-1,4,0,0,0
764,763,680,-1,4,0,0,0
765,17,-1,-1,4,0,0,0
766,765,451,-1,4,0,0,0
767,192,452,-1,4,0,0,0
768,453,-1,-1,4,0,0,0
769,768,545,-1,6,0,0,0
770,306,-1,-1,7,0,0,0
771,770,611,-1,2,0,0,0
772,15,-1,-1,4,0,0,0
773,772,-1,-1,4,0,0,0
774,773,-1,-1,4,0,0,0
775,774,592,-1,4,0,0,0
776,222,462,-1,4,0,0,0
777,380,469,-1,4,0,0,0
778,26,32,-1,6,0,0,0
779,45,70,-1,6,0,0,0
780,85,87,-1,4,0,0,0
781,90,109,-1,6,0,0,0
782,115,132,-1,6,0,0,0
783,152,155,-1,6,0,0,0
784,185,-1,-1,4,0,0,0
785,778,779,-1,6,0,0,0
786,780,781,-1,6,0,0,0
787,782,783,-1,6,0,0,0
788,784,219,-1,6,0,0,0
789,199,261,-1,6,0,0,0
790,299,475,-1,6,0,0,0
791,241,479,-1,6,0,0,0
792,480,-1,-1,4,0,0,0
793,785,786,-1,6,0,0,0
794,787,788,-1,6,0,0,0
795,789,790,-1,6,0,0,0
796,791,792,-1,6,0,0,0
797,687,-1,-1,4,0,0,0
798,793,794,-1,6,0,0,0
799,795,796,-1,6,0,0,0
800,797,478,-1,6,0,0,0
801,798,799,-1,6,0,0,0
802,800,-1,-1,4,0,0,0
803,801,802,-1,6,0,0,0
804,302,-1,-1,4,0,0,0
805,804,539,-1,4,0,0,0
806,263,495,-1,4,0,0,0
807,19,31,-1,6,0,0,0
808,53,62,-1,6,0,0,0
809,86,101,-1,6,0,0,0
810,141,142,-1,6,0,0,0
811,156,157,-1,6,0,0,0
812,166,189,-1,6,0,0,0
813,807,808,-1,6,0,0,0
814,809,810,-1,6,0,0,0
815,811,812,-1,6,0,0,0
816,240,228,-1,2,0,0,0
817,226,260,-1,6,0,0,0
818,314,368,-1,6,0,0,0
819,497,410,-1,6,0,0,0
820,496,482,-1,6,0,0,0
821,409,-1,-1,7,0,0,0
822,813,814,-1,6,0,0,0
823,815,816,-1,6,0,0,0
824,817,818,-1,6,0,0,0
825,819,820,-1,6,0,0,0
826,821,581,-1,2,0,0,0
827,598,455,-1,4,0,0,0
828,822,823,-1,6,0,0,0
829,824,825,-1,6,0,0,0
830,826,827,-1,6,0,0,0
831,558,-1,-1,4,0,0,0
832,828,829,-1,6,0,0,0
833,830,831,-1,6,0,0,0
834,832,833,-1,6,0,0,0
835,97,-1,-1,4,0,0,0
836,835,-1,-1,4,0,0,0
837,836,550,-1,4,0,0,0
838,95,106,-1,2,0,0,0
839,148,-1,-1,4,0,0,0
840,838,839,-1,6,0,0,0
841,209,258,-1,6,0,0,0
842,411,483,-1,6,0,0,0
843,505,480,-1,4,0,0,0
844,840,841,-1,6,0,0,0
845,842,843,-1,6,0,0,0
846,614,619,-1,7,0,0,0
847,609,465,-1,2,0,0,0
848,844,845,-1,6,0,0,0
849,846,847,-1,2,0,0,0
850,848,849,-1,6,0,0,0
851,624,775,-1,2,0,0,0
852,850,851,-1,6,0,0,0
853,44,49,-1,7,0,0,0
854,88,96,-1,7,0,0,0
855,101,105,-1,4,0,0,0
856,138,147,-1,7,0,0,0
857,151,157,-1,7,0,0,0
858,163,180,-1,7,0,0,0
859,853,854,-1,7,0,0,0
860,855,856,-1,4,0,0,0
861,857,858,-1,7,0,0,0
862,245,322,-1,4,0,0,0
863,266,363,-1,2,0,0,0
864,432,373,-1,7,0,0,0
865,503,505,-1,7,0,0,0
866,479,512,-1,6,0,0,0
867,859,860,-1,2,0,0,0
868,861,862,-1,2,0,0,0
869,863,864,-1,4,0,0,0
870,865,866,-1,2,0,0,0
871,611,524,-1,7,0,0,0
872,356,333,-1,2,0,0,0
873,867,868,-1,6,0,0,0
874,869,870,-1,6,0,0,0
875,871,872,-1,2,0,0,0
876,509,-1,-1,7,0,0,0
877,873,874,-1,6,0,0,0
878,875,876,-1,4,0,0,0
879,741,-1,-1,7,0,0,0
880,877,878,-1,6,0,0,0
881,879,-1,-1,7,0,0,0
882,880,881,-1,4,0,0,0
883,0,2,-1,6,0,0,0
884,13,22,-1,6,0,0,0
885,32,37,-1,6,0,0,0
886,42,46,-1,6,0,0,0
887,53,54,-1,6,0,0,0
888,55,56,-1,6,0,0,0
889,70,73,-1,6,0,0,0
890,76,77,-1,6,0,0,0
891,95,123,-1,6,0,0,0
892,134,154,-1,6,0,0,0
893,883,884,-1,6,0,0,0
894,885,886,-1,6,0,0,0
895,887,888,-1,6,0,0,0
896,889,890,-1,6,0,0,0
897,891,892,-1,6,0,0,0
898,278,261,-1,6,0,0,0
899,304,497,-1,6,0,0,0
900,446,246,-1,6,0,0,0
901,893,894,-1,6,0,0,0
902,895,896,-1,6,0,0,0
903,897,898,-1,6,0,0,0
904,899,900,-1,6,0,0,0
905,327,564,-1,6,0,0,0
906,600,-1,-1,4,0,0,0
907,901,902,-1,6,0,0,0
908,903,904,-1,6,0,0,0
909,905,906,-1,6,0,0,0
910,769,664,-1,6,0,0,0
911,907,908,-1,6,0,0,0
912,909,910,-1,6,0,0,0
913,911,912,-1,6,0,0,0
914,6,31,-1,2,0,0,0
915,73,80,-1,4,0,0,0
916,106,119,-1,2,0,0,0
917,143,144,-1,7,0,0,0
918,145,170,-1,4,0,0,0
919,178,-1,-1,4,0,0,0
920,914,915,-1,6,0,0,0
921,916,917,-1,4,0,0,0
922,918,919,-1,6,0,0,0
923,223,278,-1,2,0,0,0
924,261,399,-1,6,0,0,0
925,462,513,-1,2,0,0,0
926,920,921,-1,6,0,0,0
927,922,923,-1,6,0,0,0
928,924,925,-1,6,0,0,0
929,460,434,-1,6,0,0,0
930,511,408,-1,7,0,0,0
931,519,256,-1,2,0,0,0
932,926,927,-1,6,0,0,0
933,928,929,-1,6,0,0,0
934,930,931,-1,2,0,0,0
935,805,-1,-1,7,0,0,0
936,932,933,-1,6,0,0,0
937,934,935,-1,4,0,0,0
938,936,937,-1,6,0,0,0
939,515,516,-1,6,0,0,0
940,87,-1,-1,4,0,0,0
941,940,-1,-1,4,0,0,0
942,941,521,-1,4,0,0,0
943,214,-1,-1,7,0,0,0
944,943,526,-1,2,0,0,0
945,217,-1,-1,4,0,0,0
946,945,528,-1,4,0,0,0
947,26,-1,-1,4,0,0,0
948,947,-1,-1,4,0,0,0
949,948,530,-1,4,0,0,0
950,61,-1,-1,4,0,0,0
951,950,-1,-1,4,0,0,0
952,951,532,-1,4,0,0,0
953,50,-1,-1,4,0,0,0
954,953,-1,-1,4,0,0,0
955,954,534,-1,4,0,0,0
956,153,-1,-1,4,0,0,0
957,956,-1,-1,4,0,0,0
958,957,536,-1,6,0,0,0
959,542,543,-1,6,0,0,0
960,243,-1,-1,7,0,0,0
961,960,554,-1,2,0,0,0
962,27,61,-1,6,0,0,0
963,69,100,-1,6,0,0,0
964,101,133,-1,6,0,0,0
965,172,179,-1,6,0,0,0
966,188,-1,-1,4,0,0,0
967,962,963,-1,6,0,0,0
968,964,965,-1,6,0,0,0
969,966,222,-1,6,0,0,0
970,244,246,-1,6,0,0,0
971,248,251,-1,7,0,0,0
972,252,-1,-1,7,0,0,0
973,967,968,-1,6,0,0,0
974,969,970,-1,6,0,0,0
975,971,972,-1,7,0,0,0
976,556,560,-1,4,0,0,0
977,250,254,-1,6,0,0,0
978,256,561,-1,6,0,0,0
979,973,974,-1,6,0,0,0
980,975,976,-1,2,0,0,0
981,977,978,-1,6,0,0,0
982,558,-1,-1,4,0,0,0
983,979,980,-1,6,0,0,0
984,981,982,-1,6,0,0,0
985,983,984,-1,6,0,0,0
986,258,-1,-1,4,0,0,0
987,986,562,-1,6,0,0,0
988,563,564,-1,6,0,0,0
989,137,-1,-1,4,0,0,0
990,989,-1,-1,4,0,0,0
991,990,571,-1,6,0,0,0
992,573,-1,-1,4,0,0,0
993,992,575,-1,6,0,0,0
994,284,-1,-1,7,0,0,0
995,994,-1,-1,7,0,0,0
996,995,-1,-1,7,0,0,0
997,996,579,-1,2,0,0,0
998,129,-1,-1,4,0,0,0
999,998,-1,-1,4,0,0,0
1000,999,-1,-1,4,0,0,0
1001,1000,959,-1,6,0,0,0
1002,127,-1,-1,4,0,0,0
1003,1002,-1,-1,4,0,0,0
1004,1003,581,-1,6,0,0,0
1005,57,69,-1,6,0,0,0
1006,103,114,-1,6,0,0,0
1007,134,161,-1,4,0,0,0
1008,162,174,-1,4,0,0,0
1009,1005,1006,-1,6,0,0,0
1010,1007,1008,-1,6,0,0,0
1011,204,287,-1,2,0,0,0
1012,288,289,-1,4,0,0,0
1013,1009,1010,-1,6,0,0,0
1014,1011,1012,-1,6,0,0,0
1015,291,293,-1,7,0,0,0
1016,1013,1014,-1,6,0,0,0
1017,1015,584,-1,7,0,0,0
1018,1016,1017,-1,4,0,0,0
1019,50,-1,-1,4,0,0,0
1020,1019,-1,-1,4,0,0,0
1021,1020,-1,-1,4,0,0,0
1022,1021,587,-1,6,0,0,0
1023,305,-1,-1,4,0,0,0
1024,1023,600,-1,6,0,0,0
1025,232,-1,-1,4,0,0,0
1026,1025,-1,-1,4,0,0,0
1027,1026,603,-1,6,0,0,0
1028,605,-1,-1,4,0,0,0
1029,1028,-1,-1,4,0,0,0
1030,1029,579,-1,6,0,0,0
1031,130,-1,-1,4,0,0,0
1032,1031,-1,-1,4,0,0,0
1033,1032,611,-1,4,0,0,0
1034,19,-1,-1,4,0,0,0
1035,1034,-1,-1,4,0,0,0
1036,1035,614,-1,4,0,0,0
1037,49,-1,-1,4,0,0,0
1038,1037,-1,-1,4,0,0,0
1039,1038,-1,-1,4,0,0,0
1040,1039,617,-1,4,0,0,0
1041,573,-1,-1,4,0,0,0
1042,1041,631,-1,4,0,0,0
1043,357,-1,-1,4,0,0,0
1044,1043,-1,-1,4,0,0,0
1045,1044,1033,-1,4,0,0,0
1046,180,-1,-1,4,0,0,0
1047,1046,-1,-1,4,0,0,0
1048,1047,-1,-1,4,0,0,0
1049,1048,987,-1,6,0,0,0
1050,178,-1,-1,4,0,0,0
1051,1050,-1,-1,4,0,0,0
1052,1051,-1,-1,4,0,0,0
1053,1052,1004,-1,4,0,0,0
1054,370,-1,-1,7,0,0,0
1055,1054,671,-1,2,0,0,0
1056,674,378,-1,4,0,0,0
1057,556,-1,-1,4,0,0,0
1058,1057,-1,-1,4,0,0,0
1059,1058,1045,-1,4,0,0,0
1060,677,613,-1,4,0,0,0
1061,344,687,-1,4,0,0,0
1062,390,-1,-1,7,0,0,0
1063,1062,689,-1,2,0,0,0
1064,209,-1,-1,4,0,0,0
1065,1064,-1,-1,4,0,0,0
1066,1065,738,-1,4,0,0,0
1067,229,-1,-1,4,0,0,0
1068,1067,-1,-1,4,0,0,0
1069,1068,744,-1,6,0,0,0
1070,268,-1,-1,4,0,0,0
1071,1070,-1,-1,4,0,0,0
1072,1071,756,-1,4,0,0,0
1073,939,406,-1,4,0,0,0
1074,175,-1,-1,4,0,0,0
1075,1074,-1,-1,4,0,0,0
1076,1075,-1,-1,4,0,0,0
1077,1076,-1,-1,4,0,0,0
1078,1077,1056,-1,4,0,0,0
1079,25,43,-1,4,0,0,0
1080,70,77,-1,6,0,0,0
1081,89,90,-1,6,0,0,0
1082,140,152,-1,6,0,0,0
1083,181,-1,-1,4,0,0,0
1084,1079,1080,-1,6,0,0,0
1085,1081,1082,-1,6,0,0,0
1086,1083,219,-1,6,0,0,0
1087,201,305,-1,6,0,0,0
1088,446,447,-1,6,0,0,0
1089,395,448,-1,2,0,0,0
1090,288,-1,-1,4,0,0,0
1091,1084,1085,-1,6,0,0,0
1092,1086,1087,-1,6,0,0,0
1093,1088,1089,-1,6,0,0,0
1094,1090,728,-1,6,0,0,0
1095,560,450,-1,6,0,0,0
1096,766,767,-1,2,0,0,0
1097,1091,1092,-1,6,0,0,0
1098,1093,1094,-1,6,0,0,0
1099,1095,1096,-1,6,0,0,0
1100,1097,1098,-1,6,0,0,0
1101,1099,-1,-1,4,0,0,0
1102,1100,1101,-1,6,0,0,0
1103,0,3,-1,6,0,0,0
1104,9,14,-1,6,0,0,0
1105,22,33,-1,6,0,0,0
1106,53,56,-1,6,0,0,0
1107,63,67,-1,6,0,0,0
1108,89,103,-1,6,0,0,0
1109,116,167,-1,6,0,0,0
1110,176,177,-1,4,0,0,0
1111,1103,1104,-1,6,0,0,0
1112,1105,1106,-1,6,0,0,0
1113,1107,1108,-1,6,0,0,0
1114,1109,1110,-1,6,0,0,0
1115,220,222,-1,6,0,0,0
1116,263,257,-1,6,0,0,0
1117,306,414,-1,6,0,0,0
1118,252,-1,-1,4,0,0,0
1119,1111,1112,-1,6,0,0,0
1120,1113,1114,-1,6,0,0,0
1121,1115,1116,-1,6,0,0,0
1122,1117,1118,-1,6,0,0,0
1123,1119,1120,-1,6,0,0,0
1124,1121,1122,-1,6,0,0,0
1125,313,769,-1,6,0,0,0
1126,1123,1124,-1,6,0,0,0
1127,1125,-1,-1,4,0,0,0
1128,1126,1127,-1,6,0,0,0
1129,163,-1,-1,4,0,0,0
1130,1129,-1,-1,4,0,0,0
1131,1130,-1,-1,4,0,0,0
1132,1131,949,-1,4,0,0,0
1133,117,-1,-1,4,0,0,0
1134,1133,-1,-1,4,0,0,0
1135,1134,-1,-1,4,0,0,0
1136,1135,946,-1,4,0,0,0
1137,467,-1,-1,4,0,0,0
1138,1137,777,-1,4,0,0,0
1139,33,41,-1,6,0,0,0
1140,42,65,-1,6,0,0,0
1141,81,82,-1,6,0,0,0
1142,89,107,-1,6,0,0,0
1143,108,119,-1,6,0,0,0
1144,123,146,-1,6,0,0,0
1145,150,161,-1,6,0,0,0
1146,163,189,-1,6,0,0,0
1147,1139,1140,-1,6,0,0,0
1148,1141,1142,-1,6,0,0,0
1149,1143,1144,-1,6,0,0,0
1150,1145,1146,-1,6,0,0,0
1151,472,350,-1,6,0,0,0
1152,473,397,-1,6,0,0,0
1153,474,-1,-1,4,0,0,0
1154,1147,1148,-1,6,0,0,0
1155,1149,1150,-1,6,0,0,0
1156,1151,1152,-1,6,0,0,0
1157,1153,547,-1,6,0,0,0
1158,1154,1155,-1,6,0,0,0
1159,1156,1157,-1,6,0,0,0
1160,959,669,-1,6,0,0,0
1161,1158,1159,-1,6,0,0,0
1162,1160,1049,-1,6,0,0,0
1163,1161,1162,-1,6,0,0,0
1164,19,22,-1,6,0,0,0
1165,31,33,-1,6,0,0,0
1166,37,65,-1,6,0,0,0
1167,80,98,-1,6,0,0,0
1168,110,114,-1,6,0,0,0
1169,126,148,-1,6,0,0,0
1170,150,166,-1,6,0,0,0
1171,168,173,-1,6,0,0,0
1172,180,-1,-1,4,0,0,0
1173,1164,1165,-1,6,0,0,0
1174,1166,1167,-1,6,0,0,0
1175,1168,1169,-1,6,0,0,0
1176,1170,1171,-1,6,0,0,0
1177,1172,192,-1,6,0,0,0
1178,279,195,-1,6,0,0,0
1179,259,205,-1,6,0,0,0
1180,237,233,-1,6,0,0,0
1181,314,284,-1,6,0,0,0
1182,211,347,-1,6,0,0,0
1183,268,352,-1,6,0,0,0
1184,397,-1,-1,4,0,0,0
1185,1173,1174,-1,6,0,0,0
1186,1175,1176,-1,6,0,0,0
1187,1177,1178,-1,6,0,0,0
1188,1179,1180,-1,6,0,0,0
1189,1181,1182,-1,6,0,0,0
1190,1183,1184,-1,6,0,0,0
1191,598,-1,-1,4,0,0,0
1192,1185,1186,-1,6,0,0,0
1193,1187,1188,-1,6,0,0,0
1194,1189,1190,-1,6,0,0,0
1195,1191,1004,-1,6,0,0,0
1196,1192,1193,-1,6,0,0,0
1197,1194,1195,-1,6,0,0,0
1198,1069,-1,-1,4,0,0,0
1199,1196,1197,-1,6,0,0,0
1200,1198,-1,-1,4,0,0,0
1201,1199,1200,-1,6,0,0,0
1202,5,20,-1,6,0,0,0
1203,24,29,-1,6,0,0,0
1204,42,48,-1,6,0,0,0
1205,49,75,-1,6,0,0,0
1206,77,93,-1,6,0,0,0
1207,96,99,-1,6,0,0,0
1208,101,108,-1,6,0,0,0
1209,110,158,-1,6,0,0,0
1210,172,188,-1,6,0,0,0
1211,1202,1203,-1,6,0,0,0
1212,1204,1205,-1,6,0,0,0
1213,1206,1207,-1,6,0,0,0
1214,1208,1209,-1,6,0,0,0
1215,1210,224,-1,4,0,0,0
1216,280,225,-1,6,0,0,0
1217,233,303,-1,6,0,0,0
1218,238,198,-1,6,0,0,0
1219,398,482,-1,6,0,0,0
1220,1211,1212,-1,6,0,0,0
1221,1213,1214,-1,6,0,0,0
1222,1215,1216,-1,6,0,0,0
1223,1217,1218,-1,6,0,0,0
1224,1219,543,-1,6,0,0,0
1225,605,547,-1,6,0,0,0
1226,549,481,-1,6,0,0,0
1227,766,522,-1,4,0,0,0
1228,1220,1221,-1,6,0,0,0
1229,1222,1223,-1,6,0,0,0
1230,1224,1225,-1,6,0,0,0
1231,1226,1227,-1,6,0,0,0
1232,575,1004,-1,6,0,0,0
1233,805,-1,-1,7,0,0,0
1234,1228,1229,-1,6,0,0,0
1235,1230,1231,-1,6,0,0,0
1236,1232,1233,-1,4,0,0,0
1237,1234,1235,-1,6,0,0,0
1238,1236,-1,-1,4,0,0,0
1239,1237,1238,-1,6,0,0,0
1240,8,13,-1,6,0,0,0
1241,17,18,-1,6,0,0,0
1242,29,61,-1,6,0,0,0
1243,74,77,-1,6,0,0,0
1244,111,149,-1,6,0,0,0
1245,161,189,-1,6,0,0,0
1246,1240,1241,-1,6,0,0,0
1247,1242,1243,-1,6,0,0,0
1248,1244,1245,-1,6,0,0,0
1249,279,280,-1,6,0,0,0
1250,227,232,-1,6,0,0,0
1251,472,272,-1,6,0,0,0
1252,301,-1,-1,4,0,0,0
1253,1246,1247,-1,6,0,0,0
1254,1248,1249,-1,6,0,0,0
1255,1250,1251,-1,6,0,0,0
1256,1252,594,-1,6,0,0,0
1257,293,-1,-1,4,0,0,0
1258,1253,1254,-1,6,0,0,0
1259,1255,1256,-1,6,0,0,0
1260,1257,988,-1,6,0,0,0
1261,1024,489,-1,6,0,0,0
1262,1258,1259,-1,6,0,0,0
1263,1260,1261,-1,6,0,0,0
1264,1262,1263,-1,6,0,0,0
1265,2,29,-1,2,0,0,0
1266,41,49,-1,2,0,0,0
1267,57,63,-1,6,0,0,0
1268,76,94,-1,6,0,0,0
1269,102,114,-1,4,0,0,0
1270,169,-1,-1,4,0,0,0
1271,1265,1266,-1,6,0,0,0
1272,1267,1268,-1,6,0,0,0
1273,1269,1270,-1,6,0,0,0
1274,357,285,-1,2,0,0,0
1275,200,202,-1,6,0,0,0
1276,309,321,-1,6,0,0,0
1277,422,337,-1,6,0,0,0
1278,398,490,-1,2,0,0,0
1279,207,491,-1,6,0,0,0
1280,423,-1,-1,7,0,0,0
1281,1271,1272,-1,6,0,0,0
1282,1273,1274,-1,6,0,0,0
1283,1275,1276,-1,6,0,0,0
1284,1277,1278,-1,6,0,0,0
1285,1279,1280,-1,4,0,0,0
1286,323,735,-1,4,0,0,0
1287,806,-1,-1,7,0,0,0
1288,1281,1282,-1,6,0,0,0
1289,1283,1284,-1,6,0,0,0
1290,1285,1286,-1,6,0,0,0
1291,1287,952,-1,2,0,0,0
1292,946,342,-1,6,0,0,0
1293,674,494,-1,6,0,0,0
1294,1288,1289,-1,6,0,0,0
1295,1290,1291,-1,6,0,0,0
1296,1292,1293,-1,6,0,0,0
1297,1069,-1,-1,4,0,0,0
1298,1294,1295,-1,6,0,0,0
1299,1296,1297,-1,6,0,0,0
1300,1298,1299,-1,6,0,0,0
1301,0,10,-1,6,0,0,0
1302,23,26,-1,6,0,0,0
1303,34,44,-1,6,0,0,0
1304,63,65,-1,6,0,0,0
1305,78,86,-1,6,0,0,0
1306,90,98,-1,6,0,0,0
1307,101,125,-1,6,0,0,0
1308,149,154,-1,6,0,0,0
1309,161,170,-1,6,0,0,0
1310,172,-1,-1,4,0,0,0
1311,1301,1302,-1,6,0,0,0
1312,1303,1304,-1,6,0,0,0
1313,1305,1306,-1,6,0,0,0
1314,1307,1308,-1,6,0,0,0
1315,1309,1310,-1,6,0,0,0
1316,195,286,-1,6,0,0,0
1317,264,260,-1,6,0,0,0
1318,453,288,-1,6,0,0,0
1319,496,-1,-1,4,0,0,0
1320,1311,1312,-1,6,0,0,0
1321,1313,1314,-1,6,0,0,0
1322,1315,1316,-1,6,0,0,0
1323,1317,1318,-1,6,0,0,0
1324,1319,687,-1,6,0,0,0
1325,602,-1,-1,4,0,0,0
1326,1320,1321,-1,6,0,0,0
1327,1322,1323,-1,6,0,0,0
1328,1324,1325,-1,6,0,0,0
1329,987,669,-1,6,0,0,0
1330,1326,1327,-1,6,0,0,0
1331,1328,1329,-1,6,0,0,0
1332,1001,-1,-1,4,0,0,0
1333,1330,1331,-1,6,0,0,0
1334,1332,-1,-1,4,0,0,0
1335,1333,1334,-1,6,0,0,0
1336,1,14,-1,6,0,0,0
1337,38,55,-1,6,0,0,0
1338,110,119,-1,6,0,0,0
1339,126,135,-1,6,0,0,0
1340,155,156,-1,6,0,0,0
1341,176,177,-1,6,0,0,0
1342,181,191,-1,6,0,0,0
1343,1336,1337,-1,6,0,0,0
1344,1338,1339,-1,6,0,0,0
1345,1340,1341,-1,6,0,0,0
1346,1342,192,-1,6,0,0,0
1347,237,200,-1,6,0,0,0
1348,284,396,-1,6,0,0,0
1349,1343,1344,-1,6,0,0,0
1350,1345,1346,-1,6,0,0,0
1351,1347,1348,-1,6,0,0,0
1352,552,-1,-1,4,0,0,0
1353,1349,1350,-1,6,0,0,0
1354,1351,1352,-1,6,0,0,0
1355,991,1004,-1,6,0,0,0
1356,1353,1354,-1,6,0,0,0
1357,1355,1069,-1,6,0,0,0
1358,1356,1357,-1,6,0,0,0
1359,34,67,-1,6,0,0,0
1360,74,96,-1,2,0,0,0
1361,98,111,-1,4,0,0,0
1362,113,117,-1,6,0,0,0
1363,130,133,-1,6,0,0,0
1364,134,171,-1,6,0,0,0
1365,178,184,-1,6,0,0,0
1366,1359,1360,-1,6,0,0,0
1367,1361,1362,-1,6,0,0,0
1368,1363,1364,-1,6,0,0,0
1369,1365,279,-1,6,0,0,0
1370,195,261,-1,6,0,0,0
1371,388,456,-1,6,0,0,0
1372,463,288,-1,6,0,0,0
1373,337,490,-1,6,0,0,0
1374,503,504,-1,7,0,0,0
1375,1366,1367,-1,6,0,0,0
1376,1368,1369,-1,6,0,0,0
1377,1370,1371,-1,6,0,0,0
1378,1372,1373,-1,6,0,0,0
1379,1374,581,-1,2,0,0,0
1380,471,425,-1,6,0,0,0
1381,806,-1,-1,4,0,0,0
1382,1375,1376,-1,6,0,0,0
1383,1377,1378,-1,6,0,0,0
1384,1379,1380,-1,6,0,0,0
1385,1381,958,-1,6,0,0,0
1386,1382,1383,-1,6,0,0,0
1387,1384,1385,-1,6,0,0,0
1388,1022,-1,-1,4,0,0,0
1389,1386,1387,-1,6,0,0,0
1390,1388,-1,-1,4,0,0,0
1391,1389,1390,-1,6,0,0,0
1392,96,106,-1,6,0,0,0
1393,173,181,-1,6,0,0,0
1394,1392,1393,-1,6,0,0,0
1395,204,357,-1,2,0,0,0
1396,195,263,-1,6,0,0,0
1397,262,234,-1,6,0,0,0
1398,294,472,-1,6,0,0,0
1399,304,350,-1,6,0,0,0
1400,475,-1,-1,4,0,0,0
1401,1394,1395,-1,6,0,0,0
1402,1396,1397,-1,6,0,0,0
1403,1398,1399,-1,6,0,0,0
1404,1400,596,-1,6,0,0,0
1405,543,554,-1,6,0,0,0
1406,545,-1,-1,4,0,0,0
1407,1401,1402,-1,6,0,0,0
1408,1403,1404,-1,6,0,0,0
1409,1405,1406,-1,6,0,0,0
1410,987,313,-1,6,0,0,0
1411,1407,1408,-1,6,0,0,0
1412,1409,1410,-1,6,0,0,0
1413,1411,1412,-1,6,0,0,0
1414,16,65,-1,6,0,0,0
1415,84,95,-1,6,0,0,0
1416,119,125,-1,6,0,0,0
1417,154,156,-1,4,0,0,0
1418,163,172,-1,6,0,0,0
1419,173,185,-1,6,0,0,0
1420,1414,1415,-1,6,0,0,0
1421,1416,1417,-1,6,0,0,0
1422,1418,1419,-1,6,0,0,0
1423,192,280,-1,6,0,0,0
1424,263,231,-1,6,0,0,0
1425,211,266,-1,6,0,0,0
1426,308,241,-1,6,0,0,0
1427,1420,1421,-1,6,0,0,0
1428,1422,1423,-1,6,0,0,0
1429,1424,1425,-1,6,0,0,0
1430,1426,596,-1,6,0,0,0
1431,554,602,-1,6,0,0,0
1432,748,485,-1,6,0,0,0
1433,1427,1428,-1,6,0,0,0
1434,1429,1430,-1,6,0,0,0
1435,1431,1432,-1,6,0,0,0
1436,603,-1,-1,4,0,0,0
1437,1433,1434,-1,6,0,0,0
1438,1435,1436,-1,6,0,0,0
1439,1049,-1,-1,4,0,0,0
1440,1437,1438,-1,6,0,0,0
1441,1439,-1,-1,4,0,0,0
1442,1440,1441,-1,6,0,0,0
1443,11,43,-1,7,0,0,0
1444,59,69,-1,7,0,0,0
1445,103,115,-1,2,0,0,0
1446,178,187,-1,4,0,0,0
1447,1443,1444,-1,7,0,0,0
1448,1445,1446,-1,6,0,0,0
1449,192,218,-1,7,0,0,0
1450,305,453,-1,7,0,0,0
1451,506,386,-1,6,0,0,0
1452,474,461,-1,4,0,0,0
1453,504,-1,-1,4,0,0,0
1454,1447,1448,-1,2,0,0,0
1455,1449,1450,-1,7,0,0,0
1456,1451,1452,-1,6,0,0,0
1457,1453,532,-1,4,0,0,0
1458,534,560,-1,7,0,0,0
1459,336,502,-1,7,0,0,0
1460,665,-1,-1,4,0,0,0
1461,1454,1455,-1,4,0,0,0
1462,1456,1457,-1,6,0,0,0
1463,1458,1459,-1,7,0,0,0
1464,1460,478,-1,4,0,0,0
1465,1461,1462,-1,6,0,0,0
1466,1463,1464,-1,2,0,0,0
1467,1132,-1,-1,4,0,0,0
1468,1465,1466,-1,6,0,0,0
1469,1467,-1,-1,4,0,0,0
1470,1468,1469,-1,6,0,0,0
1471,11,14,-1,6,0,0,0
1472,20,21,-1,6,0,0,0
1473,39,41,-1,6,0,0,0
1474,44,69,-1,6,0,0,0
1475,72,84,-1,6,0,0,0
1476,85,119,-1,6,0,0,0
1477,126,132,-1,6,0,0,0
1478,169,183,-1,6,0,0,0
1479,188,-1,-1,4,0,0,0
1480,1471,1472,-1,6,0,0,0
1481,1473,1474,-1,6,0,0,0
1482,1475,1476,-1,6,0,0,0
1483,1477,1478,-1,6,0,0,0
1484,1479,279,-1,6,0,0,0
1485,286,475,-1,6,0,0,0
1486,308,398,-1,6,0,0,0
1487,1480,1481,-1,6,0,0,0
1488,1482,1483,-1,6,0,0,0
1489,1484,1485,-1,6,0,0,0
1490,1486,471,-1,6,0,0,0
1491,589,481,-1,6,0,0,0
1492,1487,1488,-1,6,0,0,0
1493,1489,1490,-1,6,0,0,0
1494,1491,669,-1,6,0,0,0
1495,1492,1493,-1,6,0,0,0
1496,1494,993,-1,6,0,0,0
1497,1022,-1,-1,4,0,0,0
1498,1495,1496,-1,6,0,0,0
1499,1497,1030,-1,6,0,0,0
1500,1498,1499,-1,6,0,0,0
1501,1,29,-1,6,0,0,0
1502,41,52,-1,6,0,0,0
1503,58,65,-1,6,0,0,0
1504,74,78,-1,6,0,0,0
1505,94,95,-1,6,0,0,0
1506,105,116,-1,6,0,0,0
1507,128,146,-1,6,0,0,0
1508,148,150,-1,6,0,0,0
1509,1501,1502,-1,6,0,0,0
1510,1503,1504,-1,6,0,0,0
1511,1505,1506,-1,6,0,0,0
1512,1507,1508,-1,6,0,0,0
1513,225,228,-1,6,0,0,0
1514,258,305,-1,6,0,0,0
1515,432,448,-1,2,0,0,0
1516,415,-1,-1,4,0,0,0
1517,1509,1510,-1,6,0,0,0
1518,1511,1512,-1,6,0,0,0
1519,1513,1514,-1,6,0,0,0
1520,1515,1516,-1,6,0,0,0
1521,547,460,-1,6,0,0,0
1522,1517,1518,-1,6,0,0,0
1523,1519,1520,-1,6,0,0,0
1524,1521,959,-1,6,0,0,0
1525,1522,1523,-1,6,0,0,0
1526,1524,-1,-1,4,0,0,0
1527,1525,1526,-1,6,0,0,0
1528,9,10,-1,6,0,0,0
1529,107,113,-1,6,0,0,0
1530,117,158,-1,6,0,0,0
1531,171,-1,-1,4,0,0,0
1532,1528,1529,-1,6,0,0,0
1533,1530,1531,-1,6,0,0,0
1534,286,319,-1,6,0,0,0
1535,263,287,-1,6,0,0,0
1536,265,497,-1,6,0,0,0
1537,506,491,-1,6,0,0,0
1538,1532,1533,-1,6,0,0,0
1539,1534,1535,-1,6,0,0,0
1540,1536,1537,-1,6,0,0,0
1541,571,562,-1,6,0,0,0
1542,549,481,-1,6,0,0,0
1543,487,-1,-1,4,0,0,0
1544,1538,1539,-1,6,0,0,0
1545,1540,1541,-1,6,0,0,0
1546,1542,1543,-1,6,0,0,0
1547,1544,1545,-1,6,0,0,0
1548,1546,993,-1,6,0,0,0
1549,1547,1548,-1,6,0,0,0
1550,30,57,-1,6,0,0,0
1551,96,115,-1,6,0,0,0
1552,120,135,-1,6,0,0,0
1553,153,-1,-1,4,0,0,0
1554,1550,1551,-1,6,0,0,0
1555,1552,1553,-1,6,0,0,0
1556,223,196,-1,2,0,0,0
1557,262,287,-1,6,0,0,0
1558,310,456,-1,6,0,0,0
1559,294,347,-1,6,0,0,0
1560,447,268,-1,6,0,0,0
1561,498,-1,-1,4,0,0,0
1562,1554,1555,-1,6,0,0,0
1563,1556,1557,-1,6,0,0,0
1564,1558,1559,-1,6,0,0,0
1565,1560,1561,-1,6,0,0,0
1566,589,594,-1,6,0,0,0
1567,1562,1563,-1,6,0,0,0
1568,1564,1565,-1,6,0,0,0
1569,1566,991,-1,6,0,0,0
1570,631,587,-1,6,0,0,0
1571,567,733,-1,6,0,0,0
1572,1567,1568,-1,6,0,0,0
1573,1569,1570,-1,6,0,0,0
1574,1571,-1,-1,4,0,0,0
1575,1572,1573,-1,6,0,0,0
1576,1574,-1,-1,4,0,0,0
1577,1575,1576,-1,6,0,0,0
1578,0,2,-1,6,0,0,0
1579,3,32,-1,6,0,0,0
1580,45,50,-1,6,0,0,0
1581,53,73,-1,6,0,0,0
1582,74,90,-1,6,0,0,0
1583,92,108,-1,6,0,0,0
1584,122,123,-1,6,0,0,0
1585,154,157,-1,6,0,0,0
1586,167,168,-1,6,0,0,0
1587,175,187,-1,6,0,0,0
1588,1578,1579,-1,6,0,0,0
1589,1580,1581,-1,6,0,0,0
1590,1582,1583,-1,6,0,0,0
1591,1584,1585,-1,6,0,0,0
1592,1586,1587,-1,6,0,0,0
1593,220,261,-1,6,0,0,0
1594,231,228,-1,6,0,0,0
1595,264,242,-1,6,0,0,0
1596,306,235,-1,6,0,0,0
1597,456,294,-1,6,0,0,0
1598,497,446,-1,6,0,0,0
1599,496,512,-1,6,0,0,0
1600,1588,1589,-1,6,0,0,0
1601,1590,1591,-1,6,0,0,0
1602,1592,1593,-1,6,0,0,0
1603,1594,1595,-1,6,0,0,0
1604,1596,1597,-1,6,0,0,0
1605,1598,1599,-1,6,0,0,0
1606,545,450,-1,6,0,0,0
1607,1600,1601,-1,6,0,0,0
1608,1602,1603,-1,6,0,0,0
1609,1604,1605,-1,6,0,0,0
1610,1606,1004,-1,6,0,0,0
1611,313,738,-1,6,0,0,0
1612,1607,1608,-1,6,0,0,0
1613,1609,1610,-1,6,0,0,0
1614,1611,-1,-1,4,0,0,0
1615,1612,1613,-1,6,0,0,0
1616,1614,-1,-1,4,0,0,0
1617,1615,1616,-1,6,0,0,0
1618,2,24,-1,6,0,0,0
1619,33,148,-1,6,0,0,0
1620,156,159,-1,6,0,0,0
1621,165,171,-1,6,0,0,0
1622,175,-1,-1,4,0,0,0
1623,1618,1619,-1,6,0,0,0
1624,1620,1621,-1,6,0,0,0
1625,1622,259,-1,6,0,0,0
1626,263,472,-1,6,0,0,0
1627,284,265,-1,6,0,0,0
1628,402,514,-1,4,0,0,0
1629,1623,1624,-1,6,0,0,0
1630,1625,1626,-1,6,0,0,0
1631,1627,1628,-1,6,0,0,0
1632,596,549,-1,6,0,0,0
1633,481,-1,-1,4,0,0,0
1634,1629,1630,-1,6,0,0,0
1635,1631,1632,-1,6,0,0,0
1636,1633,631,-1,6,0,0,0
1637,731,-1,-1,7,0,0,0
1638,1634,1635,-1,6,0,0,0
1639,1636,1637,-1,4,0,0,0
1640,993,579,-1,6,0,0,0
1641,1638,1639,-1,6,0,0,0
1642,1640,-1,-1,4,0,0,0
1643,1641,1642,-1,6,0,0,0
1644,23,-1,-1,4,0,0,0
1645,1644,-1,-1,4,0,0,0
1646,1645,-1,-1,4,0,0,0
1647,1646,939,-1,4,0,0,0
1648,78,-1,-1,4,0,0,0
1649,1648,-1,-1,4,0,0,0
1650,1649,-1,-1,4,0,0,0
1651,1650,942,-1,4,0,0,0
1652,524,-1,-1,4,0,0,0
1653,1652,944,-1,4,0,0,0
1654,949,952,-1,4,0,0,0
1655,955,958,-1,4,0,0,0
1656,12,25,-1,6,0,0,0
1657,32,44,-1,6,0,0,0
1658,104,134,-1,6,0,0,0
1659,149,155,-1,6,0,0,0
1660,161,175,-1,6,0,0,0
1661,189,-1,-1,4,0,0,0
1662,1656,1657,-1,6,0,0,0
1663,1658,1659,-1,6,0,0,0
1664,1660,1661,-1,6,0,0,0
1665,225,226,-1,6,0,0,0
1666,234,236,-1,6,0,0,0
1667,241,-1,-1,4,0,0,0
1668,1662,1663,-1,6,0,0,0
1669,1664,1665,-1,6,0,0,0
1670,1666,1667,-1,6,0,0,0
1671,538,539,-1,6,0,0,0
1672,540,545,-1,6,0,0,0
1673,547,549,-1,6,0,0,0
1674,550,552,-1,6,0,0,0
1675,1668,1669,-1,6,0,0,0
1676,1670,1671,-1,6,0,0,0
1677,1672,1673,-1,6,0,0,0
1678,1674,959,-1,6,0,0,0
1679,961,-1,-1,4,0,0,0
1680,1675,1676,-1,6,0,0,0
1681,1677,1678,-1,6,0,0,0
1682,1679,-1,-1,4,0,0,0
1683,1680,1681,-1,6,0,0,0
1684,1682,-1,-1,4,0,0,0
1685,1683,1684,-1,6,0,0,0
1686,260,-1,-1,4,0,0,0
1687,1686,-1,-1,4,0,0,0
1688,1687,988,-1,6,0,0,0
1689,991,-1,-1,4,0,0,0
1690,1689,993,-1,6,0,0,0
1691,285,-1,-1,4,0,0,0
1692,1691,-1,-1,4,0,0,0
1693,1692,1004,-1,4,0,0,0
1694,25,57,-1,6,0,0,0
1695,60,85,-1,6,0,0,0
1696,86,98,-1,6,0,0,0
1697,107,122,-1,6,0,0,0
1698,123,127,-1,6,0,0,0
1699,135,137,-1,6,0,0,0
1700,158,164,-1,4,0,0,0
1701,171,182,-1,6,0,0,0
1702,190,-1,-1,4,0,0,0
1703,1694,1695,-1,6,0,0,0
1704,1696,1697,-1,6,0,0,0
1705,1698,1699,-1,6,0,0,0
1706,1700,1701,-1,6,0,0,0
1707,1702,279,-1,6,0,0,0
1708,196,231,-1,6,0,0,0
1709,294,267,-1,6,0,0,0
1710,295,300,-1,6,0,0,0
1711,301,-1,-1,4,0,0,0
1712,1703,1704,-1,6,0,0,0
1713,1705,1706,-1,6,0,0,0
1714,1707,1708,-1,6,0,0,0
1715,1709,1710,-1,6,0,0,0
1716,1711,274,-1,6,0,0,0
1717,563,589,-1,6,0,0,0
1718,594,-1,-1,4,0,0,0
1719,1712,1713,-1,6,0,0,0
1720,1714,1715,-1,6,0,0,0
1721,1716,1717,-1,6,0,0,0
1722,1718,592,-1,6,0,0,0
1723,1719,1720,-1,6,0,0,0
1724,1721,1722,-1,6,0,0,0
1725,1022,-1,-1,4,0,0,0
1726,1723,1724,-1,6,0,0,0
1727,1725,-1,-1,4,0,0,0
1728,1726,1727,-1,6,0,0,0
1729,2,14,-1,6,0,0,0
1730,19,23,-1,6,0,0,0
1731,58,60,-1,6,0,0,0
1732,63,64,-1,6,0,0,0
1733,67,73,-1,6,0,0,0
1734,81,90,-1,6,0,0,0
1735,94,108,-1,6,0,0,0
1736,138,148,-1,6,0,0,0
1737,150,163,-1,6,0,0,0
1738,168,175,-1,6,0,0,0
1739,177,180,-1,6,0,0,0
1740,183,185,-1,6,0,0,0
1741,191,-1,-1,4,0,0,0
1742,1729,1730,-1,6,0,0,0
1743,1731,1732,-1,6,0,0,0
1744,1733,1734,-1,6,0,0,0
1745,1735,1736,-1,6,0,0,0
1746,1737,1738,-1,6,0,0,0
1747,1739,1740,-1,6,0,0,0
1748,1741,244,-1,6,0,0,0
1749,235,238,-1,6,0,0,0
1750,265,236,-1,6,0,0,0
1751,304,266,-1,6,0,0,0
1752,308,-1,-1,4,0,0,0
1753,1742,1743,-1,6,0,0,0
1754,1744,1745,-1,6,0,0,0
1755,1746,1747,-1,6,0,0,0
1756,1748,1749,-1,6,0,0,0
1757,1750,1751,-1,6,0,0,0
1758,1752,596,-1,6,0,0,0
1759,276,562,-1,6,0,0,0
1760,545,598,-1,6,0,0,0
1761,602,291,-1,6,0,0,0
1762,1753,1754,-1,6,0,0,0
1763,1755,1756,-1,6,0,0,0
1764,1757,1758,-1,6,0,0,0
1765,1759,1760,-1,6,0,0,0
1766,1761,1004,-1,6,0,0,0
1767,1024,-1,-1,4,0,0,0
1768,1762,1763,-1,6,0,0,0
1769,1764,1765,-1,6,0,0,0
1770,1766,1767,-1,6,0,0,0
1771,1027,-1,-1,4,0,0,0
1772,1768,1769,-1,6,0,0,0
1773,1770,1771,-1,6,0,0,0
1774,1772,1773,-1,6,0,0,0
1775,313,-1,-1,4,0,0,0
1776,1775,1688,-1,6,0,0,0
1777,628,1042,-1,4,0,0,0
1778,75,-1,-1,4,0,0,0
1779,1778,-1,-1,4,0,0,0
1780,1779,-1,-1,4,0,0,0
1781,1780,-1,-1,4,0,0,0
1782,1781,1045,-1,4,0,0,0
1783,1049,1053,-1,4,0,0,0
1784,1060,-1,-1,7,0,0,0
1785,1784,1059,-1,2,0,0,0
1786,515,-1,-1,4,0,0,0
1787,1786,1061,-1,4,0,0,0
1788,723,-1,-1,7,0,0,0
1789,1788,-1,-1,7,0,0,0
1790,1789,1776,-1,2,0,0,0
1791,22,24,-1,4,0,0,0
1792,90,93,-1,6,0,0,0
1793,109,177,-1,6,0,0,0
1794,185,-1,-1,4,0,0,0
1795,1791,1792,-1,6,0,0,0
1796,1793,1794,-1,6,0,0,0
1797,230,242,-1,6,0,0,0
1798,305,410,-1,6,0,0,0
1799,308,396,-1,6,0,0,0
1800,411,412,-1,2,0,0,0
1801,1795,1796,-1,6,0,0,0
1802,1797,1798,-1,6,0,0,0
1803,1799,1800,-1,6,0,0,0
1804,596,671,-1,6,0,0,0
1805,540,735,-1,6,0,0,0
1806,1801,1802,-1,6,0,0,0
1807,1803,1804,-1,6,0,0,0
1808,1805,987,-1,6,0,0,0
1809,1806,1807,-1,6,0,0,0
1810,1808,1066,-1,4,0,0,0
1811,1809,1810,-1,6,0,0,0
1812,18,-1,-1,4,0,0,0
1813,1812,-1,-1,4,0,0,0
1814,1813,-1,-1,4,0,0,0
1815,1814,-1,-1,4,0,0,0
1816,1815,1069,-1,4,0,0,0
1817,33,-1,-1,4,0,0,0
1818,1817,-1,-1,4,0,0,0
1819,1818,-1,-1,4,0,0,0
1820,1819,-1,-1,4,0,0,0
1821,1820,-1,-1,4,0,0,0
1822,1821,-1,-1,4,0,0,0
1823,1822,1790,-1,4,0,0,0
1824,132,138,-1,7,0,0,0
1825,157,172,-1,2,0,0,0
1826,1824,1825,-1,2,0,0,0
1827,309,266,-1,7,0,0,0
1828,1826,1827,-1,4,0,0,0
1829,431,748,-1,7,0,0,0
1830,1828,1829,-1,4,0,0,0
1831,558,1004,-1,7,0,0,0
1832,1830,1831,-1,4,0,0,0
1833,1049,1022,-1,7,0,0,0
1834,1027,684,-1,7,0,0,0
1835,1832,1833,-1,4,0,0,0
1836,1834,1690,-1,7,0,0,0
1837,1776,-1,-1,7,0,0,0
1838,1835,1836,-1,4,0,0,0
1839,1837,-1,-1,7,0,0,0
1840,1838,1839,-1,4,0,0,0
1841,440,-1,-1,7,0,0,0
1842,1841,-1,-1,7,0,0,0
1843,1842,-1,-1,7,0,0,0
1844,1843,1078,-1,2,0,0,0
1845,445,-1,-1,7,0,0,0
1846,1845,-1,-1,7,0,0,0
1847,1846,-1,-1,7,0,0,0
1848,1847,-1,-1,7,0,0,0
1849,1848,1785,-1,2,0,0,0
1850,450,-1,-1,4,0,0,0
1851,1850,-1,-1,4,0,0,0
1852,1851,1136,-1,4,0,0,0
1853,14,21,-1,6,0,0,0
1854,45,63,-1,6,0,0,0
1855,123,185,-1,4,0,0,0
1856,1853,1854,-1,6,0,0,0
1857,1855,204,-1,6,0,0,0
1858,208,218,-1,2,0,0,0
1859,261,303,-1,6,0,0,0
1860,456,284,-1,2,0,0,0
1861,371,461,-1,2,0,0,0
1862,1856,1857,-1,6,0,0,0
1863,1858,1859,-1,6,0,0,0
1864,1860,1861,-1,6,0,0,0
1865,596,458,-1,4,0,0,0
1866,392,460,-1,7,0,0,0
1867,776,-1,-1,7,0,0,0
1868,1862,1863,-1,6,0,0,0
1869,1864,1865,-1,6,0,0,0
1870,1866,1867,-1,7,0,0,0
1871,942,-1,-1,7,0,0,0
1872,1868,1869,-1,6,0,0,0
1873,1870,1871,-1,7,0,0,0
1874,1654,775,-1,6,0,0,0
1875,1787,-1,-1,4,0,0,0
1876,1872,1873,-1,4,0,0,0
1877,1874,1875,-1,6,0,0,0
1878,1876,1877,-1,6,0,0,0
1879,278,-1,-1,4,0,0,0
1880,1879,-1,-1,4,0,0,0
1881,1880,-1,-1,4,0,0,0
1882,1881,-1,-1,4,0,0,0
1883,1882,1690,-1,6,0,0,0
1884,48,70,-1,6,0,0,0
1885,83,97,-1,6,0,0,0
1886,99,107,-1,6,0,0,0
1887,115,142,-1,6,0,0,0
1888,165,-1,-1,4,0,0,0
1889,1884,1885,-1,6,0,0,0
1890,1886,1887,-1,6,0,0,0
1891,1888,320,-1,6,0,0,0
1892,303,314,-1,6,0,0,0
1893,294,447,-1,6,0,0,0
1894,315,248,-1,2,0,0,0
1895,1889,1890,-1,6,0,0,0
1896,1891,1892,-1,6,0,0,0
1897,1893,1894,-1,6,0,0,0
1898,344,471,-1,6,0,0,0
1899,589,-1,-1,4,0,0,0
1900,1895,1896,-1,6,0,0,0
1901,1897,1898,-1,6,0,0,0
1902,1899,958,-1,6,0,0,0
1903,1900,1901,-1,6,0,0,0
1904,1902,-1,-1,4,0,0,0
1905,1903,1904,-1,6,0,0,0
1906,1905,1883,-1,6,0,0,0
1907,10,12,-1,6,0,0,0
1908,36,55,-1,6,0,0,0
1909,121,132,-1,6,0,0,0
1910,138,164,-1,6,0,0,0
1911,181,-1,-1,4,0,0,0
1912,1907,1908,-1,6,0,0,0
1913,1909,1910,-1,6,0,0,0
1914,1911,259,-1,6,0,0,0
1915,261,304,-1,2,0,0,0
1916,497,498,-1,4,0,0,0
1917,1912,1913,-1,6,0,0,0
1918,1914,1915,-1,6,0,0,0
1919,1916,-1,-1,4,0,0,0
1920,1917,1918,-1,6,0,0,0
1921,1919,-1,-1,4,0,0,0
1922,1920,1921,-1,6,0,0,0
1923,1922,1816,-1,4,0,0,0
1924,27,68,-1,2,0,0,0
1925,116,119,-1,4,0,0,0
1926,129,132,-1,6,0,0,0
1927,136,145,-1,2,0,0,0
1928,153,161,-1,6,0,0,0
1929,165,179,-1,2,0,0,0
1930,188,-1,-1,4,0,0,0
1931,1924,1925,-1,6,0,0,0
1932,1926,1927,-1,6,0,0,0
1933,1928,1929,-1,6,0,0,0
1934,1930,259,-1,6,0,0,0
1935,278,226,-1,7,0,0,0
1936,388,233,-1,7,0,0,0
1937,306,432,-1,6,0,0,0
1938,246,499,-1,4,0,0,0
1939,500,-1,-1,4,0,0,0
1940,1931,1932,-1,6,0,0,0
1941,1933,1934,-1,6,0,0,0
1942,1935,1936,-1,7,0,0,0
1943,1937,1938,-1,6,0,0,0
1944,1939,728,-1,4,0,0,0
1945,365,427,-1,6,0,0,0
1946,502,254,-1,6,0,0,0
1947,1940,1941,-1,6,0,0,0
1948,1942,1943,-1,2,0,0,0
1949,1944,1945,-1,6,0,0,0
1950,1946,942,-1,6,0,0,0
1951,1036,837,-1,6,0,0,0
1952,1947,1948,-1,6,0,0,0
1953,1949,1950,-1,6,0,0,0
1954,1951,1045,-1,6,0,0,0
1955,1060,-1,-1,4,0,0,0
1956,1952,1953,-1,6,0,0,0
1957,1954,1955,-1,6,0,0,0
1958,1956,1957,-1,6,0,0,0
1959,1844,-1,-1,4,0,0,0
1960,1958,1959,-1,6,0,0,0
1961,22,67,-1,7,0,0,0
1962,121,137,-1,7,0,0,0
1963,141,143,-1,7,0,0,0
1964,147,156,-1,7,0,0,0
1965,170,-1,-1,7,0,0,0
1966,1961,1962,-1,7,0,0,0
1967,1963,1964,-1,7,0,0,0
1968,1965,322,-1,7,0,0,0
1969,374,210,-1,7,0,0,0
1970,448,318,-1,7,0,0,0
1971,1966,1967,-1,7,0,0,0
1972,1968,1969,-1,7,0,0,0
1973,1970,538,-1,7,0,0,0
1974,530,581,-1,6,0,0,0
1975,521,346,-1,2,0,0,0
1976,511,329,-1,7,0,0,0
1977,767,776,-1,2,0,0,0
1978,283,672,-1,6,0,0,0
1979,1971,1972,-1,7,0,0,0
1980,1973,1974,-1,2,0,0,0
1981,1975,1976,-1,4,0,0,0
1982,1977,1978,-1,6,0,0,0
1983,952,489,-1,6,0,0,0
1984,509,-1,-1,7,0,0,0
1985,1979,1980,-1,2,0,0,0
1986,1981,1982,-1,6,0,0,0
1987,1983,1984,-1,4,0,0,0
1988,1985,1986,-1,6,0,0,0
1989,1987,1852,-1,4,0,0,0
1990,1988,1989,-1,6,0,0,0
1991,7,18,-1,7,0,0,0
1992,50,80,-1,2,0,0,0
1993,109,143,-1,7,0,0,0
1994,152,169,-1,7,0,0,0
1995,1991,1992,-1,2,0,0,0
1996,1993,1994,-1,7,0,0,0
1997,209,319,-1,7,0,0,0
1998,305,351,-1,2,0,0,0
1999,1995,1996,-1,4,0,0,0
2000,1997,1998,-1,2,0,0,0
2001,581,469,-1,7,0,0,0
2002,384,436,-1,4,0,0,0
2003,1999,2000,-1,6,0,0,0
2004,2001,2002,-1,2,0,0,0
2005,837,771,-1,2,0,0,0
2006,2003,2004,-1,6,0,0,0
2007,2005,1653,-1,4,0,0,0
2008,2006,2007,-1,6,0,0,0
2009,1030,-1,-1,7,0,0,0
2010,2008,2009,-1,4,0,0,0
2011,1883,-1,-1,7,0,0,0
2012,2010,2011,-1,4,0,0,0
2013,1823,-1,-1,4,0,0,0
2014,2012,2013,-1,6,0,0,0
2015,15,19,-1,2,0,0,0
2016,36,69,-1,7,0,0,0
2017,132,160,-1,4,0,0,0
2018,2015,2016,-1,4,0,0,0
2019,2017,320,-1,4,0,0,0
2020,220,208,-1,7,0,0,0
2021,357,263,-1,4,0,0,0
2022,456,446,-1,7,0,0,0
2023,506,354,-1,7,0,0,0
2024,500,358,-1,7,0,0,0
2025,2018,2019,-1,6,0,0,0
2026,2020,2021,-1,2,0,0,0
2027,2022,2023,-1,7,0,0,0
2028,2024,-1,-1,7,0,0,0
2029,2025,2026,-1,6,0,0,0
2030,2027,2028,-1,7,0,0,0
2031,959,805,-1,6,0,0,0
2032,592,608,-1,2,0,0,0
2033,1055,-1,-1,4,0,0,0
2034,2029,2030,-1,4,0,0,0
2035,2031,2032,-1,6,0,0,0
2036,2033,1655,-1,4,0,0,0
2037,1040,741,-1,2,0,0,0
2038,746,-1,-1,4,0,0,0
2039,2034,2035,-1,6,0,0,0
2040,2036,2037,-1,6,0,0,0
2041,2038,-1,-1,4,0,0,0
2042,2039,2040,-1,6,0,0,0
2043,2041,-1,-1,4,0,0,0
2044,2042,2043,-1,6,0,0,0
2045,2,6,-1,6,0,0,0
2046,16,18,-1,6,0,0,0
2047,25,32,-1,6,0,0,0
2048,34,35,-1,6,0,0,0
2049,39,57,-1,6,0,0,0
2050,59,67,-1,6,0,0,0
2051,68,84,-1,6,0,0,0
2052,86,107,-1,6,0,0,0
2053,111,124,-1,6,0,0,0
2054,127,140,-1,6,0,0,0
2055,161,163,-1,6,0,0,0
2056,174,-1,-1,4,0,0,0
2057,2045,2046,-1,6,0,0,0
2058,2047,2048,-1,6,0,0,0
2059,2049,2050,-1,6,0,0,0
2060,2051,2052,-1,6,0,0,0
2061,2053,2054,-1,6,0,0,0
2062,2055,2056,-1,6,0,0,0
2063,259,227,-1,6,0,0,0
2064,231,314,-1,6,0,0,0
2065,368,234,-1,6,0,0,0
2066,294,472,-1,6,0,0,0
2067,296,265,-1,6,0,0,0
2068,371,-1,-1,4,0,0,0
2069,2057,2058,-1,6,0,0,0
2070,2059,2060,-1,6,0,0,0
2071,2061,2062,-1,6,0,0,0
2072,2063,2064,-1,6,0,0,0
2073,2065,2066,-1,6,0,0,0
2074,2067,2068,-1,6,0,0,0
2075,573,282,-1,6,0,0,0
2076,554,471,-1,6,0,0,0
2077,250,594,-1,6,0,0,0
2078,2069,2070,-1,6,0,0,0
2079,2071,2072,-1,6,0,0,0
2080,2073,2074,-1,6,0,0,0
2081,2075,2076,-1,6,0,0,0
2082,2077,991,-1,6,0,0,0
2083,631,1024,-1,6,0,0,0
2084,567,489,-1,6,0,0,0
2085,2078,2079,-1,6,0,0,0
2086,2080,2081,-1,6,0,0,0
2087,2082,2083,-1,6,0,0,0
2088,2084,1688,-1,6,0,0,0
2089,1022,-1,-1,4,0,0,0
2090,2085,2086,-1,6,0,0,0
2091,2087,2088,-1,6,0,0,0
2092,2089,-1,-1,4,0,0,0
2093,2090,2091,-1,6,0,0,0
2094,2092,-1,-1,4,0,0,0
2095,2093,2094,-1,6,0,0,0
2096,30,37,-1,6,0,0,0
2097,40,102,-1,6,0,0,0
2098,114,129,-1,6,0,0,0
2099,138,160,-1,6,0,0,0
2100,182,191,-1,6,0,0,0
2101,2096,2097,-1,6,0,0,0
2102,2098,2099,-1,6,0,0,0
2103,2100,279,-1,6,0,0,0
2104,244,196,-1,6,0,0,0
2105,374,294,-1,6,0,0,0
2106,472,211,-1,6,0,0,0
2107,304,347,-1,6,0,0,0
2108,371,248,-1,6,0,0,0
2109,317,402,-1,6,0,0,0
2110,272,241,-1,6,0,0,0
2111,499,-1,-1,4,0,0,0
2112,2101,2102,-1,6,0,0,0
2113,2103,2104,-1,6,0,0,0
2114,2105,2106,-1,6,0,0,0
2115,2107,2108,-1,6,0,0,0
2116,2109,2110,-1,6,0,0,0
2117,2111,538,-1,6,0,0,0
2118,573,539,-1,6,0,0,0
2119,562,605,-1,6,0,0,0
2120,471,547,-1,6,0,0,0
2121,687,-1,-1,4,0,0,0
2122,2112,2113,-1,6,0,0,0
2123,2114,2115,-1,6,0,0,0
2124,2116,2117,-1,6,0,0,0
2125,2118,2119,-1,6,0,0,0
2126,2120,2121,-1,6,0,0,0
2127,587,1024,-1,6,0,0,0
2128,489,769,-1,6,0,0,0
2129,2122,2123,-1,6,0,0,0
2130,2124,2125,-1,6,0,0,0
2131,2126,2127,-1,6,0,0,0
2132,2128,1027,-1,6,0,0,0
2133,1066,-1,-1,7,0,0,0
2134,2129,2130,-1,6,0,0,0
2135,2131,2132,-1,6,0,0,0
2136,2133,1776,-1,2,0,0,0
2137,2134,2135,-1,6,0,0,0
2138,2136,-1,-1,4,0,0,0
2139,2137,2138,-1,6,0,0,0
2140,71,121,-1,6,0,0,0
2141,141,147,-1,6,0,0,0
2142,157,164,-1,2,0,0,0
2143,182,-1,-1,4,0,0,0
2144,2140,2141,-1,6,0,0,0
2145,2142,2143,-1,6,0,0,0
2146,197,242,-1,4,0,0,0
2147,453,347,-1,7,0,0,0
2148,513,514,-1,4,0,0,0
2149,2144,2145,-1,6,0,0,0
2150,2146,2147,-1,4,0,0,0
2151,2148,611,-1,6,0,0,0
2152,521,540,-1,4,0,0,0
2153,381,458,-1,6,0,0,0
2154,394,-1,-1,4,0,0,0
2155,2149,2150,-1,6,0,0,0
2156,2151,2152,-1,6,0,0,0
2157,2153,2154,-1,6,0,0,0
2158,689,567,-1,4,0,0,0
2159,2155,2156,-1,6,0,0,0
2160,2157,2158,-1,6,0,0,0
2161,1688,1001,-1,7,0,0,0
2162,726,-1,-1,7,0,0,0
2163,2159,2160,-1,6,0,0,0
2164,2161,2162,-1,7,0,0,0
2165,1783,997,-1,7,0,0,0
2166,2163,2164,-1,4,0,0,0
2167,2165,1883,-1,7,0,0,0
2168,2166,2167,-1,4,0,0,0
2169,177,-1,-1,4,0,0,0
2170,2169,-1,-1,4,0,0,0
2171,2170,-1,-1,4,0,0,0
2172,2171,-1,-1,4,0,0,0
2173,2172,1651,-1,4,0,0,0
2174,946,-1,-1,4,0,0,0
2175,2174,1654,-1,4,0,0,0
2176,221,-1,-1,4,0,0,0
2177,2176,-1,-1,4,0,0,0
2178,2177,-1,-1,4,0,0,0
2179,2178,1655,-1,6,0,0,0
2180,569,-1,-1,4,0,0,0
2181,2180,-1,-1,4,0,0,0
2182,2181,-1,-1,4,0,0,0
2183,2182,1690,-1,6,0,0,0
2184,1001,1693,-1,4,0,0,0
2185,12,17,-1,6,0,0,0
2186,53,72,-1,6,0,0,0
2187,150,157,-1,6,0,0,0
2188,161,166,-1,7,0,0,0
2189,174,-1,-1,7,0,0,0
2190,2185,2186,-1,6,0,0,0
2191,2187,2188,-1,4,0,0,0
2192,2189,218,-1,2,0,0,0
2193,299,309,-1,4,0,0,0
2194,221,271,-1,2,0,0,0
2195,306,310,-1,2,0,0,0
2196,315,316,-1,4,0,0,0
2197,317,251,-1,4,0,0,0
2198,318,-1,-1,4,0,0,0
2199,2190,2191,-1,6,0,0,0
2200,2192,2193,-1,6,0,0,0
2201,2194,2195,-1,6,0,0,0
2202,2196,2197,-1,6,0,0,0
2203,2198,562,-1,4,0,0,0
2204,270,609,-1,7,0,0,0
2205,2199,2200,-1,6,0,0,0
2206,2201,2202,-1,6,0,0,0
2207,2203,2204,-1,4,0,0,0
2208,944,608,-1,4,0,0,0
2209,2205,2206,-1,6,0,0,0
2210,2207,2208,-1,6,0,0,0
2211,2209,2210,-1,6,0,0,0
2212,1776,1030,-1,7,0,0,0
2213,2184,-1,-1,7,0,0,0
2214,2211,2212,-1,4,0,0,0
2215,2213,2183,-1,7,0,0,0
2216,2214,2215,-1,4,0,0,0
2217,624,-1,-1,4,0,0,0
2218,2217,1777,-1,6,0,0,0
2219,4,47,-1,6,0,0,0
2220,71,93,-1,7,0,0,0
2221,107,142,-1,4,0,0,0
2222,168,169,-1,7,0,0,0
2223,171,183,-1,4,0,0,0
2224,2219,2220,-1,4,0,0,0
2225,2221,2222,-1,4,0,0,0
2226,2223,319,-1,4,0,0,0
2227,325,350,-1,2,0,0,0
2228,316,351,-1,4,0,0,0
2229,352,353,-1,6,0,0,0
2230,354,358,-1,2,0,0,0
2231,2224,2225,-1,6,0,0,0
2232,2226,2227,-1,6,0,0,0
2233,2228,2229,-1,6,0,0,0
2234,2230,556,-1,6,0,0,0
2235,349,552,-1,4,0,0,0
2236,250,356,-1,2,0,0,0
2237,360,361,-1,4,0,0,0
2238,665,-1,-1,4,0,0,0
2239,2231,2232,-1,6,0,0,0
2240,2233,2234,-1,6,0,0,0
2241,2235,2236,-1,6,0,0,0
2242,2237,2238,-1,6,0,0,0
2243,664,666,-1,6,0,0,0
2244,2239,2240,-1,6,0,0,0
2245,2241,2242,-1,6,0,0,0
2246,2243,-1,-1,4,0,0,0
2247,2244,2245,-1,6,0,0,0
2248,2246,1782,-1,4,0,0,0
2249,2247,2248,-1,6,0,0,0
2250,10,39,-1,7,0,0,0
2251,45,47,-1,4,0,0,0
2252,82,85,-1,7,0,0,0
2253,159,184,-1,7,0,0,0
2254,2250,2251,-1,2,0,0,0
2255,2252,2253,-1,7,0,0,0
2256,263,260,-1,7,0,0,0
2257,368,-1,-1,7,0,0,0
2258,2254,2255,-1,4,0,0,0
2259,2256,2257,-1,7,0,0,0
2260,672,-1,-1,4,0,0,0
2261,2258,2259,-1,4,0,0,0
2262,2260,558,-1,4,0,0,0
2263,313,669,-1,7,0,0,0
2264,1055,-1,-1,7,0,0,0
2265,2261,2262,-1,6,0,0,0
2266,2263,2264,-1,7,0,0,0
2267,1001,-1,-1,7,0,0,0
2268,2265,2266,-1,4,0,0,0
2269,2267,1783,-1,7,0,0,0
2270,2268,2269,-1,4,0,0,0
2271,2183,-1,-1,7,0,0,0
2272,2270,2271,-1,4,0,0,0
2273,1,30,-1,6,0,0,0
2274,44,46,-1,6,0,0,0
2275,49,70,-1,6,0,0,0
2276,77,134,-1,6,0,0,0
2277,188,-1,-1,4,0,0,0
2278,2273,2274,-1,6,0,0,0
2279,2275,2276,-1,6,0,0,0
2280,2277,279,-1,4,0,0,0
2281,309,321,-1,6,0,0,0
2282,373,316,-1,6,0,0,0
2283,317,382,-1,6,0,0,0
2284,385,-1,-1,4,0,0,0
2285,2278,2279,-1,6,0,0,0
2286,2280,2281,-1,6,0,0,0
2287,2282,2283,-1,6,0,0,0
2288,2284,540,-1,6,0,0,0
2289,380,384,-1,6,0,0,0
2290,331,685,-1,6,0,0,0
2291,2285,2286,-1,6,0,0,0
2292,2287,2288,-1,6,0,0,0
2293,2289,2290,-1,6,0,0,0
2294,955,680,-1,2,0,0,0
2295,690,666,-1,7,0,0,0
2296,2291,2292,-1,6,0,0,0
2297,2293,2294,-1,6,0,0,0
2298,2295,1056,-1,2,0,0,0
2299,684,1787,-1,7,0,0,0
2300,1063,-1,-1,4,0,0,0
2301,2296,2297,-1,6,0,0,0
2302,2298,2299,-1,4,0,0,0
2303,2300,-1,-1,4,0,0,0
2304,2301,2302,-1,6,0,0,0
2305,2303,1785,-1,6,0,0,0
2306,2304,2305,-1,6,0,0,0
2307,9,-1,-1,4,0,0,0
2308,2307,-1,-1,4,0,0,0
2309,2308,-1,-1,4,0,0,0
2310,2309,-1,-1,4,0,0,0
2311,2310,-1,-1,4,0,0,0
2312,2311,-1,-1,4,0,0,0
2313,2312,2218,-1,4,0,0,0
2314,3,45,-1,7,0,0,0
2315,50,66,-1,7,0,0,0
2316,86,87,-1,7,0,0,0
2317,99,100,-1,4,0,0,0
2318,129,131,-1,7,0,0,0
2319,132,145,-1,7,0,0,0
2320,146,152,-1,7,0,0,0
2321,169,188,-1,7,0,0,0
2322,2314,2315,-1,7,0,0,0
2323,2316,2317,-1,2,0,0,0
2324,2318,2319,-1,7,0,0,0
2325,2320,2321,-1,7,0,0,0
2326,209,285,-1,7,0,0,0
2327,325,351,-1,7,0,0,0
2328,414,415,-1,2,0,0,0
2329,385,-1,-1,7,0,0,0
2330,2322,2323,-1,2,0,0,0
2331,2324,2325,-1,7,0,0,0
2332,2326,2327,-1,7,0,0,0
2333,2328,2329,-1,4,0,0,0
2334,327,515,-1,7,0,0,0
2335,381,417,-1,7,0,0,0
2336,419,421,-1,2,0,0,0
2337,2330,2331,-1,4,0,0,0
2338,2332,2333,-1,2,0,0,0
2339,2334,2335,-1,7,0,0,0
2340,2336,689,-1,4,0,0,0
2341,1024,-1,-1,7,0,0,0
2342,2337,2338,-1,6,0,0,0
2343,2339,2340,-1,2,0,0,0
2344,2341,741,-1,2,0,0,0
2345,746,-1,-1,4,0,0,0
2346,2342,2343,-1,6,0,0,0
2347,2344,2345,-1,6,0,0,0
2348,1816,1782,-1,7,0,0,0
2349,2346,2347,-1,6,0,0,0
2350,2348,-1,-1,7,0,0,0
2351,2349,2350,-1,4,0,0,0
2352,8,13,-1,6,0,0,0
2353,16,32,-1,2,0,0,0
2354,36,38,-1,7,0,0,0
2355,54,56,-1,7,0,0,0
2356,64,115,-1,2,0,0,0
2357,154,173,-1,7,0,0,0
2358,179,-1,-1,4,0,0,0
2359,2352,2353,-1,6,0,0,0
2360,2354,2355,-1,7,0,0,0
2361,2356,2357,-1,4,0,0,0
2362,2358,357,-1,4,0,0,0
2363,230,395,-1,7,0,0,0
2364,414,423,-1,6,0,0,0
2365,2359,2360,-1,4,0,0,0
2366,2361,2362,-1,6,0,0,0
2367,2363,2364,-1,2,0,0,0
2368,748,417,-1,7,0,0,0
2369,425,427,-1,7,0,0,0
2370,2365,2366,-1,6,0,0,0
2371,2367,2368,-1,4,0,0,0
2372,2369,991,-1,7,0,0,0
2373,587,-1,-1,7,0,0,0
2374,2370,2371,-1,6,0,0,0
2375,2372,2373,-1,7,0,0,0
2376,579,752,-1,7,0,0,0
2377,754,-1,-1,7,0,0,0
2378,2374,2375,-1,4,0,0,0
2379,2376,2377,-1,7,0,0,0
2380,1783,-1,-1,7,0,0,0
2381,2378,2379,-1,4,0,0,0
2382,2380,-1,-1,7,0,0,0
2383,2381,2382,-1,4,0,0,0
2384,1823,-1,-1,4,0,0,0
2385,2383,2384,-1,6,0,0,0
2386,199,-1,-1,4,0,0,0
2387,2386,-1,-1,4,0,0,0
2388,2387,-1,-1,4,0,0,0
2389,2388,-1,-1,4,0,0,0
2390,2389,-1,-1,4,0,0,0
2391,2390,-1,-1,4,0,0,0
2392,2391,1849,-1,4,0,0,0
2393,35,36,-1,7,0,0,0
2394,38,46,-1,7,0,0,0
2395,73,79,-1,7,0,0,0
2396,88,134,-1,2,0,0,0
2397,139,143,-1,7,0,0,0
2398,153,167,-1,4,0,0,0
2399,168,191,-1,2,0,0,0
2400,2393,2394,-1,7,0,0,0
2401,2395,2396,-1,2,0,0,0
2402,2397,2398,-1,2,0,0,0
2403,2399,240,-1,4,0,0,0
2404,220,369,-1,2,0,0,0
2405,374,387,-1,2,0,0,0
2406,399,236,-1,7,0,0,0
2407,432,395,-1,2,0,0,0
2408,402,-1,-1,7,0,0,0
2409,2400,2401,-1,2,0,0,0
2410,2402,2403,-1,6,0,0,0
2411,2404,2405,-1,6,0,0,0
2412,2406,2407,-1,2,0,0,0
2413,2408,376,-1,7,0,0,0
2414,556,431,-1,2,0,0,0
2415,540,455,-1,2,0,0,0
2416,421,-1,-1,7,0,0,0
2417,2409,2410,-1,6,0,0,0
2418,2411,2412,-1,6,0,0,0
2419,2413,2414,-1,2,0,0,0
2420,2415,2416,-1,4,0,0,0
2421,771,-1,-1,7,0,0,0
2422,2417,2418,-1,6,0,0,0
2423,2419,2420,-1,6,0,0,0
2424,2421,1647,-1,7,0,0,0
2425,1132,1072,-1,7,0,0,0
2426,2422,2423,-1,6,0,0,0
2427,2424,2425,-1,7,0,0,0
2428,1852,-1,-1,4,0,0,0
2429,2426,2427,-1,4,0,0,0
2430,2428,-1,-1,4,0,0,0
2431,2429,2430,-1,6,0,0,0
2432,60,65,-1,4,0,0,0
2433,110,116,-1,2,0,0,0
2434,122,127,-1,7,0,0,0
2435,152,172,-1,4,0,0,0
2436,2432,2433,-1,6,0,0,0
2437,2434,2435,-1,2,0,0,0
2438,463,441,-1,6,0,0,0
2439,464,-1,-1,7,0,0,0
2440,2436,2437,-1,6,0,0,0
2441,2438,2439,-1,4,0,0,0
2442,530,376,-1,6,0,0,0
2443,528,534,-1,2,0,0,0
2444,524,549,-1,6,0,0,0
2445,465,-1,-1,4,0,0,0
2446,2440,2441,-1,6,0,0,0
2447,2442,2443,-1,6,0,0,0
2448,2444,2445,-1,6,0,0,0
2449,958,378,-1,6,0,0,0
2450,1036,760,-1,6,0,0,0
2451,2446,2447,-1,6,0,0,0
2452,2448,2449,-1,6,0,0,0
2453,2450,764,-1,6,0,0,0
2454,754,1063,-1,7,0,0,0
2455,1138,-1,-1,4,0,0,0
2456,2451,2452,-1,6,0,0,0
2457,2453,2454,-1,4,0,0,0
2458,2455,-1,-1,4,0,0,0
2459,2456,2457,-1,6,0,0,0
2460,2458,-1,-1,4,0,0,0
2461,2459,2460,-1,6,0,0,0
2462,2313,-1,-1,4,0,0,0
2463,2461,2462,-1,6,0,0,0
2464,2392,-1,-1,4,0,0,0
2465,2463,2464,-1,6,0,0,0
2466,34,45,-1,6,0,0,0
2467,51,66,-1,6,0,0,0
2468,81,87,-1,6,0,0,0
2469,125,145,-1,6,0,0,0
2470,147,159,-1,6,0,0,0
2471,162,173,-1,6,0,0,0
2472,2466,2467,-1,6,0,0,0
2473,2468,2469,-1,6,0,0,0
2474,2470,2471,-1,6,0,0,0
2475,320,456,-1,6,0,0,0
2476,198,350,-1,6,0,0,0
2477,266,447,-1,6,0,0,0
2478,451,248,-1,6,0,0,0
2479,464,-1,-1,7,0,0,0
2480,2472,2473,-1,6,0,0,0
2481,2474,2475,-1,6,0,0,0
2482,2476,2477,-1,6,0,0,0
2483,2478,2479,-1,4,0,0,0
2484,471,-1,-1,4,0,0,0
2485,2480,2481,-1,6,0,0,0
2486,2482,2483,-1,6,0,0,0
2487,2484,631,-1,6,0,0,0
2488,2485,2486,-1,6,0,0,0
2489,2487,-1,-1,4,0,0,0
2490,2488,2489,-1,6,0,0,0
2491,2490,1883,-1,6,0,0,0
2492,28,32,-1,6,0,0,0
2493,51,52,-1,6,0,0,0
2494,69,120,-1,2,0,0,0
2495,124,132,-1,7,0,0,0
2496,147,160,-1,7,0,0,0
2497,164,177,-1,4,0,0,0
2498,180,-1,-1,4,0,0,0
2499,2492,2493,-1,6,0,0,0
2500,2494,2495,-1,4,0,0,0
2501,2496,2497,-1,2,0,0,0
2502,2498,195,-1,4,0,0,0
2503,228,299,-1,6,0,0,0
2504,262,352,-1,7,0,0,0
2505,397,-1,-1,4,0,0,0
2506,2499,2500,-1,6,0,0,0
2507,2501,2502,-1,6,0,0,0
2508,2503,2504,-1,4,0,0,0
2509,2505,611,-1,6,0,0,0
2510,344,556,-1,4,0,0,0
2511,270,443,-1,4,0,0,0
2512,2506,2507,-1,6,0,0,0
2513,2508,2509,-1,6,0,0,0
2514,2510,2511,-1,6,0,0,0
2515,339,961,-1,7,0,0,0
2516,757,690,-1,6,0,0,0
2517,2512,2513,-1,6,0,0,0
2518,2514,2515,-1,4,0,0,0
2519,2516,1654,-1,6,0,0,0
2520,628,1073,-1,6,0,0,0
2521,2517,2518,-1,6,0,0,0
2522,2519,2520,-1,6,0,0,0
2523,2179,-1,-1,4,0,0,0
2524,2521,2522,-1,6,0,0,0
2525,2523,-1,-1,4,0,0,0
2526,2524,2525,-1,6,0,0,0
2527,5,12,-1,6,0,0,0
2528,13,14,-1,6,0,0,0
2529,18,24,-1,6,0,0,0
2530,37,49,-1,6,0,0,0
2531,51,62,-1,6,0,0,0
2532,66,68,-1,6,0,0,0
2533,70,96,-1,6,0,0,0
2534,113,121,-1,6,0,0,0
2535,133,134,-1,6,0,0,0
2536,135,142,-1,6,0,0,0
2537,167,177,-1,6,0,0,0
2538,186,-1,-1,4,0,0,0
2539,2527,2528,-1,6,0,0,0
2540,2529,2530,-1,6,0,0,0
2541,2531,2532,-1,6,0,0,0
2542,2533,2534,-1,6,0,0,0
2543,2535,2536,-1,6,0,0,0
2544,2537,2538,-1,6,0,0,0
2545,222,319,-1,6,0,0,0
2546,237,310,-1,6,0,0,0
2547,456,368,-1,6,0,0,0
2548,472,265,-1,6,0,0,0
2549,446,496,-1,6,0,0,0
2550,272,-1,-1,4,0,0,0
2551,2539,2540,-1,6,0,0,0
2552,2541,2542,-1,6,0,0,0
2553,2543,2544,-1,6,0,0,0
2554,2545,2546,-1,6,0,0,0
2555,2547,2548,-1,6,0,0,0
2556,2549,2550,-1,6,0,0,0
2557,327,596,-1,6,0,0,0
2558,581,600,-1,6,0,0,0
2559,471,547,-1,6,0,0,0
2560,550,-1,-1,4,0,0,0
2561,2551,2552,-1,6,0,0,0
2562,2553,2554,-1,6,0,0,0
2563,2555,2556,-1,6,0,0,0
2564,2557,2558,-1,6,0,0,0
2565,2559,2560,-1,6,0,0,0
2566,987,988,-1,6,0,0,0
2567,738,769,-1,6,0,0,0
2568,2561,2562,-1,6,0,0,0
2569,2563,2564,-1,6,0,0,0
2570,2565,2566,-1,6,0,0,0
2571,2567,1027,-1,6,0,0,0
2572,2568,2569,-1,6,0,0,0
2573,2570,2571,-1,6,0,0,0
2574,1030,-1,-1,4,0,0,0
2575,2572,2573,-1,6,0,0,0
2576,2574,2183,-1,6,0,0,0
2577,2575,2576,-1,6,0,0,0
2578,2175,2179,-1,4,0,0,0
2579,277,-1,-1,4,0,0,0
2580,2579,-1,-1,4,0,0,0
2581,2580,-1,-1,4,0,0,0
2582,2581,-1,-1,4,0,0,0
2583,2582,-1,-1,4,0,0,0
2584,2583,2183,-1,4,0,0,0
2585,633,-1,-1,7,0,0,0
2586,2585,-1,-1,7,0,0,0
2587,2586,-1,-1,7,0,0,0
2588,2587,2218,-1,2,0,0,0
2589,5,60,-1,6,0,0,0
2590,79,83,-1,6,0,0,0
2591,99,144,-1,2,0,0,0
2592,147,170,-1,4,0,0,0
2593,185,-1,-1,4,0,0,0
2594,2589,2590,-1,6,0,0,0
2595,2591,2592,-1,6,0,0,0
2596,2593,369,-1,6,0,0,0
2597,230,309,-1,2,0,0,0
2598,242,214,-1,6,0,0,0
2599,321,277,-1,4,0,0,0
2600,198,382,-1,6,0,0,0
2601,289,409,-1,6,0,0,0
2602,2594,2595,-1,6,0,0,0
2603,2596,2597,-1,6,0,0,0
2604,2598,2599,-1,6,0,0,0
2605,2600,2601,-1,6,0,0,0
2606,349,524,-1,6,0,0,0
2607,728,408,-1,6,0,0,0
2608,360,361,-1,6,0,0,0
2609,685,-1,-1,4,0,0,0
2610,2602,2603,-1,6,0,0,0
2611,2604,2605,-1,6,0,0,0
2612,2606,2607,-1,6,0,0,0
2613,2608,2609,-1,6,0,0,0
2614,406,584,-1,6,0,0,0
2615,731,733,-1,4,0,0,0
2616,2610,2611,-1,6,0,0,0
2617,2612,2613,-1,6,0,0,0
2618,2614,2615,-1,6,0,0,0
2619,1647,-1,-1,4,0,0,0
2620,2616,2617,-1,6,0,0,0
2621,2618,2619,-1,6,0,0,0
2622,2173,-1,-1,4,0,0,0
2623,2620,2621,-1,6,0,0,0
2624,2622,2578,-1,6,0,0,0
2625,2623,2624,-1,6,0,0,0
2626,2313,-1,-1,4,0,0,0
2627,2625,2626,-1,6,0,0,0
2628,13,46,-1,4,0,0,0
2629,68,71,-1,2,0,0,0
2630,77,148,-1,6,0,0,0
2631,151,160,-1,6,0,0,0
2632,167,169,-1,2,0,0,0
2633,2628,2629,-1,6,0,0,0
2634,2630,2631,-1,6,0,0,0
2635,2632,237,-1,6,0,0,0
2636,324,235,-1,2,0,0,0
2637,422,354,-1,4,0,0,0
2638,317,441,-1,2,0,0,0
2639,412,-1,-1,4,0,0,0
2640,2633,2634,-1,6,0,0,0
2641,2635,2636,-1,6,0,0,0
2642,2637,2638,-1,6,0,0,0
2643,2639,443,-1,6,0,0,0
2644,2640,2641,-1,6,0,0,0
2645,2642,2643,-1,6,0,0,0
2646,339,603,-1,4,0,0,0
2647,1061,760,-1,2,0,0,0
2648,2644,2645,-1,6,0,0,0
2649,2646,2647,-1,6,0,0,0
2650,1040,752,-1,6,0,0,0
2651,764,-1,-1,4,0,0,0
2652,2648,2649,-1,6,0,0,0
2653,2650,2651,-1,6,0,0,0
2654,1078,-1,-1,4,0,0,0
2655,2652,2653,-1,6,0,0,0
2656,2654,-1,-1,4,0,0,0
2657,2655,2656,-1,6,0,0,0
2658,2657,2392,-1,6,0,0,0
2659,9,45,-1,6,0,0,0
2660,53,98,-1,6,0,0,0
2661,102,115,-1,6,0,0,0
2662,139,154,-1,2,0,0,0
2663,165,-1,-1,4,0,0,0
2664,2659,2660,-1,6,0,0,0
2665,2661,2662,-1,6,0,0,0
2666,2663,287,-1,6,0,0,0
2667,456,447,-1,6,0,0,0
2668,463,396,-1,6,0,0,0
2669,300,-1,-1,4,0,0,0
2670,2664,2665,-1,6,0,0,0
2671,2666,2667,-1,6,0,0,0
2672,2668,2669,-1,6,0,0,0
2673,274,344,-1,6,0,0,0
2674,564,598,-1,6,0,0,0
2675,250,-1,-1,4,0,0,0
2676,2670,2671,-1,6,0,0,0
2677,2672,2673,-1,6,0,0,0
2678,2674,2675,-1,6,0,0,0
2679,494,-1,-1,7,0,0,0
2680,2676,2677,-1,6,0,0,0
2681,2678,2679,-1,4,0,0,0
2682,2680,2681,-1,6,0,0,0
2683,2682,-1,-1,4,0,0,0
2684,2683,2584,-1,4,0,0,0
2685,216,-1,-1,4,0,0,0
2686,2685,-1,-1,4,0,0,0
2687,2686,-1,-1,4,0,0,0
2688,2687,-1,-1,4,0,0,0
2689,2688,-1,-1,4,0,0,0
2690,2689,2578,-1,4,0,0,0
2691,52,-1,-1,4,0,0,0
2692,2691,-1,-1,4,0,0,0
2693,2692,-1,-1,4,0,0,0
2694,2693,-1,-1,4,0,0,0
2695,2694,-1,-1,4,0,0,0
2696,2695,-1,-1,4,0,0,0
2697,2696,-1,-1,4,0,0,0
2698,2697,2584,-1,4,0,0,0
2699,621,-1,-1,4,0,0,0
2700,2699,-1,-1,4,0,0,0
2701,2700,-1,-1,4,0,0,0
2702,2701,-1,-1,4,0,0,0
2703,2702,2588,-1,4,0,0,0
2704,34,100,-1,2,0,0,0
2705,109,111,-1,7,0,0,0
2706,144,172,-1,6,0,0,0
2707,179,-1,-1,4,0,0,0
2708,2704,2705,-1,4,0,0,0
2709,2706,2707,-1,6,0,0,0
2710,237,221,-1,7,0,0,0
2711,399,363,-1,6,0,0,0
2712,402,-1,-1,4,0,0,0
2713,2708,2709,-1,6,0,0,0
2714,2710,2711,-1,2,0,0,0
2715,2712,581,-1,4,0,0,0
2716,401,-1,-1,4,0,0,0
2717,2713,2714,-1,6,0,0,0
2718,2715,2716,-1,6,0,0,0
2719,987,-1,-1,7,0,0,0
2720,2717,2718,-1,6,0,0,0
2721,2719,726,-1,7,0,0,0
2722,2720,2721,-1,4,0,0,0
2723,1030,-1,-1,7,0,0,0
2724,2722,2723,-1,4,0,0,0
2725,1790,-1,-1,7,0,0,0
2726,2724,2725,-1,4,0,0,0
2727,2726,2698,-1,4,0,0,0
2728,18,43,-1,4,0,0,0
2729,55,85,-1,6,0,0,0
2730,91,98,-1,4,0,0,0
2731,104,158,-1,6,0,0,0
2732,2728,2729,-1,6,0,0,0
2733,2730,2731,-1,6,0,0,0
2734,369,271,-1,4,0,0,0
2735,363,483,-1,6,0,0,0
2736,206,-1,-1,4,0,0,0
2737,2732,2733,-1,6,0,0,0
2738,2734,2735,-1,6,0,0,0
2739,2736,571,-1,4,0,0,0
2740,516,614,-1,6,0,0,0
2741,485,487,-1,7,0,0,0
2742,2737,2738,-1,6,0,0,0
2743,2739,2740,-1,6,0,0,0
2744,2741,617,-1,2,0,0,0
2745,942,-1,-1,7,0,0,0
2746,2742,2743,-1,6,0,0,0
2747,2744,2745,-1,4,0,0,0
2748,1138,-1,-1,7,0,0,0
2749,2746,2747,-1,6,0,0,0
2750,2748,-1,-1,7,0,0,0
2751,2749,2750,-1,4,0,0,0
2752,2578,-1,-1,7,0,0,0
2753,2751,2752,-1,4,0,0,0
2754,1849,-1,-1,4,0,0,0
2755,2753,2754,-1,6,0,0,0
2756,2703,-1,-1,7,0,0,0
2757,2755,2756,-1,4,0,0,0
2758,215,-1,-1,4,0,0,0
2759,2758,-1,-1,4,0,0,0
2760,2759,-1,-1,4,0,0,0
2761,2760,-1,-1,4,0,0,0
2762,2761,-1,-1,4,0,0,0
2763,2762,-1,-1,4,0,0,0
2764,2763,2690,-1,4,0,0,0
2765,10,25,-1,7,0,0,0
2766,29,38,-1,7,0,0,0
2767,39,81,-1,6,0,0,0
2768,96,151,-1,7,0,0,0
2769,167,-1,-1,7,0,0,0
2770,2765,2766,-1,7,0,0,0
2771,2767,2768,-1,4,0,0,0
2772,2769,209,-1,7,0,0,0
2773,212,265,-1,6,0,0,0
2774,266,267,-1,7,0,0,0
2775,268,272,-1,4,0,0,0
2776,2770,2771,-1,2,0,0,0
2777,2772,2773,-1,2,0,0,0
2778,2774,2775,-1,2,0,0,0
2779,270,283,-1,2,0,0,0
2780,561,-1,-1,4,0,0,0
2781,2776,2777,-1,6,0,0,0
2782,2778,2779,-1,6,0,0,0
2783,2780,987,-1,4,0,0,0
2784,566,567,-1,7,0,0,0
2785,2781,2782,-1,6,0,0,0
2786,2783,2784,-1,4,0,0,0
2787,1688,-1,-1,7,0,0,0
2788,2785,2786,-1,6,0,0,0
2789,2787,997,-1,7,0,0,0
2790,2184,-1,-1,7,0,0,0
2791,2788,2789,-1,4,0,0,0
2792,2790,-1,-1,7,0,0,0
2793,2791,2792,-1,4,0,0,0
2794,2793,2698,-1,4,0,0,0
2795,50,59,-1,6,0,0,0
2796,72,79,-1,6,0,0,0
2797,113,118,-1,6,0,0,0
2798,120,127,-1,4,0,0,0
2799,166,183,-1,6,0,0,0
2800,189,-1,-1,4,0,0,0
2801,2795,2796,-1,6,0,0,0
2802,2797,2798,-1,6,0,0,0
2803,2799,2800,-1,6,0,0,0
2804,223,222,-1,6,0,0,0
2805,307,227,-1,4,0,0,0
2806,205,242,-1,4,0,0,0
2807,238,321,-1,4,0,0,0
2808,334,-1,-1,7,0,0,0
2809,2801,2802,-1,6,0,0,0
2810,2803,2804,-1,6,0,0,0
2811,2805,2806,-1,6,0,0,0
2812,2807,2808,-1,4,0,0,0
2813,538,276,-1,4,0,0,0
2814,323,329,-1,2,0,0,0
2815,331,333,-1,4,0,0,0
2816,619,-1,-1,4,0,0,0
2817,2809,2810,-1,6,0,0,0
2818,2811,2812,-1,6,0,0,0
2819,2813,2814,-1,6,0,0,0
2820,2815,2816,-1,6,0,0,0
2821,1033,613,-1,6,0,0,0
2822,1036,-1,-1,7,0,0,0
2823,2817,2818,-1,6,0,0,0
2824,2819,2820,-1,6,0,0,0
2825,2821,2822,-1,4,0,0,0
2826,1040,1651,-1,2,0,0,0
2827,2823,2824,-1,6,0,0,0
2828,2825,2826,-1,6,0,0,0
2829,2175,-1,-1,7,0,0,0
2830,2827,2828,-1,6,0,0,0
2831,2829,-1,-1,7,0,0,0
2832,2830,2831,-1,4,0,0,0
2833,2832,2703,-1,4,0,0,0
2834,8,17,-1,6,0,0,0
2835,35,54,-1,2,0,0,0
2836,55,87,-1,2,0,0,0
2837,172,-1,-1,4,0,0,0
2838,2834,2835,-1,6,0,0,0
2839,2836,2837,-1,6,0,0,0
2840,285,260,-1,7,0,0,0
2841,235,211,-1,6,0,0,0
2842,432,410,-1,7,0,0,0
2843,2838,2839,-1,6,0,0,0
2844,2840,2841,-1,2,0,0,0
2845,2842,671,-1,2,0,0,0
2846,540,614,-1,7,0,0,0
2847,434,419,-1,4,0,0,0
2848,436,-1,-1,7,0,0,0
2849,2843,2844,-1,6,0,0,0
2850,2845,2846,-1,4,0,0,0
2851,2847,2848,-1,4,0,0,0
2852,617,342,-1,7,0,0,0
2853,631,757,-1,6,0,0,0
2854,2849,2850,-1,6,0,0,0
2855,2851,2852,-1,4,0,0,0
2856,2853,1072,-1,6,0,0,0
2857,1073,-1,-1,4,0,0,0
2858,2854,2855,-1,6,0,0,0
2859,2856,2857,-1,6,0,0,0
2860,1059,-1,-1,7,0,0,0
2861,2858,2859,-1,6,0,0,0
2862,2860,1844,-1,2,0,0,0
2863,2861,2862,-1,6,0,0,0
2864,2863,2764,-1,4,0,0,0
2865,37,76,-1,7,0,0,0
2866,121,138,-1,6,0,0,0
2867,141,176,-1,6,0,0,0
2868,181,182,-1,2,0,0,0
2869,2865,2866,-1,2,0,0,0
2870,2867,2868,-1,6,0,0,0
2871,192,193,-1,4,0,0,0
2872,194,195,-1,7,0,0,0
2873,196,197,-1,4,0,0,0
2874,198,203,-1,6,0,0,0
2875,206,207,-1,2,0,0,0
2876,2869,2870,-1,6,0,0,0
2877,2871,2872,-1,4,0,0,0
2878,2873,2874,-1,6,0,0,0
2879,2875,517,-1,6,0,0,0
2880,519,522,-1,6,0,0,0
2881,2876,2877,-1,6,0,0,0
2882,2878,2879,-1,6,0,0,0
2883,2880,-1,-1,4,0,0,0
2884,2881,2882,-1,6,0,0,0
2885,2883,1647,-1,6,0,0,0
2886,1653,-1,-1,4,0,0,0
2887,2884,2885,-1,6,0,0,0
2888,2886,2173,-1,6,0,0,0
2889,2887,2888,-1,6,0,0,0
2890,2889,-1,-1,4,0,0,0
2891,2890,2764,-1,6,0,0,0
