2828,3181,2859,2889,2924,2949,2979,3011,3043,2289,2309,1612,1638,2331,1666,2364,1690,1714,3073,1748,3097,2405,2426,2449,3211,2477,2504,1782,3130,1812,1841,2528,2549,3159,2581,1252,2607,1877,2634,2666,1905,1929,1959,1988,2693,2016,1296,2720,2056,2083,2107,2135,2757,1335,1364,2165,2783,1391,1417,2806,2200,2229,1443,1473
192,0,36,-1,6,0,0,0
193,3,163,-1,6,0,0,0
194,56,108,-1,4,0,0,0
195,155,191,-1,6,0,0,0
196,109,173,-1,6,0,0,0
197,23,141,-1,4,0,0,0
198,125,178,-1,4,0,0,0
199,19,22,-1,4,0,0,0
200,50,166,-1,4,0,0,0
201,104,129,-1,4,0,0,0
202,66,103,-1,4,0,0,0
203,74,186,-1,6,0,0,0
204,88,188,-1,4,0,0,0
205,65,72,-1,6,0,0,0
206,45,176,-1,6,0,0,0
207,53,174,-1,6,0,0,0
208,33,139,-1,4,0,0,0
209,77,112,-1,6,0,0,0
210,14,27,-1,4,0,0,0
211,28,148,-1,6,0,0,0
212,7,44,-1,6,0,0,0
213,32,86,-1,6,0,0,0
214,94,-1,-1,4,0,0,0
215,214,192,-1,6,0,0,0
216,102,168,-1,4,0,0,0
217,6,175,-1,6,0,0,0
218,153,171,-1,4,0,0,0
219,50,131,-1,6,0,0,0
220,99,157,-1,4,0,0,0
221,130,143,-1,6,0,0,0
222,66,152,-1,6,0,0,0
223,119,183,-1,6,0,0,0
224,128,141,-1,6,0,0,0
225,63,161,-1,4,0,0,0
226,98,187,-1,6,0,0,0
227,104,-1,-1,4,0,0,0
228,227,205,-1,6,0,0,0
229,127,136,-1,4,0,0,0
230,49,182,-1,6,0,0,0
231,15,180,-1,4,0,0,0
232,59,111,-1,4,0,0,0
233,28,139,-1,4,0,0,0
234,52,87,-1,6,0,0,0
235,108,172,-1,6,0,0,0
236,57,162,-1,6,0,0,0
237,30,184,-1,6,0,0,0
238,93,-1,-1,4,0,0,0
239,238,203,-1,6,0,0,0
240,161,179,-1,4,0,0,0
241,149,165,-1,6,0,0,0
242,62,177,-1,4,0,0,0
243,126,-1,-1,4,0,0,0
244,243,195,-1,6,0,0,0
245,71,-1,-1,4,0,0,0
246,245,192,-1,6,0,0,0
247,83,147,-1,6,0,0,0
248,162,185,-1,6,0,0,0
249,18,56,-1,6,0,0,0
250,144,173,-1,4,0,0,0
251,132,186,-1,4,0,0,0
252,82,135,-1,6,0,0,0
253,38,41,-1,4,0,0,0
254,114,118,-1,6,0,0,0
255,4,46,-1,6,0,0,0
256,89,184,-1,4,0,0,0
257,8,190,-1,6,0,0,0
258,98,100,-1,4,0,0,0
259,15,138,-1,4,0,0,0
260,146,-1,-1,4,0,0,0
261,260,235,-1,6,0,0,0
262,13,39,-1,6,0,0,0
263,73,121,-1,4,0,0,0
264,27,94,-1,4,0,0,0
265,67,175,-1,4,0,0,0
266,23,140,-1,4,0,0,0
267,81,136,-1,4,0,0,0
268,119,128,-1,4,0,0,0
269,117,145,-1,6,0,0,0
270,44,80,-1,4,0,0,0
271,17,31,-1,6,0,0,0
272,34,91,-1,6,0,0,0
273,16,-1,-1,4,0,0,0
274,273,242,-1,4,0,0,0
275,33,149,-1,4,0,0,0
276,43,66,-1,6,0,0,0
277,184,-1,-1,4,0,0,0
278,277,252,-1,4,0,0,0
279,58,133,-1,4,0,0,0
280,55,60,-1,4,0,0,0
281,20,53,-1,6,0,0,0
282,48,61,-1,4,0,0,0
283,106,120,-1,4,0,0,0
284,10,14,-1,6,0,0,0
285,146,185,-1,6,0,0,0
286,42,95,-1,6,0,0,0
287,47,-1,-1,4,0,0,0
288,287,220,-1,4,0,0,0
289,7,-1,-1,4,0,0,0
290,289,193,-1,4,0,0,0
291,37,78,-1,4,0,0,0
292,35,-1,-1,4,0,0,0
293,292,251,-1,4,0,0,0
294,69,147,-1,6,0,0,0
295,139,181,-1,4,0,0,0
296,107,111,-1,6,0,0,0
297,40,51,-1,4,0,0,0
298,57,124,-1,6,0,0,0
299,8,190,-1,4,0,0,0
300,156,170,-1,6,0,0,0
301,132,-1,-1,4,0,0,0
302,301,216,-1,6,0,0,0
303,41,85,-1,4,0,0,0
304,53,64,-1,4,0,0,0
305,75,158,-1,4,0,0,0
306,157,187,-1,6,0,0,0
307,3,159,-1,6,0,0,0
308,167,176,-1,6,0,0,0
309,113,122,-1,6,0,0,0
310,56,59,-1,6,0,0,0
311,128,188,-1,4,0,0,0
312,6,174,-1,4,0,0,0
313,68,-1,-1,4,0,0,0
314,313,264,-1,4,0,0,0
315,36,-1,-1,4,0,0,0
316,315,297,-1,4,0,0,0
317,58,163,-1,4,0,0,0
318,109,177,-1,4,0,0,0
319,5,118,-1,4,0,0,0
320,116,-1,-1,4,0,0,0
321,320,222,-1,4,0,0,0
322,175,185,-1,4,0,0,0
323,24,79,-1,6,0,0,0
324,47,63,-1,4,0,0,0
325,30,38,-1,6,0,0,0
326,34,54,-1,4,0,0,0
327,49,52,-1,6,0,0,0
328,142,178,-1,6,0,0,0
329,229,240,-1,4,0,0,0
330,153,164,-1,6,0,0,0
331,135,-1,-1,4,0,0,0
332,331,-1,-1,4,0,0,0
333,332,244,-1,4,0,0,0
334,115,-1,-1,4,0,0,0
335,334,201,-1,4,0,0,0
336,107,134,-1,6,0,0,0
337,166,-1,-1,4,0,0,0
338,337,221,-1,4,0,0,0
339,54,-1,-1,4,0,0,0
340,339,248,-1,4,0,0,0
341,9,50,-1,6,0,0,0
342,64,164,-1,6,0,0,0
343,144,-1,-1,4,0,0,0
344,343,279,-1,4,0,0,0
345,151,170,-1,6,0,0,0
346,119,148,-1,4,0,0,0
347,147,-1,-1,4,0,0,0
348,347,226,-1,4,0,0,0
349,92,116,-1,6,0,0,0
350,33,97,-1,6,0,0,0
351,11,189,-1,4,0,0,0
352,262,209,-1,6,0,0,0
353,0,145,-1,6,0,0,0
354,47,111,-1,6,0,0,0
355,21,23,-1,6,0,0,0
356,44,85,-1,6,0,0,0
357,21,25,-1,4,0,0,0
358,156,-1,-1,4,0,0,0
359,358,231,-1,4,0,0,0
360,61,153,-1,6,0,0,0
361,12,76,-1,6,0,0,0
362,0,128,-1,4,0,0,0
363,63,-1,-1,4,0,0,0
364,363,200,-1,4,0,0,0
365,73,176,-1,4,0,0,0
366,93,110,-1,4,0,0,0
367,174,-1,-1,4,0,0,0
368,367,269,-1,4,0,0,0
369,229,270,-1,4,0,0,0
370,7,18,-1,6,0,0,0
371,26,84,-1,6,0,0,0
372,24,42,-1,4,0,0,0
373,88,135,-1,4,0,0,0
374,5,69,-1,6,0,0,0
375,74,-1,-1,4,0,0,0
376,375,258,-1,6,0,0,0
377,118,172,-1,4,0,0,0
378,71,96,-1,6,0,0,0
379,19,22,-1,6,0,0,0
380,83,-1,-1,4,0,0,0
381,380,213,-1,6,0,0,0
382,20,29,-1,4,0,0,0
383,2,140,-1,4,0,0,0
384,305,251,-1,4,0,0,0
385,114,-1,-1,4,0,0,0
386,385,327,-1,4,0,0,0
387,4,90,-1,4,0,0,0
388,64,67,-1,6,0,0,0
389,121,160,-1,6,0,0,0
390,21,63,-1,4,0,0,0
391,154,183,-1,4,0,0,0
392,163,182,-1,4,0,0,0
393,168,-1,-1,4,0,0,0
394,393,-1,-1,4,0,0,0
395,394,314,-1,6,0,0,0
396,382,213,-1,4,0,0,0
397,137,138,-1,6,0,0,0
398,95,-1,-1,4,0,0,0
399,398,235,-1,4,0,0,0
400,65,71,-1,6,0,0,0
401,60,148,-1,4,0,0,0
402,79,181,-1,4,0,0,0
403,100,146,-1,4,0,0,0
404,167,188,-1,4,0,0,0
405,1,25,-1,4,0,0,0
406,134,150,-1,6,0,0,0
407,123,-1,-1,4,0,0,0
408,407,269,-1,4,0,0,0
409,62,99,-1,4,0,0,0
410,209,276,-1,6,0,0,0
411,4,46,-1,4,0,0,0
412,30,-1,-1,4,0,0,0
413,412,297,-1,4,0,0,0
414,0,-1,-1,4,0,0,0
415,414,291,-1,6,0,0,0
416,45,151,-1,6,0,0,0
417,16,84,-1,4,0,0,0
418,31,55,-1,4,0,0,0
419,25,137,-1,4,0,0,0
420,120,179,-1,4,0,0,0
421,38,-1,-1,4,0,0,0
422,421,234,-1,6,0,0,0
423,20,72,-1,4,0,0,0
424,41,-1,-1,4,0,0,0
425,424,328,-1,4,0,0,0
426,113,160,-1,4,0,0,0
427,166,-1,-1,4,0,0,0
428,427,262,-1,4,0,0,0
429,150,-1,-1,4,0,0,0
430,429,248,-1,6,0,0,0
431,21,141,-1,4,0,0,0
432,10,85,-1,6,0,0,0
433,145,163,-1,4,0,0,0
434,48,188,-1,4,0,0,0
435,201,229,-1,4,0,0,0
436,186,-1,-1,4,0,0,0
437,436,298,-1,6,0,0,0
438,80,105,-1,4,0,0,0
439,62,172,-1,6,0,0,0
440,35,108,-1,6,0,0,0
441,96,180,-1,6,0,0,0
442,1,158,-1,6,0,0,0
443,22,-1,-1,4,0,0,0
444,443,325,-1,6,0,0,0
445,81,143,-1,6,0,0,0
446,46,101,-1,6,0,0,0
447,87,161,-1,4,0,0,0
448,88,-1,-1,4,0,0,0
449,448,299,-1,4,0,0,0
450,89,167,-1,6,0,0,0
451,405,-1,-1,4,0,0,0
452,451,359,-1,6,0,0,0
453,34,-1,-1,4,0,0,0
454,453,229,-1,6,0,0,0
455,9,-1,-1,4,0,0,0
456,455,201,-1,4,0,0,0
457,10,64,-1,4,0,0,0
458,241,-1,-1,4,0,0,0
459,458,340,-1,6,0,0,0
460,120,155,-1,4,0,0,0
461,6,137,-1,4,0,0,0
462,102,172,-1,6,0,0,0
463,68,-1,-1,4,0,0,0
464,463,391,-1,4,0,0,0
465,271,-1,-1,4,0,0,0
466,465,437,-1,4,0,0,0
467,76,-1,-1,4,0,0,0
468,467,389,-1,6,0,0,0
469,370,252,-1,6,0,0,0
470,25,-1,-1,4,0,0,0
471,470,196,-1,6,0,0,0
472,42,117,-1,6,0,0,0
473,51,179,-1,6,0,0,0
474,223,-1,-1,4,0,0,0
475,474,246,-1,4,0,0,0
476,14,132,-1,4,0,0,0
477,38,142,-1,4,0,0,0
478,8,91,-1,4,0,0,0
479,3,165,-1,4,0,0,0
480,29,87,-1,4,0,0,0
481,0,155,-1,4,0,0,0
482,90,95,-1,6,0,0,0
483,43,171,-1,6,0,0,0
484,70,-1,-1,4,0,0,0
485,484,374,-1,4,0,0,0
486,136,148,-1,4,0,0,0
487,68,-1,-1,4,0,0,0
488,487,345,-1,6,0,0,0
489,127,-1,-1,4,0,0,0
490,489,295,-1,4,0,0,0
491,160,168,-1,4,0,0,0
492,104,-1,-1,4,0,0,0
493,492,240,-1,6,0,0,0
494,83,-1,-1,4,0,0,0
495,494,272,-1,4,0,0,0
496,161,-1,-1,4,0,0,0
497,496,224,-1,6,0,0,0
498,54,105,-1,4,0,0,0
499,88,100,-1,4,0,0,0
500,101,164,-1,6,0,0,0
501,42,-1,-1,4,0,0,0
502,501,233,-1,4,0,0,0
503,49,111,-1,4,0,0,0
504,305,324,-1,4,0,0,0
505,26,162,-1,6,0,0,0
506,8,113,-1,4,0,0,0
507,43,112,-1,6,0,0,0
508,6,-1,-1,4,0,0,0
509,508,207,-1,6,0,0,0
510,39,-1,-1,4,0,0,0
511,510,434,-1,6,0,0,0
512,325,-1,-1,4,0,0,0
513,512,244,-1,6,0,0,0
514,196,308,-1,6,0,0,0
515,17,73,-1,4,0,0,0
516,51,-1,-1,4,0,0,0
517,516,242,-1,4,0,0,0
518,53,109,-1,4,0,0,0
519,35,39,-1,4,0,0,0
520,98,-1,-1,4,0,0,0
521,520,405,-1,4,0,0,0
522,48,178,-1,4,0,0,0
523,0,102,-1,6,0,0,0
524,154,-1,-1,4,0,0,0
525,524,241,-1,6,0,0,0
526,54,55,-1,4,0,0,0
527,86,156,-1,6,0,0,0
528,100,119,-1,6,0,0,0
529,51,-1,-1,4,0,0,0
530,529,254,-1,4,0,0,0
531,247,-1,-1,4,0,0,0
532,531,215,-1,4,0,0,0
533,123,-1,-1,4,0,0,0
534,533,212,-1,6,0,0,0
535,1,136,-1,4,0,0,0
536,23,70,-1,4,0,0,0
537,87,175,-1,4,0,0,0
538,188,-1,-1,4,0,0,0
539,538,304,-1,4,0,0,0
540,81,125,-1,6,0,0,0
541,325,366,-1,4,0,0,0
542,141,-1,-1,4,0,0,0
543,542,350,-1,4,0,0,0
544,83,166,-1,4,0,0,0
545,16,122,-1,4,0,0,0
546,59,69,-1,4,0,0,0
547,255,371,-1,6,0,0,0
548,40,89,-1,6,0,0,0
549,103,161,-1,4,0,0,0
550,373,535,-1,6,0,0,0
551,108,129,-1,4,0,0,0
552,116,180,-1,4,0,0,0
553,35,-1,-1,4,0,0,0
554,553,247,-1,4,0,0,0
555,169,-1,-1,4,0,0,0
556,555,360,-1,4,0,0,0
557,283,265,-1,4,0,0,0
558,110,-1,-1,4,0,0,0
559,558,-1,-1,4,0,0,0
560,559,228,-1,6,0,0,0
561,58,79,-1,4,0,0,0
562,40,-1,-1,4,0,0,0
563,562,355,-1,6,0,0,0
564,299,420,-1,4,0,0,0
565,19,166,-1,4,0,0,0
566,168,-1,-1,4,0,0,0
567,566,349,-1,4,0,0,0
568,49,-1,-1,4,0,0,0
569,568,223,-1,4,0,0,0
570,94,-1,-1,4,0,0,0
571,570,254,-1,4,0,0,0
572,296,499,-1,6,0,0,0
573,41,154,-1,6,0,0,0
574,61,100,-1,4,0,0,0
575,67,-1,-1,4,0,0,0
576,575,328,-1,4,0,0,0
577,57,148,-1,4,0,0,0
578,165,-1,-1,4,0,0,0
579,578,378,-1,6,0,0,0
580,170,174,-1,6,0,0,0
581,132,-1,-1,4,0,0,0
582,581,389,-1,4,0,0,0
583,146,187,-1,4,0,0,0
584,230,498,-1,4,0,0,0
585,45,102,-1,4,0,0,0
586,280,-1,-1,4,0,0,0
587,586,396,-1,6,0,0,0
588,47,-1,-1,4,0,0,0
589,588,545,-1,6,0,0,0
590,155,-1,-1,4,0,0,0
591,590,305,-1,6,0,0,0
592,79,-1,-1,4,0,0,0
593,592,205,-1,4,0,0,0
594,329,-1,-1,7,0,0,0
595,594,395,-1,2,0,0,0
596,44,-1,-1,4,0,0,0
597,596,325,-1,4,0,0,0
598,17,78,-1,4,0,0,0
599,37,147,-1,4,0,0,0
600,4,84,-1,4,0,0,0
601,75,179,-1,4,0,0,0
602,169,-1,-1,4,0,0,0
603,602,-1,-1,4,0,0,0
604,603,261,-1,4,0,0,0
605,178,-1,-1,4,0,0,0
606,605,357,-1,4,0,0,0
607,184,-1,-1,4,0,0,0
608,607,379,-1,4,0,0,0
609,88,-1,-1,4,0,0,0
610,609,205,-1,6,0,0,0
611,171,174,-1,4,0,0,0
612,131,173,-1,6,0,0,0
613,59,127,-1,4,0,0,0
614,60,149,-1,4,0,0,0
615,10,-1,-1,4,0,0,0
616,615,234,-1,6,0,0,0
617,230,545,-1,4,0,0,0
618,155,-1,-1,4,0,0,0
619,618,342,-1,4,0,0,0
620,68,-1,-1,4,0,0,0
621,620,299,-1,6,0,0,0
622,70,75,-1,6,0,0,0
623,2,-1,-1,4,0,0,0
624,623,323,-1,6,0,0,0
625,36,94,-1,4,0,0,0
626,9,114,-1,6,0,0,0
627,91,-1,-1,4,0,0,0
628,627,357,-1,4,0,0,0
629,95,115,-1,4,0,0,0
630,145,-1,-1,4,0,0,0
631,630,406,-1,4,0,0,0
632,75,99,-1,4,0,0,0
633,140,-1,-1,4,0,0,0
634,633,-1,-1,4,0,0,0
635,634,338,-1,4,0,0,0
636,442,577,-1,4,0,0,0
637,58,127,-1,6,0,0,0
638,16,63,-1,6,0,0,0
639,139,181,-1,6,0,0,0
640,113,142,-1,4,0,0,0
641,3,164,-1,4,0,0,0
642,50,-1,-1,4,0,0,0
643,642,310,-1,4,0,0,0
644,218,300,-1,4,0,0,0
645,158,182,-1,4,0,0,0
646,311,-1,-1,7,0,0,0
647,646,624,-1,2,0,0,0
648,29,-1,-1,4,0,0,0
649,648,242,-1,4,0,0,0
650,71,-1,-1,4,0,0,0
651,650,-1,-1,4,0,0,0
652,651,554,-1,4,0,0,0
653,36,-1,-1,4,0,0,0
654,653,405,-1,6,0,0,0
655,34,45,-1,4,0,0,0
656,129,157,-1,6,0,0,0
657,133,-1,-1,4,0,0,0
658,657,540,-1,4,0,0,0
659,106,117,-1,6,0,0,0
660,162,169,-1,4,0,0,0
661,216,482,-1,6,0,0,0
662,442,598,-1,4,0,0,0
663,80,-1,-1,4,0,0,0
664,663,-1,-1,4,0,0,0
665,664,554,-1,4,0,0,0
666,71,75,-1,4,0,0,0
667,116,-1,-1,4,0,0,0
668,667,264,-1,4,0,0,0
669,255,481,-1,4,0,0,0
670,288,610,-1,6,0,0,0
671,9,-1,-1,4,0,0,0
672,671,-1,-1,4,0,0,0
673,672,335,-1,6,0,0,0
674,123,164,-1,4,0,0,0
675,60,124,-1,6,0,0,0
676,52,-1,-1,4,0,0,0
677,676,-1,-1,4,0,0,0
678,677,597,-1,6,0,0,0
679,141,-1,-1,4,0,0,0
680,679,-1,-1,4,0,0,0
681,680,624,-1,4,0,0,0
682,17,-1,-1,4,0,0,0
683,682,-1,-1,4,0,0,0
684,683,591,-1,4,0,0,0
685,115,-1,-1,4,0,0,0
686,685,297,-1,4,0,0,0
687,32,84,-1,4,0,0,0
688,46,55,-1,4,0,0,0
689,96,-1,-1,4,0,0,0
690,689,-1,-1,4,0,0,0
691,690,359,-1,4,0,0,0
692,276,574,-1,4,0,0,0
693,480,611,-1,4,0,0,0
694,177,-1,-1,4,0,0,0
695,694,573,-1,6,0,0,0
696,15,93,-1,4,0,0,0
697,349,626,-1,4,0,0,0
698,296,417,-1,4,0,0,0
699,5,27,-1,4,0,0,0
700,255,423,-1,6,0,0,0
701,130,-1,-1,4,0,0,0
702,701,193,-1,6,0,0,0
703,4,110,-1,4,0,0,0
704,59,170,-1,4,0,0,0
705,295,336,-1,6,0,0,0
706,125,-1,-1,4,0,0,0
707,706,304,-1,6,0,0,0
708,62,93,-1,4,0,0,0
709,186,-1,-1,4,0,0,0
710,709,389,-1,4,0,0,0
711,39,-1,-1,4,0,0,0
712,711,-1,-1,4,0,0,0
713,712,654,-1,6,0,0,0
714,134,144,-1,6,0,0,0
715,130,-1,-1,4,0,0,0
716,715,548,-1,4,0,0,0
717,536,-1,-1,4,0,0,0
718,717,408,-1,6,0,0,0
719,66,143,-1,4,0,0,0
720,151,-1,-1,4,0,0,0
721,720,206,-1,6,0,0,0
722,129,-1,-1,4,0,0,0
723,722,-1,-1,4,0,0,0
724,723,497,-1,6,0,0,0
725,99,168,-1,4,0,0,0
726,54,-1,-1,4,0,0,0
727,726,432,-1,4,0,0,0
728,310,-1,-1,4,0,0,0
729,728,-1,-1,4,0,0,0
730,729,684,-1,4,0,0,0
731,33,-1,-1,4,0,0,0
732,731,226,-1,4,0,0,0
733,272,-1,-1,4,0,0,0
734,733,468,-1,6,0,0,0
735,2,184,-1,4,0,0,0
736,9,104,-1,4,0,0,0
737,102,-1,-1,4,0,0,0
738,737,255,-1,4,0,0,0
739,248,-1,-1,4,0,0,0
740,739,408,-1,6,0,0,0
741,221,192,-1,4,0,0,0
742,27,112,-1,4,0,0,0
743,15,74,-1,6,0,0,0
744,79,127,-1,6,0,0,0
745,19,-1,-1,4,0,0,0
746,745,286,-1,4,0,0,0
747,126,153,-1,4,0,0,0
748,70,-1,-1,4,0,0,0
749,748,599,-1,6,0,0,0
750,127,-1,-1,4,0,0,0
751,750,360,-1,6,0,0,0
752,48,-1,-1,4,0,0,0
753,752,725,-1,4,0,0,0
754,179,183,-1,4,0,0,0
755,389,-1,-1,4,0,0,0
756,755,228,-1,6,0,0,0
757,13,150,-1,4,0,0,0
758,168,-1,-1,4,0,0,0
759,758,-1,-1,4,0,0,0
760,759,576,-1,4,0,0,0
761,132,-1,-1,4,0,0,0
762,761,194,-1,6,0,0,0
763,50,81,-1,4,0,0,0
764,30,-1,-1,4,0,0,0
765,764,-1,-1,4,0,0,0
766,765,352,-1,6,0,0,0
767,638,-1,-1,4,0,0,0
768,767,547,-1,6,0,0,0
769,181,-1,-1,4,0,0,0
770,769,-1,-1,4,0,0,0
771,770,338,-1,6,0,0,0
772,123,-1,-1,4,0,0,0
773,772,281,-1,4,0,0,0
774,18,80,-1,4,0,0,0
775,45,121,-1,4,0,0,0
776,90,-1,-1,4,0,0,0
777,776,418,-1,4,0,0,0
778,117,-1,-1,4,0,0,0
779,778,256,-1,4,0,0,0
780,124,-1,-1,4,0,0,0
781,780,434,-1,4,0,0,0
782,13,38,-1,4,0,0,0
783,25,65,-1,4,0,0,0
784,324,218,-1,4,0,0,0
785,22,104,-1,4,0,0,0
786,84,176,-1,4,0,0,0
787,92,97,-1,6,0,0,0
788,109,181,-1,6,0,0,0
789,370,-1,-1,4,0,0,0
790,789,415,-1,4,0,0,0
791,52,91,-1,4,0,0,0
792,69,106,-1,4,0,0,0
793,211,306,-1,4,0,0,0
794,234,-1,-1,4,0,0,0
795,794,384,-1,4,0,0,0
796,258,479,-1,4,0,0,0
797,279,312,-1,4,0,0,0
798,63,77,-1,4,0,0,0
799,20,80,-1,4,0,0,0
800,11,14,-1,4,0,0,0
801,115,-1,-1,4,0,0,0
802,801,328,-1,4,0,0,0
803,159,-1,-1,4,0,0,0
804,803,674,-1,4,0,0,0
805,237,537,-1,4,0,0,0
806,41,-1,-1,4,0,0,0
807,806,639,-1,6,0,0,0
808,249,-1,-1,4,0,0,0
809,808,-1,-1,4,0,0,0
810,809,560,-1,6,0,0,0
811,254,640,-1,6,0,0,0
812,180,-1,-1,4,0,0,0
813,812,625,-1,4,0,0,0
814,563,517,-1,6,0,0,0
815,28,133,-1,4,0,0,0
816,103,-1,-1,4,0,0,0
817,816,382,-1,6,0,0,0
818,573,-1,-1,4,0,0,0
819,818,811,-1,6,0,0,0
820,221,462,-1,6,0,0,0
821,18,49,-1,4,0,0,0
822,231,-1,-1,4,0,0,0
823,822,-1,-1,4,0,0,0
824,823,771,-1,4,0,0,0
825,22,32,-1,6,0,0,0
826,262,-1,-1,4,0,0,0
827,826,707,-1,4,0,0,0
828,50,159,-1,4,0,0,0
829,131,-1,-1,4,0,0,0
830,829,-1,-1,4,0,0,0
831,830,344,-1,4,0,0,0
832,156,-1,-1,4,0,0,0
833,832,222,-1,4,0,0,0
834,24,90,-1,4,0,0,0
835,51,-1,-1,4,0,0,0
836,835,378,-1,4,0,0,0
837,101,118,-1,6,0,0,0
838,120,-1,-1,4,0,0,0
839,838,254,-1,4,0,0,0
840,201,-1,-1,4,0,0,0
841,840,762,-1,4,0,0,0
842,374,744,-1,6,0,0,0
843,270,540,-1,4,0,0,0
844,220,283,-1,4,0,0,0
845,12,83,-1,4,0,0,0
846,1,32,-1,4,0,0,0
847,65,-1,-1,4,0,0,0
848,847,218,-1,4,0,0,0
849,310,-1,-1,4,0,0,0
850,849,488,-1,6,0,0,0
851,150,-1,-1,4,0,0,0
852,851,370,-1,4,0,0,0
853,157,-1,-1,4,0,0,0
854,853,284,-1,6,0,0,0
855,2,-1,-1,4,0,0,0
856,855,419,-1,4,0,0,0
857,172,-1,-1,4,0,0,0
858,857,295,-1,4,0,0,0
859,660,-1,-1,7,0,0,0
860,859,288,-1,2,0,0,0
861,211,-1,-1,4,0,0,0
862,861,-1,-1,4,0,0,0
863,862,466,-1,4,0,0,0
864,105,-1,-1,4,0,0,0
865,864,195,-1,6,0,0,0
866,1,-1,-1,4,0,0,0
867,866,196,-1,6,0,0,0
868,26,-1,-1,4,0,0,0
869,868,200,-1,4,0,0,0
870,40,-1,-1,4,0,0,0
871,870,201,-1,4,0,0,0
872,82,-1,-1,4,0,0,0
873,872,203,-1,4,0,0,0
874,117,-1,-1,4,0,0,0
875,874,205,-1,4,0,0,0
876,154,-1,-1,4,0,0,0
877,876,206,-1,6,0,0,0
878,207,208,-1,4,0,0,0
879,209,210,-1,4,0,0,0
880,37,-1,-1,4,0,0,0
881,880,211,-1,6,0,0,0
882,70,-1,-1,4,0,0,0
883,882,212,-1,6,0,0,0
884,138,-1,-1,4,0,0,0
885,884,216,-1,4,0,0,0
886,24,-1,-1,4,0,0,0
887,886,218,-1,6,0,0,0
888,222,223,-1,6,0,0,0
889,191,-1,-1,4,0,0,0
890,889,224,-1,6,0,0,0
891,144,-1,-1,4,0,0,0
892,891,226,-1,4,0,0,0
893,91,-1,-1,4,0,0,0
894,893,-1,-1,4,0,0,0
895,894,228,-1,4,0,0,0
896,85,-1,-1,4,0,0,0
897,896,230,-1,6,0,0,0
898,231,232,-1,4,0,0,0
899,23,-1,-1,4,0,0,0
900,899,234,-1,4,0,0,0
901,11,-1,-1,4,0,0,0
902,901,235,-1,6,0,0,0
903,1,-1,-1,4,0,0,0
904,903,237,-1,6,0,0,0
905,5,-1,-1,4,0,0,0
906,905,241,-1,4,0,0,0
907,86,-1,-1,4,0,0,0
908,907,247,-1,6,0,0,0
909,58,-1,-1,4,0,0,0
910,909,248,-1,4,0,0,0
911,152,-1,-1,4,0,0,0
912,911,250,-1,6,0,0,0
913,171,-1,-1,4,0,0,0
914,913,251,-1,6,0,0,0
915,20,-1,-1,4,0,0,0
916,915,252,-1,4,0,0,0
917,254,255,-1,6,0,0,0
918,110,-1,-1,4,0,0,0
919,918,256,-1,6,0,0,0
920,187,-1,-1,4,0,0,0
921,920,258,-1,4,0,0,0
922,207,259,-1,4,0,0,0
923,151,-1,-1,4,0,0,0
924,923,-1,-1,4,0,0,0
925,924,261,-1,6,0,0,0
926,262,263,-1,4,0,0,0
927,44,-1,-1,4,0,0,0
928,927,264,-1,6,0,0,0
929,152,-1,-1,4,0,0,0
930,929,269,-1,4,0,0,0
931,270,271,-1,4,0,0,0
932,56,-1,-1,4,0,0,0
933,932,-1,-1,4,0,0,0
934,933,274,-1,4,0,0,0
935,94,-1,-1,4,0,0,0
936,935,276,-1,4,0,0,0
937,279,280,-1,4,0,0,0
938,281,282,-1,4,0,0,0
939,101,-1,-1,4,0,0,0
940,939,283,-1,6,0,0,0
941,74,-1,-1,4,0,0,0
942,941,284,-1,6,0,0,0
943,286,259,-1,6,0,0,0
944,288,290,-1,6,0,0,0
945,291,-1,-1,4,0,0,0
946,945,293,-1,4,0,0,0
947,159,-1,-1,4,0,0,0
948,947,295,-1,4,0,0,0
949,142,-1,-1,4,0,0,0
950,949,297,-1,4,0,0,0
951,149,-1,-1,4,0,0,0
952,951,-1,-1,4,0,0,0
953,952,302,-1,6,0,0,0
954,270,304,-1,4,0,0,0
955,305,306,-1,4,0,0,0
956,14,-1,-1,4,0,0,0
957,956,308,-1,6,0,0,0
958,11,-1,-1,4,0,0,0
959,958,310,-1,6,0,0,0
960,4,-1,-1,4,0,0,0
961,960,311,-1,4,0,0,0
962,32,-1,-1,4,0,0,0
963,962,312,-1,6,0,0,0
964,23,-1,-1,4,0,0,0
965,964,-1,-1,4,0,0,0
966,965,314,-1,4,0,0,0
967,138,-1,-1,4,0,0,0
968,967,319,-1,4,0,0,0
969,165,-1,-1,4,0,0,0
970,969,-1,-1,4,0,0,0
971,970,321,-1,4,0,0,0
972,60,-1,-1,4,0,0,0
973,972,325,-1,4,0,0,0
974,208,326,-1,4,0,0,0
975,328,-1,-1,4,0,0,0
976,975,329,-1,4,0,0,0
977,330,-1,-1,4,0,0,0
978,977,-1,-1,4,0,0,0
979,978,333,-1,4,0,0,0
980,336,-1,-1,4,0,0,0
981,980,335,-1,6,0,0,0
982,73,-1,-1,4,0,0,0
983,982,341,-1,6,0,0,0
984,235,342,-1,6,0,0,0
985,129,-1,-1,4,0,0,0
986,985,-1,-1,4,0,0,0
987,986,344,-1,4,0,0,0
988,78,-1,-1,4,0,0,0
989,988,345,-1,6,0,0,0
990,349,350,-1,6,0,0,0
991,6,-1,-1,4,0,0,0
992,991,-1,-1,4,0,0,0
993,992,352,-1,4,0,0,0
994,355,286,-1,6,0,0,0
995,356,-1,-1,4,0,0,0
996,995,-1,-1,4,0,0,0
997,996,976,-1,6,0,0,0
998,361,-1,-1,4,0,0,0
999,998,940,-1,6,0,0,0
1000,122,-1,-1,4,0,0,0
1001,1000,366,-1,6,0,0,0
1002,370,-1,-1,4,0,0,0
1003,1002,885,-1,4,0,0,0
1004,371,372,-1,4,0,0,0
1005,133,-1,-1,4,0,0,0
1006,1005,373,-1,6,0,0,0
1007,191,-1,-1,4,0,0,0
1008,1007,374,-1,4,0,0,0
1009,377,-1,-1,7,0,0,0
1010,1009,376,-1,2,0,0,0
1011,378,379,-1,6,0,0,0
1012,256,-1,-1,4,0,0,0
1013,1012,948,-1,6,0,0,0
1014,382,271,-1,6,0,0,0
1015,384,386,-1,6,0,0,0
1016,107,-1,-1,4,0,0,0
1017,1016,387,-1,4,0,0,0
1018,196,392,-1,4,0,0,0
1019,13,-1,-1,4,0,0,0
1020,1019,-1,-1,4,0,0,0
1021,1020,983,-1,4,0,0,0
1022,177,-1,-1,4,0,0,0
1023,1022,-1,-1,4,0,0,0
1024,1023,-1,-1,4,0,0,0
1025,1024,395,-1,4,0,0,0
1026,136,-1,-1,4,0,0,0
1027,1026,397,-1,6,0,0,0
1028,7,-1,-1,4,0,0,0
1029,1028,-1,-1,4,0,0,0
1030,1029,919,-1,4,0,0,0
1031,405,406,-1,4,0,0,0
1032,409,-1,-1,7,0,0,0
1033,1032,408,-1,2,0,0,0
1034,190,-1,-1,4,0,0,0
1035,1034,-1,-1,4,0,0,0
1036,1035,942,-1,4,0,0,0
1037,312,-1,-1,4,0,0,0
1038,1037,-1,-1,4,0,0,0
1039,1038,987,-1,6,0,0,0
1040,416,-1,-1,7,0,0,0
1041,1040,415,-1,2,0,0,0
1042,82,-1,-1,4,0,0,0
1043,1042,-1,-1,4,0,0,0
1044,1043,906,-1,4,0,0,0
1045,418,-1,-1,7,0,0,0
1046,1045,244,-1,2,0,0,0
1047,97,-1,-1,4,0,0,0
1048,1047,432,-1,4,0,0,0
1049,183,-1,-1,4,0,0,0
1050,1049,434,-1,4,0,0,0
1051,314,437,-1,4,0,0,0
1052,438,-1,-1,7,0,0,0
1053,1052,302,-1,2,0,0,0
1054,324,-1,-1,4,0,0,0
1055,1054,948,-1,6,0,0,0
1056,31,-1,-1,4,0,0,0
1057,1056,442,-1,4,0,0,0
1058,211,446,-1,6,0,0,0
1059,450,-1,-1,4,0,0,0
1060,1059,-1,-1,4,0,0,0
1061,1060,452,-1,6,0,0,0
1062,454,456,-1,4,0,0,0
1063,57,-1,-1,4,0,0,0
1064,1063,457,-1,6,0,0,0
1065,72,-1,-1,4,0,0,0
1066,1065,-1,-1,4,0,0,0
1067,1066,-1,-1,4,0,0,0
1068,1067,459,-1,6,0,0,0
1069,141,-1,-1,4,0,0,0
1070,1069,460,-1,6,0,0,0
1071,461,-1,-1,4,0,0,0
1072,1071,897,-1,6,0,0,0
1073,178,-1,-1,4,0,0,0
1074,1073,462,-1,4,0,0,0
1075,133,-1,-1,4,0,0,0
1076,1075,-1,-1,4,0,0,0
1077,1076,469,-1,4,0,0,0
1078,108,-1,-1,4,0,0,0
1079,1078,472,-1,4,0,0,0
1080,324,473,-1,4,0,0,0
1081,345,476,-1,4,0,0,0
1082,232,477,-1,4,0,0,0
1083,478,-1,-1,4,0,0,0
1084,1083,1001,-1,6,0,0,0
1085,169,-1,-1,4,0,0,0
1086,1085,483,-1,4,0,0,0
1087,11,-1,-1,4,0,0,0
1088,1087,-1,-1,4,0,0,0
1089,1088,1011,-1,6,0,0,0
1090,100,-1,-1,4,0,0,0
1091,1090,-1,-1,4,0,0,0
1092,1091,-1,-1,4,0,0,0
1093,1092,1077,-1,4,0,0,0
1094,250,-1,-1,7,0,0,0
1095,1094,488,-1,2,0,0,0
1096,491,-1,-1,7,0,0,0
1097,1096,490,-1,2,0,0,0
1098,328,-1,-1,4,0,0,0
1099,1098,493,-1,6,0,0,0
1100,371,-1,-1,4,0,0,0
1101,1100,963,-1,6,0,0,0
1102,440,-1,-1,4,0,0,0
1103,1102,495,-1,6,0,0,0
1104,182,-1,-1,4,0,0,0
1105,1104,-1,-1,4,0,0,0
1106,1105,917,-1,4,0,0,0
1107,149,-1,-1,4,0,0,0
1108,1107,503,-1,4,0,0,0
1109,269,505,-1,4,0,0,0
1110,931,-1,-1,7,0,0,0
1111,1110,395,-1,2,0,0,0
1112,506,507,-1,4,0,0,0
1113,12,-1,-1,4,0,0,0
1114,1113,522,-1,4,0,0,0
1115,8,-1,-1,4,0,0,0
1116,1115,523,-1,6,0,0,0
1117,89,-1,-1,4,0,0,0
1118,1117,526,-1,4,0,0,0
1119,187,-1,-1,4,0,0,0
1120,1119,-1,-1,4,0,0,0
1121,1120,984,-1,6,0,0,0
1122,191,-1,-1,4,0,0,0
1123,1122,540,-1,4,0,0,0
1124,881,543,-1,4,0,0,0
1125,86,-1,-1,4,0,0,0
1126,1125,544,-1,6,0,0,0
1127,205,545,-1,6,0,0,0
1128,361,546,-1,6,0,0,0
1129,469,547,-1,6,0,0,0
1130,158,-1,-1,4,0,0,0
1131,1130,-1,-1,4,0,0,0
1132,1131,554,-1,4,0,0,0
1133,561,-1,-1,7,0,0,0
1134,1133,-1,-1,7,0,0,0
1135,1134,560,-1,2,0,0,0
1136,188,-1,-1,4,0,0,0
1137,1136,-1,-1,4,0,0,0
1138,1137,567,-1,4,0,0,0
1139,344,569,-1,4,0,0,0
1140,437,571,-1,4,0,0,0
1141,583,-1,-1,7,0,0,0
1142,1141,422,-1,2,0,0,0
1143,257,-1,-1,4,0,0,0
1144,1143,584,-1,6,0,0,0
1145,585,-1,-1,4,0,0,0
1146,1145,917,-1,6,0,0,0
1147,48,-1,-1,4,0,0,0
1148,1147,-1,-1,4,0,0,0
1149,1148,591,-1,6,0,0,0
1150,593,-1,-1,4,0,0,0
1151,1150,-1,-1,4,0,0,0
1152,1151,595,-1,6,0,0,0
1153,185,-1,-1,4,0,0,0
1154,1153,-1,-1,4,0,0,0
1155,1154,983,-1,4,0,0,0
1156,126,-1,-1,4,0,0,0
1157,1156,-1,-1,4,0,0,0
1158,1157,616,-1,4,0,0,0
1159,526,622,-1,6,0,0,0
1160,189,-1,-1,4,0,0,0
1161,1160,-1,-1,4,0,0,0
1162,1161,631,-1,6,0,0,0
1163,96,-1,-1,4,0,0,0
1164,1163,638,-1,6,0,0,0
1165,497,1123,-1,4,0,0,0
1166,175,-1,-1,4,0,0,0
1167,1166,639,-1,6,0,0,0
1168,640,-1,-1,4,0,0,0
1169,1168,877,-1,6,0,0,0
1170,645,-1,-1,4,0,0,0
1171,1170,-1,-1,4,0,0,0
1172,1171,647,-1,4,0,0,0
1173,469,649,-1,6,0,0,0
1174,654,589,-1,4,0,0,0
1175,47,-1,-1,4,0,0,0
1176,1175,-1,-1,4,0,0,0
1177,1176,973,-1,4,0,0,0
1178,46,-1,-1,4,0,0,0
1179,1178,656,-1,4,0,0,0
1180,341,659,-1,6,0,0,0
1181,660,-1,-1,7,0,0,0
1182,1181,616,-1,2,0,0,0
1183,661,662,-1,6,0,0,0
1184,989,-1,-1,4,0,0,0
1185,1184,670,-1,4,0,0,0
1186,240,674,-1,6,0,0,0
1187,526,-1,-1,4,0,0,0
1188,1187,1014,-1,4,0,0,0
1189,390,-1,-1,7,0,0,0
1190,1189,959,-1,2,0,0,0
1191,298,696,-1,4,0,0,0
1192,335,954,-1,4,0,0,0
1193,113,-1,-1,4,0,0,0
1194,1193,699,-1,6,0,0,0
1195,888,702,-1,6,0,0,0
1196,580,-1,-1,4,0,0,0
1197,1196,1027,-1,6,0,0,0
1198,704,-1,-1,7,0,0,0
1199,1198,973,-1,2,0,0,0
1200,69,-1,-1,4,0,0,0
1201,1200,-1,-1,4,0,0,0
1202,1201,-1,-1,4,0,0,0
1203,1202,1044,-1,4,0,0,0
1204,441,-1,-1,4,0,0,0
1205,1204,-1,-1,4,0,0,0
1206,1205,713,-1,4,0,0,0
1207,473,-1,-1,4,0,0,0
1208,1207,716,-1,4,0,0,0
1209,27,-1,-1,4,0,0,0
1210,1209,-1,-1,4,0,0,0
1211,1210,887,-1,6,0,0,0
1212,166,-1,-1,4,0,0,0
1213,1212,-1,-1,4,0,0,0
1214,1213,-1,-1,4,0,0,0
1215,1214,1177,-1,6,0,0,0
1216,867,-1,-1,4,0,0,0
1217,1216,724,-1,6,0,0,0
1218,146,-1,-1,4,0,0,0
1219,1218,-1,-1,4,0,0,0
1220,1219,890,-1,4,0,0,0
1221,128,-1,-1,4,0,0,0
1222,1221,-1,-1,4,0,0,0
1223,1222,-1,-1,4,0,0,0
1224,1223,740,-1,4,0,0,0
1225,179,-1,-1,4,0,0,0
1226,1225,-1,-1,4,0,0,0
1227,1226,955,-1,4,0,0,0
1228,742,-1,-1,7,0,0,0
1229,1228,616,-1,2,0,0,0
1230,744,-1,-1,4,0,0,0
1231,1230,746,-1,4,0,0,0
1232,757,-1,-1,4,0,0,0
1233,1232,444,-1,6,0,0,0
1234,3,54,-1,4,0,0,0
1235,87,98,-1,2,0,0,0
1236,182,-1,-1,7,0,0,0
1237,1234,1235,-1,6,0,0,0
1238,1236,241,-1,7,0,0,0
1239,299,336,-1,2,0,0,0
1240,548,390,-1,7,0,0,0
1241,611,377,-1,4,0,0,0
1242,551,754,-1,7,0,0,0
1243,1237,1238,-1,4,0,0,0
1244,1239,1240,-1,4,0,0,0
1245,1241,1242,-1,4,0,0,0
1246,873,534,-1,4,0,0,0
1247,1243,1244,-1,6,0,0,0
1248,1245,1246,-1,6,0,0,0
1249,760,-1,-1,7,0,0,0
1250,1247,1248,-1,6,0,0,0
1251,1249,-1,-1,7,0,0,0
1252,1250,1251,-1,4,0,0,0
1253,785,-1,-1,4,0,0,0
1254,1253,-1,-1,4,0,0,0
1255,1254,681,-1,4,0,0,0
1256,786,787,-1,4,0,0,0
1257,746,793,-1,4,0,0,0
1258,216,-1,-1,4,0,0,0
1259,1258,948,-1,4,0,0,0
1260,446,-1,-1,7,0,0,0
1261,1260,906,-1,2,0,0,0
1262,366,-1,-1,4,0,0,0
1263,1262,797,-1,4,0,0,0
1264,798,799,-1,4,0,0,0
1265,397,-1,-1,4,0,0,0
1266,1265,942,-1,6,0,0,0
1267,186,-1,-1,4,0,0,0
1268,1267,-1,-1,4,0,0,0
1269,1268,817,-1,4,0,0,0
1270,912,820,-1,6,0,0,0
1271,434,-1,-1,4,0,0,0
1272,1271,-1,-1,4,0,0,0
1273,1272,827,-1,6,0,0,0
1274,12,52,-1,2,0,0,0
1275,61,62,-1,7,0,0,0
1276,98,136,-1,4,0,0,0
1277,1274,1275,-1,4,0,0,0
1278,1276,342,-1,4,0,0,0
1279,629,735,-1,7,0,0,0
1280,1277,1278,-1,6,0,0,0
1281,1279,415,-1,7,0,0,0
1282,1011,563,-1,7,0,0,0
1283,773,504,-1,6,0,0,0
1284,974,511,-1,7,0,0,0
1285,381,-1,-1,7,0,0,0
1286,1280,1281,-1,4,0,0,0
1287,1282,1283,-1,2,0,0,0
1288,1284,1285,-1,7,0,0,0
1289,756,1072,-1,7,0,0,0
1290,1129,-1,-1,7,0,0,0
1291,1286,1287,-1,6,0,0,0
1292,1288,1289,-1,7,0,0,0
1293,1290,-1,-1,7,0,0,0
1294,1291,1292,-1,4,0,0,0
1295,1293,-1,-1,7,0,0,0
1296,1294,1295,-1,4,0,0,0
1297,834,-1,-1,7,0,0,0
1298,1297,695,-1,2,0,0,0
1299,285,-1,-1,4,0,0,0
1300,1299,836,-1,4,0,0,0
1301,298,-1,-1,4,0,0,0
1302,1301,973,-1,6,0,0,0
1303,265,-1,-1,4,0,0,0
1304,1303,842,-1,6,0,0,0
1305,782,-1,-1,4,0,0,0
1306,1305,844,-1,4,0,0,0
1307,622,-1,-1,7,0,0,0
1308,1307,897,-1,2,0,0,0
1309,42,-1,-1,4,0,0,0
1310,1309,845,-1,6,0,0,0
1311,4,40,-1,4,0,0,0
1312,132,163,-1,2,0,0,0
1313,174,-1,-1,7,0,0,0
1314,1311,1312,-1,6,0,0,0
1315,1313,270,-1,7,0,0,0
1316,300,461,-1,7,0,0,0
1317,846,225,-1,6,0,0,0
1318,403,-1,-1,4,0,0,0
1319,1314,1315,-1,4,0,0,0
1320,1316,1317,-1,2,0,0,0
1321,1318,888,-1,6,0,0,0
1322,591,984,-1,6,0,0,0
1323,852,937,-1,4,0,0,0
1324,1310,854,-1,2,0,0,0
1325,1319,1320,-1,6,0,0,0
1326,1321,1322,-1,6,0,0,0
1327,1323,1324,-1,6,0,0,0
1328,981,771,-1,4,0,0,0
1329,1089,1304,-1,2,0,0,0
1330,1325,1326,-1,6,0,0,0
1331,1327,1328,-1,6,0,0,0
1332,1329,-1,-1,4,0,0,0
1333,1330,1331,-1,6,0,0,0
1334,1332,-1,-1,4,0,0,0
1335,1333,1334,-1,6,0,0,0
1336,18,37,-1,6,0,0,0
1337,39,73,-1,2,0,0,0
1338,74,90,-1,6,0,0,0
1339,139,140,-1,6,0,0,0
1340,150,159,-1,6,0,0,0
1341,1336,1337,-1,6,0,0,0
1342,1338,1339,-1,6,0,0,0
1343,1340,247,-1,6,0,0,0
1344,252,336,-1,6,0,0,0
1345,357,285,-1,2,0,0,0
1346,696,523,-1,4,0,0,0
1347,645,210,-1,4,0,0,0
1348,400,-1,-1,4,0,0,0
1349,1341,1342,-1,6,0,0,0
1350,1343,1344,-1,6,0,0,0
1351,1345,1346,-1,6,0,0,0
1352,1347,1348,-1,6,0,0,0
1353,1014,954,-1,4,0,0,0
1354,751,485,-1,6,0,0,0
1355,1349,1350,-1,6,0,0,0
1356,1351,1352,-1,6,0,0,0
1357,1353,1354,-1,6,0,0,0
1358,768,1197,-1,6,0,0,0
1359,1355,1356,-1,6,0,0,0
1360,1357,1358,-1,6,0,0,0
1361,1215,-1,-1,4,0,0,0
1362,1359,1360,-1,6,0,0,0
1363,1361,-1,-1,4,0,0,0
1364,1362,1363,-1,6,0,0,0
1365,17,35,-1,2,0,0,0
1366,40,101,-1,4,0,0,0
1367,122,126,-1,4,0,0,0
1368,172,-1,-1,7,0,0,0
1369,1365,1366,-1,6,0,0,0
1370,1367,1368,-1,4,0,0,0
1371,234,251,-1,2,0,0,0
1372,259,821,-1,2,0,0,0
1373,763,-1,-1,7,0,0,0
1374,1369,1370,-1,6,0,0,0
1375,1371,1372,-1,6,0,0,0
1376,1373,628,-1,7,0,0,0
1377,773,928,-1,4,0,0,0
1378,579,661,-1,6,0,0,0
1379,802,741,-1,6,0,0,0
1380,644,1128,-1,2,0,0,0
1381,1374,1375,-1,6,0,0,0
1382,1376,1377,-1,2,0,0,0
1383,1378,1379,-1,6,0,0,0
1384,1380,1106,-1,6,0,0,0
1385,860,1302,-1,2,0,0,0
1386,1381,1382,-1,6,0,0,0
1387,1383,1384,-1,6,0,0,0
1388,1385,1135,-1,4,0,0,0
1389,1386,1387,-1,6,0,0,0
1390,1388,-1,-1,4,0,0,0
1391,1389,1390,-1,6,0,0,0
1392,65,122,-1,6,0,0,0
1393,141,142,-1,6,0,0,0
1394,147,161,-1,6,0,0,0
1395,165,183,-1,4,0,0,0
1396,1392,1393,-1,6,0,0,0
1397,1394,1395,-1,6,0,0,0
1398,782,480,-1,4,0,0,0
1399,409,626,-1,6,0,0,0
1400,637,500,-1,6,0,0,0
1401,519,-1,-1,4,0,0,0
1402,1396,1397,-1,6,0,0,0
1403,1398,1399,-1,6,0,0,0
1404,1400,1401,-1,6,0,0,0
1405,567,539,-1,2,0,0,0
1406,858,879,-1,6,0,0,0
1407,514,-1,-1,4,0,0,0
1408,1402,1403,-1,6,0,0,0
1409,1404,1405,-1,6,0,0,0
1410,1406,1407,-1,6,0,0,0
1411,850,-1,-1,4,0,0,0
1412,1408,1409,-1,6,0,0,0
1413,1410,1411,-1,6,0,0,0
1414,863,-1,-1,4,0,0,0
1415,1412,1413,-1,6,0,0,0
1416,1414,-1,-1,4,0,0,0
1417,1415,1416,-1,6,0,0,0
1418,224,-1,-1,4,0,0,0
1419,1418,908,-1,4,0,0,0
1420,8,30,-1,7,0,0,0
1421,83,125,-1,7,0,0,0
1422,156,-1,-1,4,0,0,0
1423,1420,1421,-1,7,0,0,0
1424,1422,548,-1,4,0,0,0
1425,281,473,-1,7,0,0,0
1426,197,426,-1,7,0,0,0
1427,472,614,-1,2,0,0,0
1428,743,788,-1,7,0,0,0
1429,1423,1424,-1,2,0,0,0
1430,1425,1426,-1,7,0,0,0
1431,1427,1428,-1,4,0,0,0
1432,865,751,-1,7,0,0,0
1433,856,1256,-1,4,0,0,0
1434,1429,1430,-1,4,0,0,0
1435,1431,1432,-1,4,0,0,0
1436,1433,1308,-1,4,0,0,0
1437,860,1146,-1,7,0,0,0
1438,1434,1435,-1,6,0,0,0
1439,1436,1437,-1,4,0,0,0
1440,810,-1,-1,7,0,0,0
1441,1438,1439,-1,6,0,0,0
1442,1440,-1,-1,7,0,0,0
1443,1441,1442,-1,4,0,0,0
1444,158,162,-1,2,0,0,0
1445,186,-1,-1,4,0,0,0
1446,1444,1445,-1,6,0,0,0
1447,355,350,-1,7,0,0,0
1448,419,481,-1,6,0,0,0
1449,757,303,-1,6,0,0,0
1450,786,528,-1,2,0,0,0
1451,1446,1447,-1,4,0,0,0
1452,1448,1449,-1,6,0,0,0
1453,1450,468,-1,4,0,0,0
1454,1159,784,-1,7,0,0,0
1455,843,898,-1,4,0,0,0
1456,805,1180,-1,4,0,0,0
1457,1451,1452,-1,6,0,0,0
1458,1453,1454,-1,4,0,0,0
1459,1455,1456,-1,6,0,0,0
1460,981,1106,-1,7,0,0,0
1461,1419,1263,-1,6,0,0,0
1462,1300,1257,-1,2,0,0,0
1463,1173,-1,-1,7,0,0,0
1464,1457,1458,-1,6,0,0,0
1465,1459,1460,-1,4,0,0,0
1466,1461,1462,-1,6,0,0,0
1467,1463,-1,-1,7,0,0,0
1468,1464,1465,-1,6,0,0,0
1469,1466,1467,-1,4,0,0,0
1470,1152,-1,-1,7,0,0,0
1471,1468,1469,-1,6,0,0,0
1472,1470,-1,-1,7,0,0,0
1473,1471,1472,-1,4,0,0,0
1474,189,-1,-1,4,0,0,0
1475,1474,-1,-1,4,0,0,0
1476,1475,865,-1,4,0,0,0
1477,137,-1,-1,4,0,0,0
1478,1477,-1,-1,4,0,0,0
1479,1478,877,-1,4,0,0,0
1480,123,-1,-1,4,0,0,0
1481,1480,-1,-1,4,0,0,0
1482,1481,881,-1,4,0,0,0
1483,221,-1,-1,4,0,0,0
1484,1483,888,-1,6,0,0,0
1485,77,-1,-1,4,0,0,0
1486,1485,-1,-1,4,0,0,0
1487,1486,890,-1,6,0,0,0
1488,82,-1,-1,4,0,0,0
1489,1488,-1,-1,4,0,0,0
1490,1489,892,-1,4,0,0,0
1491,115,-1,-1,4,0,0,0
1492,1491,-1,-1,4,0,0,0
1493,1492,897,-1,6,0,0,0
1494,233,-1,-1,4,0,0,0
1495,1494,900,-1,4,0,0,0
1496,236,-1,-1,7,0,0,0
1497,1496,902,-1,2,0,0,0
1498,75,-1,-1,4,0,0,0
1499,1498,-1,-1,4,0,0,0
1500,1499,917,-1,4,0,0,0
1501,257,-1,-1,7,0,0,0
1502,1501,919,-1,2,0,0,0
1503,922,-1,-1,4,0,0,0
1504,1503,925,-1,4,0,0,0
1505,926,928,-1,4,0,0,0
1506,272,-1,-1,4,0,0,0
1507,1506,-1,-1,4,0,0,0
1508,1507,934,-1,6,0,0,0
1509,187,-1,-1,4,0,0,0
1510,1509,-1,-1,4,0,0,0
1511,1510,940,-1,6,0,0,0
1512,285,-1,-1,7,0,0,0
1513,1512,942,-1,2,0,0,0
1514,294,-1,-1,4,0,0,0
1515,1514,-1,-1,4,0,0,0
1516,1515,946,-1,6,0,0,0
1517,76,-1,-1,4,0,0,0
1518,1517,-1,-1,4,0,0,0
1519,1518,948,-1,6,0,0,0
1520,296,-1,-1,4,0,0,0
1521,1520,950,-1,4,0,0,0
1522,72,-1,-1,4,0,0,0
1523,1522,-1,-1,4,0,0,0
1524,1523,954,-1,4,0,0,0
1525,171,-1,-1,4,0,0,0
1526,1525,-1,-1,4,0,0,0
1527,1526,959,-1,6,0,0,0
1528,19,-1,-1,4,0,0,0
1529,1528,-1,-1,4,0,0,0
1530,1529,963,-1,4,0,0,0
1531,324,-1,-1,4,0,0,0
1532,1531,973,-1,4,0,0,0
1533,327,-1,-1,4,0,0,0
1534,1533,-1,-1,4,0,0,0
1535,1534,976,-1,4,0,0,0
1536,31,-1,-1,4,0,0,0
1537,1536,-1,-1,4,0,0,0
1538,1537,-1,-1,4,0,0,0
1539,1538,981,-1,6,0,0,0
1540,351,-1,-1,7,0,0,0
1541,1540,990,-1,2,0,0,0
1542,105,-1,-1,4,0,0,0
1543,1542,-1,-1,4,0,0,0
1544,1543,994,-1,6,0,0,0
1545,169,-1,-1,4,0,0,0
1546,1545,-1,-1,4,0,0,0
1547,1546,1001,-1,4,0,0,0
1548,1006,1008,-1,4,0,0,0
1549,82,-1,-1,4,0,0,0
1550,1549,-1,-1,4,0,0,0
1551,1550,1011,-1,6,0,0,0
1552,345,-1,-1,4,0,0,0
1553,1552,1014,-1,6,0,0,0
1554,280,-1,-1,4,0,0,0
1555,1554,-1,-1,4,0,0,0
1556,1555,1541,-1,4,0,0,0
1557,388,-1,-1,4,0,0,0
1558,1557,1017,-1,6,0,0,0
1559,1027,399,-1,4,0,0,0
1560,990,-1,-1,4,0,0,0
1561,1560,1036,-1,4,0,0,0
1562,413,-1,-1,4,0,0,0
1563,1562,1041,-1,4,0,0,0
1564,340,-1,-1,4,0,0,0
1565,1564,1044,-1,4,0,0,0
1566,417,-1,-1,4,0,0,0
1567,1566,-1,-1,4,0,0,0
1568,1567,1046,-1,6,0,0,0
1569,440,-1,-1,4,0,0,0
1570,1569,-1,-1,4,0,0,0
1571,1570,1055,-1,6,0,0,0
1572,441,-1,-1,4,0,0,0
1573,1572,1057,-1,6,0,0,0
1574,959,-1,-1,4,0,0,0
1575,1574,-1,-1,4,0,0,0
1576,1575,1061,-1,4,0,0,0
1577,1074,464,-1,6,0,0,0
1578,1084,-1,-1,4,0,0,0
1579,1578,1025,-1,6,0,0,0
1580,33,46,-1,7,0,0,0
1581,56,118,-1,7,0,0,0
1582,125,131,-1,7,0,0,0
1583,153,-1,-1,7,0,0,0
1584,1580,1581,-1,7,0,0,0
1585,1582,1583,-1,7,0,0,0
1586,324,248,-1,7,0,0,0
1587,361,259,-1,7,0,0,0
1588,479,480,-1,2,0,0,0
1589,481,482,-1,7,0,0,0
1590,303,268,-1,6,0,0,0
1591,486,-1,-1,4,0,0,0
1592,1584,1585,-1,7,0,0,0
1593,1586,1587,-1,7,0,0,0
1594,1588,1589,-1,4,0,0,0
1595,1590,1591,-1,6,0,0,0
1596,954,413,-1,7,0,0,0
1597,1086,485,-1,4,0,0,0
1598,1031,-1,-1,4,0,0,0
1599,1592,1593,-1,7,0,0,0
1600,1594,1595,-1,6,0,0,0
1601,1596,1597,-1,2,0,0,0
1602,1598,1089,-1,4,0,0,0
1603,1095,1097,-1,6,0,0,0
1604,1099,1101,-1,4,0,0,0
1605,1103,-1,-1,7,0,0,0
1606,1599,1600,-1,2,0,0,0
1607,1601,1602,-1,6,0,0,0
1608,1603,1604,-1,6,0,0,0
1609,1605,1093,-1,7,0,0,0
1610,1606,1607,-1,6,0,0,0
1611,1608,1609,-1,4,0,0,0
1612,1610,1611,-1,6,0,0,0
1613,1,90,-1,4,0,0,0
1614,99,119,-1,7,0,0,0
1615,1613,1614,-1,4,0,0,0
1616,205,498,-1,4,0,0,0
1617,499,500,-1,2,0,0,0
1618,1615,1616,-1,6,0,0,0
1619,1617,335,-1,4,0,0,0
1620,344,338,-1,7,0,0,0
1621,497,274,-1,7,0,0,0
1622,502,1108,-1,7,0,0,0
1623,504,1109,-1,2,0,0,0
1624,1112,509,-1,4,0,0,0
1625,511,514,-1,7,0,0,0
1626,1618,1619,-1,6,0,0,0
1627,1620,1621,-1,7,0,0,0
1628,1622,1623,-1,2,0,0,0
1629,1624,1625,-1,4,0,0,0
1630,1106,1559,-1,7,0,0,0
1631,513,-1,-1,7,0,0,0
1632,1626,1627,-1,4,0,0,0
1633,1628,1629,-1,6,0,0,0
1634,1630,1631,-1,7,0,0,0
1635,1111,1516,-1,7,0,0,0
1636,1632,1633,-1,6,0,0,0
1637,1634,1635,-1,7,0,0,0
1638,1636,1637,-1,4,0,0,0
1639,128,-1,-1,4,0,0,0
1640,1639,-1,-1,4,0,0,0
1641,1640,1114,-1,4,0,0,0
1642,963,1116,-1,4,0,0,0
1643,15,81,-1,7,0,0,0
1644,107,152,-1,7,0,0,0
1645,153,-1,-1,7,0,0,0
1646,1643,1644,-1,7,0,0,0
1647,1645,416,-1,7,0,0,0
1648,527,528,-1,7,0,0,0
1649,1646,1647,-1,7,0,0,0
1650,1648,338,-1,2,0,0,0
1651,293,1118,-1,4,0,0,0
1652,961,530,-1,4,0,0,0
1653,449,435,-1,2,0,0,0
1654,534,-1,-1,7,0,0,0
1655,1649,1650,-1,2,0,0,0
1656,1651,1652,-1,6,0,0,0
1657,1653,1654,-1,4,0,0,0
1658,1021,532,-1,2,0,0,0
1659,1121,513,-1,7,0,0,0
1660,1573,-1,-1,7,0,0,0
1661,1655,1656,-1,6,0,0,0
1662,1657,1658,-1,6,0,0,0
1663,1659,1660,-1,7,0,0,0
1664,1661,1662,-1,6,0,0,0
1665,1663,-1,-1,7,0,0,0
1666,1664,1665,-1,4,0,0,0
1667,16,97,-1,2,0,0,0
1668,134,186,-1,4,0,0,0
1669,1667,1668,-1,6,0,0,0
1670,254,548,-1,2,0,0,0
1671,327,411,-1,7,0,0,0
1672,549,198,-1,2,0,0,0
1673,551,552,-1,7,0,0,0
1674,1669,1670,-1,6,0,0,0
1675,1671,1672,-1,2,0,0,0
1676,1673,1116,-1,2,0,0,0
1677,471,550,-1,6,0,0,0
1678,556,1081,-1,7,0,0,0
1679,557,-1,-1,7,0,0,0
1680,1674,1675,-1,6,0,0,0
1681,1676,1677,-1,6,0,0,0
1682,1678,1679,-1,7,0,0,0
1683,1484,1021,-1,6,0,0,0
1684,1132,944,-1,7,0,0,0
1685,1680,1681,-1,6,0,0,0
1686,1682,1683,-1,2,0,0,0
1687,1684,1135,-1,2,0,0,0
1688,1685,1686,-1,6,0,0,0
1689,1687,-1,-1,4,0,0,0
1690,1688,1689,-1,6,0,0,0
1691,29,74,-1,2,0,0,0
1692,1691,270,-1,4,0,0,0
1693,234,256,-1,7,0,0,0
1694,370,226,-1,7,0,0,0
1695,361,565,-1,7,0,0,0
1696,1692,1693,-1,4,0,0,0
1697,1694,1695,-1,7,0,0,0
1698,973,1001,-1,7,0,0,0
1699,563,246,-1,7,0,0,0
1700,454,1057,-1,2,0,0,0
1701,1074,1008,-1,7,0,0,0
1702,564,572,-1,2,0,0,0
1703,1696,1697,-1,4,0,0,0
1704,1698,1699,-1,7,0,0,0
1705,1700,1701,-1,4,0,0,0
1706,1702,1527,-1,6,0,0,0
1707,1138,1139,-1,2,0,0,0
1708,1140,1033,-1,7,0,0,0
1709,1703,1704,-1,4,0,0,0
1710,1705,1706,-1,6,0,0,0
1711,1707,1708,-1,4,0,0,0
1712,1709,1710,-1,6,0,0,0
1713,1711,-1,-1,4,0,0,0
1714,1712,1713,-1,6,0,0,0
1715,330,-1,-1,4,0,0,0
1716,1715,-1,-1,4,0,0,0
1717,1716,1149,-1,4,0,0,0
1718,61,64,-1,2,0,0,0
1719,105,115,-1,6,0,0,0
1720,127,128,-1,2,0,0,0
1721,152,181,-1,7,0,0,0
1722,190,-1,-1,4,0,0,0
1723,1718,1719,-1,6,0,0,0
1724,1720,1721,-1,4,0,0,0
1725,1722,195,-1,4,0,0,0
1726,349,476,-1,2,0,0,0
1727,598,599,-1,2,0,0,0
1728,518,307,-1,4,0,0,0
1729,600,601,-1,7,0,0,0
1730,486,-1,-1,7,0,0,0
1731,1723,1724,-1,6,0,0,0
1732,1725,1726,-1,6,0,0,0
1733,1727,1728,-1,6,0,0,0
1734,1729,1730,-1,7,0,0,0
1735,488,597,-1,2,0,0,0
1736,885,1108,-1,2,0,0,0
1737,606,608,-1,2,0,0,0
1738,1731,1732,-1,6,0,0,0
1739,1733,1734,-1,4,0,0,0
1740,1735,1736,-1,6,0,0,0
1741,1737,1479,-1,6,0,0,0
1742,604,1155,-1,4,0,0,0
1743,1738,1739,-1,6,0,0,0
1744,1740,1741,-1,6,0,0,0
1745,1742,-1,-1,4,0,0,0
1746,1743,1744,-1,6,0,0,0
1747,1745,-1,-1,4,0,0,0
1748,1746,1747,-1,6,0,0,0
1749,621,1159,-1,4,0,0,0
1750,637,-1,-1,4,0,0,0
1751,1750,1164,-1,4,0,0,0
1752,652,1174,-1,6,0,0,0
1753,1182,1183,-1,6,0,0,0
1754,1188,678,-1,6,0,0,0
1755,373,-1,-1,4,0,0,0
1756,1755,1191,-1,4,0,0,0
1757,29,68,-1,7,0,0,0
1758,114,121,-1,6,0,0,0
1759,152,-1,-1,4,0,0,0
1760,1757,1758,-1,2,0,0,0
1761,1759,192,-1,4,0,0,0
1762,251,526,-1,7,0,0,0
1763,306,638,-1,6,0,0,0
1764,457,612,-1,4,0,0,0
1765,703,-1,-1,4,0,0,0
1766,1760,1761,-1,6,0,0,0
1767,1762,1763,-1,2,0,0,0
1768,1764,1765,-1,6,0,0,0
1769,228,890,-1,4,0,0,0
1770,569,910,-1,7,0,0,0
1771,902,1086,-1,4,0,0,0
1772,705,-1,-1,4,0,0,0
1773,1766,1767,-1,6,0,0,0
1774,1768,1769,-1,6,0,0,0
1775,1770,1771,-1,2,0,0,0
1776,1772,1199,-1,4,0,0,0
1777,1773,1774,-1,6,0,0,0
1778,1775,1776,-1,6,0,0,0
1779,1061,997,-1,7,0,0,0
1780,1777,1778,-1,6,0,0,0
1781,1779,-1,-1,7,0,0,0
1782,1780,1781,-1,4,0,0,0
1783,341,-1,-1,4,0,0,0
1784,1783,-1,-1,4,0,0,0
1785,1784,1476,-1,4,0,0,0
1786,714,-1,-1,4,0,0,0
1787,1786,-1,-1,4,0,0,0
1788,1787,1208,-1,4,0,0,0
1789,2,29,-1,2,0,0,0
1790,92,136,-1,7,0,0,0
1791,147,167,-1,7,0,0,0
1792,1789,1790,-1,4,0,0,0
1793,1791,263,-1,7,0,0,0
1794,319,598,-1,4,0,0,0
1795,505,719,-1,7,0,0,0
1796,632,-1,-1,7,0,0,0
1797,1792,1793,-1,4,0,0,0
1798,1794,1795,-1,4,0,0,0
1799,1796,576,-1,2,0,0,0
1800,564,721,-1,7,0,0,0
1801,1797,1798,-1,6,0,0,0
1802,1799,1800,-1,4,0,0,0
1803,1493,1053,-1,2,0,0,0
1804,1211,1121,-1,7,0,0,0
1805,1013,-1,-1,7,0,0,0
1806,1801,1802,-1,6,0,0,0
1807,1803,1804,-1,4,0,0,0
1808,1805,1215,-1,7,0,0,0
1809,1217,-1,-1,7,0,0,0
1810,1806,1807,-1,6,0,0,0
1811,1808,1809,-1,7,0,0,0
1812,1810,1811,-1,4,0,0,0
1813,18,33,-1,7,0,0,0
1814,131,175,-1,4,0,0,0
1815,177,-1,-1,7,0,0,0
1816,1813,1814,-1,2,0,0,0
1817,1815,222,-1,2,0,0,0
1818,373,207,-1,4,0,0,0
1819,311,392,-1,2,0,0,0
1820,637,725,-1,2,0,0,0
1821,401,-1,-1,4,0,0,0
1822,1816,1817,-1,6,0,0,0
1823,1818,1819,-1,6,0,0,0
1824,1820,1821,-1,6,0,0,0
1825,554,984,-1,4,0,0,0
1826,593,579,-1,4,0,0,0
1827,871,727,-1,6,0,0,0
1828,556,-1,-1,4,0,0,0
1829,1822,1823,-1,6,0,0,0
1830,1824,1825,-1,6,0,0,0
1831,1826,1827,-1,6,0,0,0
1832,1828,1055,-1,4,0,0,0
1833,1502,713,-1,2,0,0,0
1834,1162,999,-1,7,0,0,0
1835,1829,1830,-1,6,0,0,0
1836,1831,1832,-1,6,0,0,0
1837,1833,1834,-1,4,0,0,0
1838,730,-1,-1,4,0,0,0
1839,1835,1836,-1,6,0,0,0
1840,1837,1838,-1,6,0,0,0
1841,1839,1840,-1,6,0,0,0
1842,446,-1,-1,4,0,0,0
1843,1842,-1,-1,4,0,0,0
1844,1843,1220,-1,4,0,0,0
1845,116,-1,-1,4,0,0,0
1846,1845,-1,-1,4,0,0,0
1847,1846,-1,-1,4,0,0,0
1848,1847,1231,-1,6,0,0,0
1849,13,58,-1,2,0,0,0
1850,64,167,-1,7,0,0,0
1851,1849,1850,-1,4,0,0,0
1852,222,192,-1,4,0,0,0
1853,440,232,-1,2,0,0,0
1854,409,483,-1,6,0,0,0
1855,714,294,-1,6,0,0,0
1856,774,275,-1,6,0,0,0
1857,775,-1,-1,7,0,0,0
1858,1851,1852,-1,6,0,0,0
1859,1853,1854,-1,6,0,0,0
1860,1855,1856,-1,6,0,0,0
1861,1857,686,-1,7,0,0,0
1862,773,550,-1,6,0,0,0
1863,777,738,-1,4,0,0,0
1864,779,781,-1,6,0,0,0
1865,697,-1,-1,7,0,0,0
1866,1858,1859,-1,6,0,0,0
1867,1860,1861,-1,4,0,0,0
1868,1862,1863,-1,6,0,0,0
1869,1864,1865,-1,4,0,0,0
1870,1532,771,-1,7,0,0,0
1871,1158,1551,-1,2,0,0,0
1872,1866,1867,-1,6,0,0,0
1873,1868,1869,-1,6,0,0,0
1874,1870,1871,-1,2,0,0,0
1875,1872,1873,-1,6,0,0,0
1876,1874,1579,-1,6,0,0,0
1877,1875,1876,-1,6,0,0,0
1878,790,-1,-1,4,0,0,0
1879,1878,1508,-1,6,0,0,0
1880,1018,-1,-1,4,0,0,0
1881,1880,1259,-1,4,0,0,0
1882,22,184,-1,2,0,0,0
1883,1882,235,-1,4,0,0,0
1884,216,284,-1,6,0,0,0
1885,272,388,-1,2,0,0,0
1886,500,309,-1,7,0,0,0
1887,688,-1,-1,4,0,0,0
1888,1883,1884,-1,6,0,0,0
1889,1885,1886,-1,4,0,0,0
1890,1887,288,-1,4,0,0,0
1891,413,428,-1,7,0,0,0
1892,875,1050,-1,4,0,0,0
1893,796,-1,-1,7,0,0,0
1894,1888,1889,-1,6,0,0,0
1895,1890,1891,-1,4,0,0,0
1896,1892,1893,-1,4,0,0,0
1897,1493,1544,-1,2,0,0,0
1898,795,532,-1,4,0,0,0
1899,1124,-1,-1,4,0,0,0
1900,1894,1895,-1,6,0,0,0
1901,1896,1897,-1,6,0,0,0
1902,1898,1899,-1,6,0,0,0
1903,1900,1901,-1,6,0,0,0
1904,1902,-1,-1,4,0,0,0
1905,1903,1904,-1,6,0,0,0
1906,55,64,-1,6,0,0,0
1907,89,113,-1,7,0,0,0
1908,151,179,-1,2,0,0,0
1909,1906,1907,-1,4,0,0,0
1910,1908,204,-1,6,0,0,0
1911,346,-1,-1,4,0,0,0
1912,1909,1910,-1,6,0,0,0
1913,1911,408,-1,6,0,0,0
1914,321,471,-1,7,0,0,0
1915,702,921,-1,6,0,0,0
1916,1264,1126,-1,6,0,0,0
1917,705,-1,-1,4,0,0,0
1918,1912,1913,-1,6,0,0,0
1919,1914,1915,-1,2,0,0,0
1920,1916,1917,-1,6,0,0,0
1921,1261,1559,-1,6,0,0,0
1922,691,1263,-1,6,0,0,0
1923,1918,1919,-1,6,0,0,0
1924,1920,1921,-1,6,0,0,0
1925,1922,730,-1,6,0,0,0
1926,1255,-1,-1,4,0,0,0
1927,1923,1924,-1,6,0,0,0
1928,1925,1926,-1,6,0,0,0
1929,1927,1928,-1,6,0,0,0
1930,62,85,-1,6,0,0,0
1931,92,140,-1,2,0,0,0
1932,1930,1931,-1,6,0,0,0
1933,264,387,-1,6,0,0,0
1934,372,267,-1,4,0,0,0
1935,800,353,-1,6,0,0,0
1936,1932,1933,-1,6,0,0,0
1937,1934,1935,-1,6,0,0,0
1938,890,563,-1,7,0,0,0
1939,539,797,-1,4,0,0,0
1940,364,802,-1,4,0,0,0
1941,804,805,-1,6,0,0,0
1942,807,239,-1,6,0,0,0
1943,1936,1937,-1,6,0,0,0
1944,1938,1939,-1,2,0,0,0
1945,1940,1941,-1,6,0,0,0
1946,1942,1188,-1,4,0,0,0
1947,925,1227,-1,2,0,0,0
1948,1195,-1,-1,4,0,0,0
1949,1943,1944,-1,6,0,0,0
1950,1945,1946,-1,6,0,0,0
1951,1947,1948,-1,6,0,0,0
1952,1203,810,-1,6,0,0,0
1953,1752,-1,-1,7,0,0,0
1954,1949,1950,-1,6,0,0,0
1955,1951,1952,-1,6,0,0,0
1956,1953,-1,-1,7,0,0,0
1957,1954,1955,-1,6,0,0,0
1958,1956,-1,-1,7,0,0,0
1959,1957,1958,-1,4,0,0,0
1960,17,60,-1,7,0,0,0
1961,68,69,-1,7,0,0,0
1962,150,162,-1,7,0,0,0
1963,1960,1961,-1,7,0,0,0
1964,1962,305,-1,7,0,0,0
1965,304,323,-1,7,0,0,0
1966,196,522,-1,2,0,0,0
1967,659,565,-1,7,0,0,0
1968,354,-1,-1,7,0,0,0
1969,1963,1964,-1,7,0,0,0
1970,1965,1966,-1,2,0,0,0
1971,1967,1968,-1,7,0,0,0
1972,908,811,-1,7,0,0,0
1973,550,1058,-1,7,0,0,0
1974,813,807,-1,4,0,0,0
1975,1969,1970,-1,2,0,0,0
1976,1971,1972,-1,7,0,0,0
1977,1973,1974,-1,2,0,0,0
1978,953,1041,-1,2,0,0,0
1979,1487,1266,-1,4,0,0,0
1980,1142,1144,-1,7,0,0,0
1981,814,-1,-1,7,0,0,0
1982,1975,1976,-1,4,0,0,0
1983,1977,1978,-1,6,0,0,0
1984,1979,1980,-1,4,0,0,0
1985,1981,-1,-1,7,0,0,0
1986,1982,1983,-1,6,0,0,0
1987,1984,1985,-1,4,0,0,0
1988,1986,1987,-1,6,0,0,0
1989,67,98,-1,6,0,0,0
1990,148,-1,-1,7,0,0,0
1991,1989,1990,-1,4,0,0,0
1992,305,279,-1,6,0,0,0
1993,284,357,-1,6,0,0,0
1994,535,417,-1,7,0,0,0
1995,450,742,-1,2,0,0,0
1996,703,821,-1,4,0,0,0
1997,318,825,-1,2,0,0,0
1998,1991,1992,-1,6,0,0,0
1999,1993,1994,-1,4,0,0,0
2000,1995,1996,-1,6,0,0,0
2001,1997,877,-1,4,0,0,0
2002,567,564,-1,4,0,0,0
2003,430,936,-1,6,0,0,0
2004,693,-1,-1,4,0,0,0
2005,1998,1999,-1,6,0,0,0
2006,2000,2001,-1,6,0,0,0
2007,2002,2003,-1,6,0,0,0
2008,2004,681,-1,6,0,0,0
2009,670,1199,-1,2,0,0,0
2010,2005,2006,-1,6,0,0,0
2011,2007,2008,-1,6,0,0,0
2012,2009,824,-1,4,0,0,0
2013,1785,1273,-1,6,0,0,0
2014,2010,2011,-1,6,0,0,0
2015,2012,2013,-1,6,0,0,0
2016,2014,2015,-1,6,0,0,0
2017,5,54,-1,7,0,0,0
2018,95,147,-1,6,0,0,0
2019,153,178,-1,7,0,0,0
2020,191,-1,-1,4,0,0,0
2021,2017,2018,-1,2,0,0,0
2022,2019,2020,-1,2,0,0,0
2023,397,213,-1,7,0,0,0
2024,311,420,-1,7,0,0,0
2025,785,507,-1,7,0,0,0
2026,828,613,-1,7,0,0,0
2027,837,-1,-1,7,0,0,0
2028,2021,2022,-1,6,0,0,0
2029,2023,2024,-1,7,0,0,0
2030,2025,2026,-1,7,0,0,0
2031,2027,624,-1,7,0,0,0
2032,1006,631,-1,2,0,0,0
2033,707,290,-1,2,0,0,0
2034,926,732,-1,4,0,0,0
2035,777,669,-1,7,0,0,0
2036,1264,-1,-1,7,0,0,0
2037,2028,2029,-1,4,0,0,0
2038,2030,2031,-1,7,0,0,0
2039,2032,2033,-1,6,0,0,0
2040,2034,2035,-1,4,0,0,0
2041,2036,1493,-1,7,0,0,0
2042,1482,1502,-1,6,0,0,0
2043,966,971,-1,7,0,0,0
2044,795,1300,-1,2,0,0,0
2045,1302,1169,-1,7,0,0,0
2046,2037,2038,-1,4,0,0,0
2047,2039,2040,-1,6,0,0,0
2048,2041,2042,-1,2,0,0,0
2049,2043,2044,-1,2,0,0,0
2050,2045,824,-1,7,0,0,0
2051,2046,2047,-1,6,0,0,0
2052,2048,2049,-1,6,0,0,0
2053,2050,-1,-1,7,0,0,0
2054,2051,2052,-1,6,0,0,0
2055,2053,-1,-1,7,0,0,0
2056,2054,2055,-1,4,0,0,0
2057,38,63,-1,6,0,0,0
2058,134,139,-1,6,0,0,0
2059,147,157,-1,6,0,0,0
2060,2057,2058,-1,6,0,0,0
2061,2059,255,-1,6,0,0,0
2062,212,515,-1,2,0,0,0
2063,783,-1,-1,4,0,0,0
2064,2060,2061,-1,6,0,0,0
2065,2062,2063,-1,6,0,0,0
2066,1006,495,-1,4,0,0,0
2067,887,425,-1,2,0,0,0
2068,668,839,-1,6,0,0,0
2069,608,617,-1,4,0,0,0
2070,2064,2065,-1,6,0,0,0
2071,2066,2067,-1,6,0,0,0
2072,2068,2069,-1,6,0,0,0
2073,1220,1266,-1,6,0,0,0
2074,841,475,-1,2,0,0,0
2075,718,587,-1,6,0,0,0
2076,1304,1270,-1,6,0,0,0
2077,2070,2071,-1,6,0,0,0
2078,2072,2073,-1,6,0,0,0
2079,2074,2075,-1,6,0,0,0
2080,2076,1273,-1,4,0,0,0
2081,2077,2078,-1,6,0,0,0
2082,2079,2080,-1,6,0,0,0
2083,2081,2082,-1,6,0,0,0
2084,112,119,-1,7,0,0,0
2085,128,180,-1,7,0,0,0
2086,2084,2085,-1,7,0,0,0
2087,342,383,-1,7,0,0,0
2088,319,655,-1,6,0,0,0
2089,747,-1,-1,4,0,0,0
2090,2086,2087,-1,7,0,0,0
2091,2088,2089,-1,6,0,0,0
2092,910,1018,-1,7,0,0,0
2093,1118,817,-1,7,0,0,0
2094,843,692,-1,7,0,0,0
2095,1127,-1,-1,7,0,0,0
2096,2090,2091,-1,2,0,0,0
2097,2092,2093,-1,7,0,0,0
2098,2094,2095,-1,7,0,0,0
2099,1132,760,-1,7,0,0,0
2100,841,1306,-1,7,0,0,0
2101,1495,1298,-1,7,0,0,0
2102,2096,2097,-1,4,0,0,0
2103,2098,2099,-1,7,0,0,0
2104,2100,2101,-1,7,0,0,0
2105,2102,2103,-1,4,0,0,0
2106,2104,-1,-1,7,0,0,0
2107,2105,2106,-1,4,0,0,0
2108,119,120,-1,4,0,0,0
2109,122,133,-1,6,0,0,0
2110,178,-1,-1,7,0,0,0
2111,2108,2109,-1,6,0,0,0
2112,2110,405,-1,7,0,0,0
2113,254,224,-1,7,0,0,0
2114,336,306,-1,6,0,0,0
2115,203,659,-1,4,0,0,0
2116,774,404,-1,7,0,0,0
2117,825,-1,-1,7,0,0,0
2118,2111,2112,-1,4,0,0,0
2119,2113,2114,-1,2,0,0,0
2120,2115,2116,-1,4,0,0,0
2121,2117,261,-1,2,0,0,0
2122,329,1164,-1,6,0,0,0
2123,430,278,-1,4,0,0,0
2124,1310,-1,-1,7,0,0,0
2125,2118,2119,-1,6,0,0,0
2126,2120,2121,-1,6,0,0,0
2127,2122,2123,-1,6,0,0,0
2128,2124,1308,-1,7,0,0,0
2129,734,-1,-1,4,0,0,0
2130,2125,2126,-1,6,0,0,0
2131,2127,2128,-1,4,0,0,0
2132,2129,-1,-1,4,0,0,0
2133,2130,2131,-1,6,0,0,0
2134,2132,-1,-1,4,0,0,0
2135,2133,2134,-1,6,0,0,0
2136,39,46,-1,4,0,0,0
2137,55,56,-1,2,0,0,0
2138,158,160,-1,2,0,0,0
2139,182,-1,-1,7,0,0,0
2140,2136,2137,-1,6,0,0,0
2141,2138,2139,-1,4,0,0,0
2142,234,195,-1,6,0,0,0
2143,312,206,-1,7,0,0,0
2144,522,356,-1,4,0,0,0
2145,197,518,-1,6,0,0,0
2146,656,641,-1,7,0,0,0
2147,800,815,-1,2,0,0,0
2148,2140,2141,-1,6,0,0,0
2149,2142,2143,-1,4,0,0,0
2150,2144,2145,-1,6,0,0,0
2151,2146,2147,-1,2,0,0,0
2152,930,856,-1,2,0,0,0
2153,839,852,-1,6,0,0,0
2154,858,698,-1,6,0,0,0
2155,2148,2149,-1,6,0,0,0
2156,2150,2151,-1,6,0,0,0
2157,2152,2153,-1,6,0,0,0
2158,2154,1532,-1,4,0,0,0
2159,895,1051,-1,6,0,0,0
2160,2155,2156,-1,6,0,0,0
2161,2157,2158,-1,6,0,0,0
2162,2159,1848,-1,6,0,0,0
2163,2160,2161,-1,6,0,0,0
2164,2162,-1,-1,4,0,0,0
2165,2163,2164,-1,6,0,0,0
2166,5,23,-1,7,0,0,0
2167,59,63,-1,2,0,0,0
2168,143,166,-1,7,0,0,0
2169,172,-1,-1,4,0,0,0
2170,2166,2167,-1,2,0,0,0
2171,2168,2169,-1,2,0,0,0
2172,220,223,-1,2,0,0,0
2173,308,387,-1,6,0,0,0
2174,659,785,-1,6,0,0,0
2175,574,629,-1,2,0,0,0
2176,426,-1,-1,4,0,0,0
2177,2170,2171,-1,6,0,0,0
2178,2172,2173,-1,6,0,0,0
2179,2174,2175,-1,6,0,0,0
2180,2176,716,-1,6,0,0,0
2181,922,530,-1,7,0,0,0
2182,727,848,-1,2,0,0,0
2183,541,1004,-1,7,0,0,0
2184,2177,2178,-1,6,0,0,0
2185,2179,2180,-1,6,0,0,0
2186,2181,2182,-1,2,0,0,0
2187,2183,987,-1,7,0,0,0
2188,713,1149,-1,4,0,0,0
2189,1155,-1,-1,7,0,0,0
2190,2184,2185,-1,6,0,0,0
2191,2186,2187,-1,4,0,0,0
2192,2188,2189,-1,4,0,0,0
2193,863,1535,-1,6,0,0,0
2194,1881,-1,-1,7,0,0,0
2195,2190,2191,-1,6,0,0,0
2196,2192,2193,-1,6,0,0,0
2197,2194,1879,-1,2,0,0,0
2198,2195,2196,-1,6,0,0,0
2199,2197,-1,-1,4,0,0,0
2200,2198,2199,-1,6,0,0,0
2201,43,44,-1,7,0,0,0
2202,145,184,-1,6,0,0,0
2203,2201,2202,-1,2,0,0,0
2204,378,361,-1,6,0,0,0
2205,281,479,-1,7,0,0,0
2206,523,432,-1,2,0,0,0
2207,416,266,-1,7,0,0,0
2208,326,798,-1,6,0,0,0
2209,309,402,-1,4,0,0,0
2210,447,322,-1,7,0,0,0
2211,2203,2204,-1,6,0,0,0
2212,2205,2206,-1,2,0,0,0
2213,2207,2208,-1,2,0,0,0
2214,2209,2210,-1,4,0,0,0
2215,321,621,-1,4,0,0,0
2216,686,1179,-1,2,0,0,0
2217,582,-1,-1,7,0,0,0
2218,2211,2212,-1,6,0,0,0
2219,2213,2214,-1,6,0,0,0
2220,2215,2216,-1,6,0,0,0
2221,2217,1419,-1,7,0,0,0
2222,1756,1010,-1,2,0,0,0
2223,1233,-1,-1,7,0,0,0
2224,2218,2219,-1,6,0,0,0
2225,2220,2221,-1,4,0,0,0
2226,2222,2223,-1,4,0,0,0
2227,2224,2225,-1,6,0,0,0
2228,2226,-1,-1,4,0,0,0
2229,2227,2228,-1,6,0,0,0
2230,883,-1,-1,4,0,0,0
2231,2230,1482,-1,6,0,0,0
2232,220,-1,-1,4,0,0,0
2233,2232,-1,-1,4,0,0,0
2234,2233,1484,-1,4,0,0,0
2235,229,-1,-1,4,0,0,0
2236,2235,-1,-1,4,0,0,0
2237,2236,1493,-1,4,0,0,0
2238,163,-1,-1,4,0,0,0
2239,2238,-1,-1,4,0,0,0
2240,2239,-1,-1,4,0,0,0
2241,2240,1502,-1,4,0,0,0
2242,195,-1,-1,4,0,0,0
2243,2242,-1,-1,4,0,0,0
2244,2243,1513,-1,6,0,0,0
2245,1519,1521,-1,6,0,0,0
2246,323,-1,-1,4,0,0,0
2247,2246,-1,-1,4,0,0,0
2248,2247,1532,-1,4,0,0,0
2249,1541,993,-1,4,0,0,0
2250,109,-1,-1,4,0,0,0
2251,2250,-1,-1,4,0,0,0
2252,2251,-1,-1,4,0,0,0
2253,2252,1544,-1,6,0,0,0
2254,383,-1,-1,4,0,0,0
2255,2254,-1,-1,4,0,0,0
2256,2255,-1,-1,4,0,0,0
2257,2256,1556,-1,6,0,0,0
2258,411,-1,-1,4,0,0,0
2259,2258,-1,-1,4,0,0,0
2260,2259,-1,-1,4,0,0,0
2261,2260,1563,-1,6,0,0,0
2262,1565,1568,-1,6,0,0,0
2263,906,-1,-1,4,0,0,0
2264,2263,-1,-1,4,0,0,0
2265,2264,1571,-1,6,0,0,0
2266,16,132,-1,6,0,0,0
2267,139,191,-1,6,0,0,0
2268,2266,2267,-1,6,0,0,0
2269,305,409,-1,4,0,0,0
2270,219,438,-1,2,0,0,0
2271,445,317,-1,2,0,0,0
2272,447,-1,-1,7,0,0,0
2273,2268,2269,-1,6,0,0,0
2274,2270,2271,-1,6,0,0,0
2275,2272,215,-1,2,0,0,0
2276,930,444,-1,4,0,0,0
2277,1058,449,-1,2,0,0,0
2278,1064,1070,-1,2,0,0,0
2279,2273,2274,-1,6,0,0,0
2280,2275,2276,-1,6,0,0,0
2281,2277,2278,-1,6,0,0,0
2282,1062,1072,-1,7,0,0,0
2283,1577,-1,-1,4,0,0,0
2284,2279,2280,-1,6,0,0,0
2285,2281,2282,-1,4,0,0,0
2286,2283,1068,-1,4,0,0,0
2287,2284,2285,-1,6,0,0,0
2288,2286,1576,-1,4,0,0,0
2289,2287,2288,-1,6,0,0,0
2290,45,86,-1,7,0,0,0
2291,140,-1,-1,7,0,0,0
2292,2290,2291,-1,7,0,0,0
2293,330,307,-1,7,0,0,0
2294,2292,2293,-1,7,0,0,0
2295,468,892,-1,2,0,0,0
2296,471,1079,-1,7,0,0,0
2297,1080,1081,-1,4,0,0,0
2298,1082,-1,-1,7,0,0,0
2299,2294,2295,-1,2,0,0,0
2300,2296,2297,-1,2,0,0,0
2301,2298,466,-1,2,0,0,0
2302,1524,1077,-1,6,0,0,0
2303,1487,475,-1,2,0,0,0
2304,2299,2300,-1,6,0,0,0
2305,2301,2302,-1,6,0,0,0
2306,2303,-1,-1,4,0,0,0
2307,2304,2305,-1,6,0,0,0
2308,2306,1579,-1,4,0,0,0
2309,2307,2308,-1,6,0,0,0
2310,88,101,-1,7,0,0,0
2311,2310,264,-1,2,0,0,0
2312,284,515,-1,7,0,0,0
2313,518,445,-1,7,0,0,0
2314,519,-1,-1,4,0,0,0
2315,2311,2312,-1,4,0,0,0
2316,2313,2314,-1,2,0,0,0
2317,335,495,-1,7,0,0,0
2318,422,994,-1,7,0,0,0
2319,517,1017,-1,7,0,0,0
2320,521,525,-1,4,0,0,0
2321,2315,2316,-1,6,0,0,0
2322,2317,2318,-1,7,0,0,0
2323,2319,2320,-1,2,0,0,0
2324,1641,1642,-1,2,0,0,0
2325,1497,-1,-1,7,0,0,0
2326,2321,2322,-1,4,0,0,0
2327,2323,2324,-1,6,0,0,0
2328,2325,-1,-1,7,0,0,0
2329,2326,2327,-1,6,0,0,0
2330,2328,-1,-1,7,0,0,0
2331,2329,2330,-1,4,0,0,0
2332,24,34,-1,6,0,0,0
2333,94,100,-1,2,0,0,0
2334,107,143,-1,2,0,0,0
2335,160,170,-1,7,0,0,0
2336,2332,2333,-1,6,0,0,0
2337,2334,2335,-1,4,0,0,0
2338,192,297,-1,6,0,0,0
2339,226,392,-1,6,0,0,0
2340,535,476,-1,4,0,0,0
2341,536,537,-1,4,0,0,0
2342,2336,2337,-1,6,0,0,0
2343,2338,2339,-1,6,0,0,0
2344,2340,2341,-1,6,0,0,0
2345,539,1123,-1,6,0,0,0
2346,541,1112,-1,2,0,0,0
2347,1126,1127,-1,7,0,0,0
2348,1128,-1,-1,7,0,0,0
2349,2342,2343,-1,6,0,0,0
2350,2344,2345,-1,6,0,0,0
2351,2346,2347,-1,4,0,0,0
2352,2348,466,-1,7,0,0,0
2353,1089,1124,-1,7,0,0,0
2354,1129,1577,-1,7,0,0,0
2355,2349,2350,-1,6,0,0,0
2356,2351,2352,-1,4,0,0,0
2357,2353,2354,-1,7,0,0,0
2358,1039,-1,-1,7,0,0,0
2359,2355,2356,-1,6,0,0,0
2360,2357,2358,-1,7,0,0,0
2361,2265,-1,-1,7,0,0,0
2362,2359,2360,-1,4,0,0,0
2363,2361,-1,-1,7,0,0,0
2364,2362,2363,-1,4,0,0,0
2365,589,-1,-1,4,0,0,0
2366,2365,-1,-1,4,0,0,0
2367,2366,1717,-1,6,0,0,0
2368,619,-1,-1,4,0,0,0
2369,2368,1749,-1,6,0,0,0
2370,135,146,-1,7,0,0,0
2371,155,160,-1,4,0,0,0
2372,180,-1,-1,7,0,0,0
2373,2370,2371,-1,2,0,0,0
2374,2372,462,-1,2,0,0,0
2375,625,626,-1,7,0,0,0
2376,515,282,-1,4,0,0,0
2377,629,612,-1,6,0,0,0
2378,199,632,-1,4,0,0,0
2379,2373,2374,-1,6,0,0,0
2380,2375,2376,-1,2,0,0,0
2381,2377,2378,-1,6,0,0,0
2382,624,942,-1,7,0,0,0
2383,413,922,-1,2,0,0,0
2384,628,636,-1,7,0,0,0
2385,1167,-1,-1,7,0,0,0
2386,2379,2380,-1,6,0,0,0
2387,2381,2382,-1,4,0,0,0
2388,2383,2384,-1,4,0,0,0
2389,2385,560,-1,7,0,0,0
2390,946,1527,-1,4,0,0,0
2391,1162,459,-1,6,0,0,0
2392,635,1138,-1,7,0,0,0
2393,1751,1165,-1,2,0,0,0
2394,1169,-1,-1,4,0,0,0
2395,2386,2387,-1,6,0,0,0
2396,2388,2389,-1,4,0,0,0
2397,2390,2391,-1,6,0,0,0
2398,2392,2393,-1,2,0,0,0
2399,2394,-1,-1,4,0,0,0
2400,2395,2396,-1,6,0,0,0
2401,2397,2398,-1,6,0,0,0
2402,2399,-1,-1,4,0,0,0
2403,2400,2401,-1,6,0,0,0
2404,2402,-1,-1,4,0,0,0
2405,2403,2404,-1,6,0,0,0
2406,191,-1,-1,7,0,0,0
2407,2406,221,-1,7,0,0,0
2408,276,637,-1,7,0,0,0
2409,478,528,-1,7,0,0,0
2410,641,552,-1,6,0,0,0
2411,2407,2408,-1,7,0,0,0
2412,2409,2410,-1,2,0,0,0
2413,597,571,-1,2,0,0,0
2414,493,643,-1,7,0,0,0
2415,644,-1,-1,4,0,0,0
2416,2411,2412,-1,2,0,0,0
2417,2413,2414,-1,4,0,0,0
2418,2415,1530,-1,4,0,0,0
2419,604,1173,-1,4,0,0,0
2420,2416,2417,-1,6,0,0,0
2421,2418,2419,-1,6,0,0,0
2422,1172,1068,-1,4,0,0,0
2423,2245,1752,-1,7,0,0,0
2424,2420,2421,-1,6,0,0,0
2425,2422,2423,-1,4,0,0,0
2426,2424,2425,-1,6,0,0,0
2427,142,170,-1,4,0,0,0
2428,2427,397,-1,4,0,0,0
2429,434,473,-1,4,0,0,0
2430,356,549,-1,2,0,0,0
2431,431,655,-1,4,0,0,0
2432,2428,2429,-1,6,0,0,0
2433,2430,2431,-1,6,0,0,0
2434,919,352,-1,2,0,0,0
2435,571,914,-1,2,0,0,0
2436,1179,658,-1,4,0,0,0
2437,878,525,-1,7,0,0,0
2438,1180,-1,-1,4,0,0,0
2439,2432,2433,-1,6,0,0,0
2440,2434,2435,-1,6,0,0,0
2441,2436,2437,-1,4,0,0,0
2442,2438,1482,-1,4,0,0,0
2443,1177,-1,-1,7,0,0,0
2444,2439,2440,-1,6,0,0,0
2445,2441,2442,-1,6,0,0,0
2446,2443,1753,-1,2,0,0,0
2447,2444,2445,-1,6,0,0,0
2448,2446,-1,-1,4,0,0,0
2449,2447,2448,-1,6,0,0,0
2450,217,-1,-1,4,0,0,0
2451,2450,-1,-1,4,0,0,0
2452,2451,-1,-1,4,0,0,0
2453,2452,1754,-1,4,0,0,0
2454,104,124,-1,2,0,0,0
2455,162,-1,-1,4,0,0,0
2456,2454,2455,-1,6,0,0,0
2457,419,625,-1,2,0,0,0
2458,267,687,-1,2,0,0,0
2459,688,-1,-1,7,0,0,0
2460,2456,2457,-1,6,0,0,0
2461,2458,2459,-1,4,0,0,0
2462,1001,686,-1,6,0,0,0
2463,1079,348,-1,4,0,0,0
2464,692,693,-1,6,0,0,0
2465,2460,2461,-1,6,0,0,0
2466,2462,2463,-1,6,0,0,0
2467,2464,681,-1,4,0,0,0
2468,953,684,-1,7,0,0,0
2469,691,1190,-1,6,0,0,0
2470,1548,-1,-1,4,0,0,0
2471,2465,2466,-1,6,0,0,0
2472,2467,2468,-1,4,0,0,0
2473,2469,2470,-1,6,0,0,0
2474,2231,-1,-1,4,0,0,0
2475,2471,2472,-1,6,0,0,0
2476,2473,2474,-1,6,0,0,0
2477,2475,2476,-1,6,0,0,0
2478,126,150,-1,7,0,0,0
2479,2478,220,-1,2,0,0,0
2480,241,271,-1,6,0,0,0
2481,360,480,-1,6,0,0,0
2482,208,263,-1,6,0,0,0
2483,483,-1,-1,4,0,0,0
2484,2479,2480,-1,6,0,0,0
2485,2481,2482,-1,6,0,0,0
2486,2483,695,-1,6,0,0,0
2487,1118,697,-1,6,0,0,0
2488,698,904,-1,6,0,0,0
2489,1194,1070,-1,6,0,0,0
2490,700,1186,-1,6,0,0,0
2491,2484,2485,-1,6,0,0,0
2492,2486,2487,-1,6,0,0,0
2493,2488,2489,-1,6,0,0,0
2494,2490,1513,-1,6,0,0,0
2495,1756,1192,-1,6,0,0,0
2496,1195,1103,-1,6,0,0,0
2497,1197,-1,-1,4,0,0,0
2498,2491,2492,-1,6,0,0,0
2499,2493,2494,-1,6,0,0,0
2500,2495,2496,-1,6,0,0,0
2501,2497,1172,-1,4,0,0,0
2502,2498,2499,-1,6,0,0,0
2503,2500,2501,-1,6,0,0,0
2504,2502,2503,-1,6,0,0,0
2505,20,37,-1,7,0,0,0
2506,131,-1,-1,7,0,0,0
2507,2505,2506,-1,7,0,0,0
2508,355,622,-1,2,0,0,0
2509,351,372,-1,6,0,0,0
2510,546,687,-1,2,0,0,0
2511,719,-1,-1,4,0,0,0
2512,2507,2508,-1,2,0,0,0
2513,2509,2510,-1,6,0,0,0
2514,2511,919,-1,4,0,0,0
2515,488,246,-1,7,0,0,0
2516,957,732,-1,7,0,0,0
2517,1064,-1,-1,4,0,0,0
2518,2512,2513,-1,6,0,0,0
2519,2514,2515,-1,4,0,0,0
2520,2516,2517,-1,2,0,0,0
2521,993,1751,-1,4,0,0,0
2522,1099,734,-1,2,0,0,0
2523,2518,2519,-1,6,0,0,0
2524,2520,2521,-1,6,0,0,0
2525,2522,1844,-1,4,0,0,0
2526,2523,2524,-1,6,0,0,0
2527,2525,-1,-1,4,0,0,0
2528,2526,2527,-1,6,0,0,0
2529,59,151,-1,4,0,0,0
2530,174,182,-1,7,0,0,0
2531,2529,2530,-1,4,0,0,0
2532,235,283,-1,7,0,0,0
2533,233,400,-1,7,0,0,0
2534,527,735,-1,4,0,0,0
2535,736,743,-1,4,0,0,0
2536,2531,2532,-1,4,0,0,0
2537,2533,2534,-1,2,0,0,0
2538,2535,1086,-1,6,0,0,0
2539,738,741,-1,7,0,0,0
2540,2536,2537,-1,6,0,0,0
2541,2538,2539,-1,4,0,0,0
2542,665,1227,-1,4,0,0,0
2543,1229,-1,-1,7,0,0,0
2544,2540,2541,-1,6,0,0,0
2545,2542,2543,-1,4,0,0,0
2546,1224,1848,-1,7,0,0,0
2547,2544,2545,-1,6,0,0,0
2548,2546,-1,-1,7,0,0,0
2549,2547,2548,-1,4,0,0,0
2550,12,28,-1,4,0,0,0
2551,96,106,-1,7,0,0,0
2552,2550,2551,-1,4,0,0,0
2553,234,373,-1,7,0,0,0
2554,545,206,-1,7,0,0,0
2555,476,625,-1,2,0,0,0
2556,445,754,-1,6,0,0,0
2557,2552,2553,-1,4,0,0,0
2558,2554,2555,-1,2,0,0,0
2559,2556,990,-1,4,0,0,0
2560,695,751,-1,7,0,0,0
2561,869,753,-1,7,0,0,0
2562,509,749,-1,7,0,0,0
2563,410,-1,-1,7,0,0,0
2564,2557,2558,-1,6,0,0,0
2565,2559,2560,-1,4,0,0,0
2566,2561,2562,-1,7,0,0,0
2567,2563,1188,-1,2,0,0,0
2568,1055,1095,-1,7,0,0,0
2569,756,1233,-1,7,0,0,0
2570,1558,-1,-1,7,0,0,0
2571,2564,2565,-1,6,0,0,0
2572,2566,2567,-1,2,0,0,0
2573,2568,2569,-1,7,0,0,0
2574,2570,2241,-1,2,0,0,0
2575,1844,-1,-1,7,0,0,0
2576,2571,2572,-1,6,0,0,0
2577,2573,2574,-1,2,0,0,0
2578,2575,-1,-1,7,0,0,0
2579,2576,2577,-1,6,0,0,0
2580,2578,-1,-1,7,0,0,0
2581,2579,2580,-1,4,0,0,0
2582,20,47,-1,7,0,0,0
2583,89,124,-1,7,0,0,0
2584,144,151,-1,6,0,0,0
2585,2582,2583,-1,7,0,0,0
2586,2584,224,-1,4,0,0,0
2587,269,478,-1,6,0,0,0
2588,763,601,-1,2,0,0,0
2589,439,-1,-1,4,0,0,0
2590,2585,2586,-1,2,0,0,0
2591,2587,2588,-1,6,0,0,0
2592,2589,554,-1,6,0,0,0
2593,215,762,-1,2,0,0,0
2594,753,606,-1,7,0,0,0
2595,2590,2591,-1,6,0,0,0
2596,2592,2593,-1,6,0,0,0
2597,2594,1484,-1,2,0,0,0
2598,1231,1192,-1,6,0,0,0
2599,1211,766,-1,7,0,0,0
2600,768,-1,-1,7,0,0,0
2601,2595,2596,-1,6,0,0,0
2602,2597,2598,-1,6,0,0,0
2603,2599,2600,-1,7,0,0,0
2604,1093,2244,-1,2,0,0,0
2605,2601,2602,-1,6,0,0,0
2606,2603,2604,-1,2,0,0,0
2607,2605,2606,-1,6,0,0,0
2608,48,85,-1,7,0,0,0
2609,189,-1,-1,7,0,0,0
2610,2608,2609,-1,7,0,0,0
2611,540,782,-1,2,0,0,0
2612,742,549,-1,4,0,0,0
2613,783,788,-1,7,0,0,0
2614,2610,2611,-1,2,0,0,0
2615,2612,2613,-1,4,0,0,0
2616,710,784,-1,7,0,0,0
2617,1256,700,-1,6,0,0,0
2618,572,-1,-1,7,0,0,0
2619,2614,2615,-1,6,0,0,0
2620,2616,2617,-1,2,0,0,0
2621,2618,953,-1,7,0,0,0
2622,665,740,-1,6,0,0,0
2623,1490,-1,-1,4,0,0,0
2624,2619,2620,-1,6,0,0,0
2625,2621,2622,-1,2,0,0,0
2626,2623,2234,-1,6,0,0,0
2627,1255,1504,-1,2,0,0,0
2628,2369,-1,-1,7,0,0,0
2629,2624,2625,-1,6,0,0,0
2630,2626,2627,-1,6,0,0,0
2631,2628,1879,-1,7,0,0,0
2632,2629,2630,-1,6,0,0,0
2633,2631,-1,-1,7,0,0,0
2634,2632,2633,-1,4,0,0,0
2635,43,53,-1,7,0,0,0
2636,180,191,-1,7,0,0,0
2637,2635,2636,-1,7,0,0,0
2638,548,573,-1,7,0,0,0
2639,696,536,-1,2,0,0,0
2640,498,714,-1,6,0,0,0
2641,600,736,-1,4,0,0,0
2642,775,791,-1,4,0,0,0
2643,792,-1,-1,4,0,0,0
2644,2637,2638,-1,7,0,0,0
2645,2639,2640,-1,6,0,0,0
2646,2641,2642,-1,6,0,0,0
2647,2643,906,-1,6,0,0,0
2648,888,521,-1,4,0,0,0
2649,658,1082,-1,6,0,0,0
2650,2644,2645,-1,2,0,0,0
2651,2646,2647,-1,6,0,0,0
2652,2648,2649,-1,6,0,0,0
2653,635,1140,-1,6,0,0,0
2654,1257,766,-1,6,0,0,0
2655,1553,-1,-1,7,0,0,0
2656,2650,2651,-1,6,0,0,0
2657,2652,2653,-1,6,0,0,0
2658,2654,2655,-1,4,0,0,0
2659,1224,1561,-1,7,0,0,0
2660,1881,-1,-1,7,0,0,0
2661,2656,2657,-1,6,0,0,0
2662,2658,2659,-1,4,0,0,0
2663,2660,2367,-1,7,0,0,0
2664,2661,2662,-1,6,0,0,0
2665,2663,-1,-1,7,0,0,0
2666,2664,2665,-1,4,0,0,0
2667,78,90,-1,2,0,0,0
2668,170,-1,-1,7,0,0,0
2669,2667,2668,-1,4,0,0,0
2670,405,379,-1,2,0,0,0
2671,505,815,-1,4,0,0,0
2672,666,433,-1,4,0,0,0
2673,2669,2670,-1,6,0,0,0
2674,2671,2672,-1,6,0,0,0
2675,616,865,-1,7,0,0,0
2676,610,621,-1,7,0,0,0
2677,643,781,-1,7,0,0,0
2678,804,813,-1,7,0,0,0
2679,369,1167,-1,7,0,0,0
2680,2673,2674,-1,6,0,0,0
2681,2675,2676,-1,7,0,0,0
2682,2677,2678,-1,7,0,0,0
2683,2679,1261,-1,2,0,0,0
2684,1030,1269,-1,4,0,0,0
2685,819,814,-1,7,0,0,0
2686,1270,-1,-1,7,0,0,0
2687,2680,2681,-1,4,0,0,0
2688,2682,2683,-1,2,0,0,0
2689,2684,2685,-1,4,0,0,0
2690,2686,2248,-1,7,0,0,0
2691,2687,2688,-1,6,0,0,0
2692,2689,2690,-1,4,0,0,0
2693,2691,2692,-1,6,0,0,0
2694,59,93,-1,6,0,0,0
2695,176,183,-1,2,0,0,0
2696,2694,2695,-1,6,0,0,0
2697,248,336,-1,7,0,0,0
2698,622,441,-1,7,0,0,0
2699,828,-1,-1,4,0,0,0
2700,2696,2697,-1,4,0,0,0
2701,2698,2699,-1,2,0,0,0
2702,716,833,-1,4,0,0,0
2703,636,938,-1,7,0,0,0
2704,2700,2701,-1,6,0,0,0
2705,2702,2703,-1,4,0,0,0
2706,1261,1266,-1,4,0,0,0
2707,831,1642,-1,2,0,0,0
2708,1165,1062,-1,2,0,0,0
2709,1298,-1,-1,7,0,0,0
2710,2704,2705,-1,6,0,0,0
2711,2706,2707,-1,6,0,0,0
2712,2708,2709,-1,4,0,0,0
2713,1111,1185,-1,7,0,0,0
2714,2253,-1,-1,7,0,0,0
2715,2710,2711,-1,6,0,0,0
2716,2712,2713,-1,4,0,0,0
2717,2714,2257,-1,2,0,0,0
2718,2715,2716,-1,6,0,0,0
2719,2717,-1,-1,4,0,0,0
2720,2718,2719,-1,6,0,0,0
2721,2,60,-1,7,0,0,0
2722,66,67,-1,7,0,0,0
2723,78,79,-1,2,0,0,0
2724,80,85,-1,6,0,0,0
2725,110,121,-1,6,0,0,0
2726,123,125,-1,7,0,0,0
2727,130,-1,-1,7,0,0,0
2728,2721,2722,-1,7,0,0,0
2729,2723,2724,-1,6,0,0,0
2730,2725,2726,-1,4,0,0,0
2731,2727,446,-1,2,0,0,0
2732,527,362,-1,2,0,0,0
2733,846,-1,-1,7,0,0,0
2734,2728,2729,-1,2,0,0,0
2735,2730,2731,-1,6,0,0,0
2736,2732,2733,-1,4,0,0,0
2737,1027,569,-1,2,0,0,0
2738,376,628,-1,7,0,0,0
2739,1191,848,-1,4,0,0,0
2740,779,-1,-1,4,0,0,0
2741,2734,2735,-1,6,0,0,0
2742,2736,2737,-1,6,0,0,0
2743,2738,2739,-1,2,0,0,0
2744,2740,1162,-1,4,0,0,0
2745,831,1229,-1,7,0,0,0
2746,1306,673,-1,4,0,0,0
2747,850,819,-1,2,0,0,0
2748,2741,2742,-1,6,0,0,0
2749,2743,2744,-1,6,0,0,0
2750,2745,2746,-1,2,0,0,0
2751,2747,1571,-1,4,0,0,0
2752,2748,2749,-1,6,0,0,0
2753,2750,2751,-1,6,0,0,0
2754,2262,-1,-1,7,0,0,0
2755,2752,2753,-1,6,0,0,0
2756,2754,-1,-1,7,0,0,0
2757,2755,2756,-1,4,0,0,0
2758,15,58,-1,7,0,0,0
2759,70,77,-1,4,0,0,0
2760,137,-1,-1,7,0,0,0
2761,2758,2759,-1,2,0,0,0
2762,2760,295,-1,2,0,0,0
2763,324,308,-1,7,0,0,0
2764,782,391,-1,7,0,0,0
2765,787,791,-1,2,0,0,0
2766,837,-1,-1,7,0,0,0
2767,2761,2762,-1,6,0,0,0
2768,2763,2764,-1,7,0,0,0
2769,2765,2766,-1,4,0,0,0
2770,488,340,-1,7,0,0,0
2771,215,425,-1,2,0,0,0
2772,833,854,-1,2,0,0,0
2773,2767,2768,-1,4,0,0,0
2774,2769,2770,-1,4,0,0,0
2775,2771,2772,-1,6,0,0,0
2776,1524,-1,-1,4,0,0,0
2777,2773,2774,-1,6,0,0,0
2778,2775,2776,-1,6,0,0,0
2779,2237,1788,-1,6,0,0,0
2780,1217,-1,-1,7,0,0,0
2781,2777,2778,-1,6,0,0,0
2782,2779,2780,-1,4,0,0,0
2783,2781,2782,-1,6,0,0,0
2784,21,48,-1,6,0,0,0
2785,56,104,-1,6,0,0,0
2786,137,157,-1,7,0,0,0
2787,2784,2785,-1,6,0,0,0
2788,2786,304,-1,7,0,0,0
2789,626,477,-1,4,0,0,0
2790,675,708,-1,6,0,0,0
2791,792,-1,-1,7,0,0,0
2792,2787,2788,-1,4,0,0,0
2793,2789,2790,-1,6,0,0,0
2794,2791,490,-1,2,0,0,0
2795,1058,368,-1,4,0,0,0
2796,796,721,-1,2,0,0,0
2797,2792,2793,-1,6,0,0,0
2798,2794,2795,-1,6,0,0,0
2799,2796,1269,-1,4,0,0,0
2800,1139,-1,-1,7,0,0,0
2801,2797,2798,-1,6,0,0,0
2802,2799,2800,-1,4,0,0,0
2803,2249,1753,-1,6,0,0,0
2804,2801,2802,-1,6,0,0,0
2805,2803,-1,-1,4,0,0,0
2806,2804,2805,-1,6,0,0,0
2807,62,149,-1,4,0,0,0
2808,2807,192,-1,4,0,0,0
2809,193,194,-1,6,0,0,0
2810,197,198,-1,2,0,0,0
2811,199,202,-1,7,0,0,0
2812,204,-1,-1,7,0,0,0
2813,2808,2809,-1,6,0,0,0
2814,2810,2811,-1,4,0,0,0
2815,2812,867,-1,2,0,0,0
2816,869,871,-1,4,0,0,0
2817,873,875,-1,7,0,0,0
2818,878,879,-1,2,0,0,0
2819,2813,2814,-1,6,0,0,0
2820,2815,2816,-1,6,0,0,0
2821,2817,2818,-1,2,0,0,0
2822,1476,1479,-1,4,0,0,0
2823,2819,2820,-1,6,0,0,0
2824,2821,2822,-1,6,0,0,0
2825,2231,-1,-1,7,0,0,0
2826,2823,2824,-1,6,0,0,0
2827,2825,-1,-1,7,0,0,0
2828,2826,2827,-1,4,0,0,0
2829,40,-1,-1,4,0,0,0
2830,2829,-1,-1,4,0,0,0
2831,2830,-1,-1,4,0,0,0
2832,2831,-1,-1,4,0,0,0
2833,2832,2234,-1,4,0,0,0
2834,25,40,-1,7,0,0,0
2835,129,143,-1,4,0,0,0
2836,176,-1,-1,4,0,0,0
2837,2834,2835,-1,2,0,0,0
2838,2836,240,-1,6,0,0,0
2839,230,242,-1,7,0,0,0
2840,249,253,-1,7,0,0,0
2841,2837,2838,-1,6,0,0,0
2842,2839,2840,-1,7,0,0,0
2843,906,244,-1,7,0,0,0
2844,246,908,-1,7,0,0,0
2845,910,912,-1,7,0,0,0
2846,914,916,-1,2,0,0,0
2847,921,-1,-1,7,0,0,0
2848,2841,2842,-1,4,0,0,0
2849,2843,2844,-1,7,0,0,0
2850,2845,2846,-1,2,0,0,0
2851,2847,1500,-1,2,0,0,0
2852,1505,-1,-1,4,0,0,0
2853,2848,2849,-1,4,0,0,0
2854,2850,2851,-1,6,0,0,0
2855,2852,2241,-1,4,0,0,0
2856,1504,-1,-1,4,0,0,0
2857,2853,2854,-1,6,0,0,0
2858,2855,2856,-1,6,0,0,0
2859,2857,2858,-1,6,0,0,0
2860,27,52,-1,7,0,0,0
2861,86,121,-1,2,0,0,0
2862,2860,2861,-1,2,0,0,0
2863,265,219,-1,7,0,0,0
2864,236,266,-1,7,0,0,0
2865,267,268,-1,6,0,0,0
2866,275,-1,-1,7,0,0,0
2867,2862,2863,-1,4,0,0,0
2868,2864,2865,-1,2,0,0,0
2869,2866,902,-1,7,0,0,0
2870,930,931,-1,7,0,0,0
2871,936,278,-1,7,0,0,0
2872,937,938,-1,2,0,0,0
2873,943,-1,-1,4,0,0,0
2874,2867,2868,-1,6,0,0,0
2875,2869,2870,-1,7,0,0,0
2876,2871,2872,-1,2,0,0,0
2877,2873,1511,-1,6,0,0,0
2878,944,-1,-1,4,0,0,0
2879,2874,2875,-1,4,0,0,0
2880,2876,2877,-1,6,0,0,0
2881,2878,1508,-1,4,0,0,0
2882,2244,1516,-1,2,0,0,0
2883,2245,-1,-1,4,0,0,0
2884,2879,2880,-1,6,0,0,0
2885,2881,2882,-1,6,0,0,0
2886,2883,-1,-1,4,0,0,0
2887,2884,2885,-1,6,0,0,0
2888,2886,-1,-1,4,0,0,0
2889,2887,2888,-1,6,0,0,0
2890,98,-1,-1,4,0,0,0
2891,2890,256,-1,6,0,0,0
2892,262,298,-1,4,0,0,0
2893,299,200,-1,4,0,0,0
2894,300,303,-1,6,0,0,0
2895,307,309,-1,4,0,0,0
2896,317,318,-1,6,0,0,0
2897,322,-1,-1,7,0,0,0
2898,2891,2892,-1,6,0,0,0
2899,2893,2894,-1,6,0,0,0
2900,2895,2896,-1,6,0,0,0
2901,2897,261,-1,7,0,0,0
2902,940,908,-1,2,0,0,0
2903,955,957,-1,6,0,0,0
2904,961,316,-1,6,0,0,0
2905,968,974,-1,2,0,0,0
2906,2898,2899,-1,6,0,0,0
2907,2900,2901,-1,4,0,0,0
2908,2902,2903,-1,6,0,0,0
2909,2904,2905,-1,6,0,0,0
2910,953,1524,-1,2,0,0,0
2911,1527,1530,-1,6,0,0,0
2912,966,971,-1,2,0,0,0
2913,2906,2907,-1,6,0,0,0
2914,2908,2909,-1,6,0,0,0
2915,2910,2911,-1,6,0,0,0
2916,2912,2248,-1,4,0,0,0
2917,1535,979,-1,2,0,0,0
2918,1539,-1,-1,4,0,0,0
2919,2913,2914,-1,6,0,0,0
2920,2915,2916,-1,6,0,0,0
2921,2917,2918,-1,6,0,0,0
2922,2919,2920,-1,6,0,0,0
2923,2921,-1,-1,4,0,0,0
2924,2922,2923,-1,6,0,0,0
2925,26,72,-1,2,0,0,0
2926,103,106,-1,7,0,0,0
2927,110,154,-1,7,0,0,0
2928,165,168,-1,7,0,0,0
2929,2925,2926,-1,4,0,0,0
2930,2927,2928,-1,7,0,0,0
2931,224,346,-1,2,0,0,0
2932,353,354,-1,7,0,0,0
2933,2929,2930,-1,4,0,0,0
2934,2931,2932,-1,4,0,0,0
2935,338,340,-1,7,0,0,0
2936,983,984,-1,7,0,0,0
2937,957,989,-1,7,0,0,0
2938,916,348,-1,4,0,0,0
2939,2933,2934,-1,6,0,0,0
2940,2935,2936,-1,7,0,0,0
2941,2937,2938,-1,2,0,0,0
2942,987,1519,-1,7,0,0,0
2943,2939,2940,-1,4,0,0,0
2944,2941,2942,-1,4,0,0,0
2945,2249,2253,-1,7,0,0,0
2946,997,-1,-1,7,0,0,0
2947,2943,2944,-1,6,0,0,0
2948,2945,2946,-1,7,0,0,0
2949,2947,2948,-1,4,0,0,0
2950,94,165,-1,4,0,0,0
2951,2950,357,-1,6,0,0,0
2952,360,194,-1,4,0,0,0
2953,236,198,-1,6,0,0,0
2954,362,253,-1,6,0,0,0
2955,365,-1,-1,4,0,0,0
2956,2951,2952,-1,6,0,0,0
2957,2953,2954,-1,6,0,0,0
2958,2955,359,-1,6,0,0,0
2959,881,364,-1,6,0,0,0
2960,368,369,-1,2,0,0,0
2961,1004,381,-1,6,0,0,0
2962,2956,2957,-1,6,0,0,0
2963,2958,2959,-1,6,0,0,0
2964,2960,2961,-1,6,0,0,0
2965,999,1547,-1,6,0,0,0
2966,1003,1548,-1,4,0,0,0
2967,1010,1551,-1,2,0,0,0
2968,1013,1553,-1,6,0,0,0
2969,1015,1558,-1,2,0,0,0
2970,2962,2963,-1,6,0,0,0
2971,2964,2965,-1,6,0,0,0
2972,2966,2967,-1,6,0,0,0
2973,2968,2969,-1,6,0,0,0
2974,2970,2971,-1,6,0,0,0
2975,2972,2973,-1,6,0,0,0
2976,2257,-1,-1,7,0,0,0
2977,2974,2975,-1,6,0,0,0
2978,2976,-1,-1,7,0,0,0
2979,2977,2978,-1,4,0,0,0
2980,34,44,-1,2,0,0,0
2981,64,142,-1,4,0,0,0
2982,164,-1,-1,7,0,0,0
2983,2980,2981,-1,6,0,0,0
2984,2982,389,-1,2,0,0,0
2985,383,390,-1,7,0,0,0
2986,391,400,-1,4,0,0,0
2987,401,402,-1,7,0,0,0
2988,403,404,-1,7,0,0,0
2989,2983,2984,-1,6,0,0,0
2990,2985,2986,-1,2,0,0,0
2991,2987,2988,-1,7,0,0,0
2992,1018,396,-1,6,0,0,0
2993,1031,410,-1,7,0,0,0
2994,2989,2990,-1,6,0,0,0
2995,2991,2992,-1,2,0,0,0
2996,2993,1021,-1,2,0,0,0
2997,1559,1030,-1,7,0,0,0
2998,1033,1511,-1,2,0,0,0
2999,1015,-1,-1,4,0,0,0
3000,2994,2995,-1,6,0,0,0
3001,2996,2997,-1,4,0,0,0
3002,2998,2999,-1,6,0,0,0
3003,1025,1561,-1,6,0,0,0
3004,1039,-1,-1,7,0,0,0
3005,3000,3001,-1,6,0,0,0
3006,3002,3003,-1,6,0,0,0
3007,3004,2261,-1,2,0,0,0
3008,2262,-1,-1,7,0,0,0
3009,3005,3006,-1,6,0,0,0
3010,3007,3008,-1,4,0,0,0
3011,3009,3010,-1,6,0,0,0
3012,24,111,-1,6,0,0,0
3013,118,-1,-1,7,0,0,0
3014,3012,3013,-1,4,0,0,0
3015,419,420,-1,2,0,0,0
3016,217,219,-1,6,0,0,0
3017,423,426,-1,2,0,0,0
3018,431,433,-1,2,0,0,0
3019,439,-1,-1,7,0,0,0
3020,3014,3015,-1,6,0,0,0
3021,3016,3017,-1,6,0,0,0
3022,3018,3019,-1,4,0,0,0
3023,422,376,-1,4,0,0,0
3024,425,428,-1,2,0,0,0
3025,430,1048,-1,2,0,0,0
3026,1050,435,-1,2,0,0,0
3027,943,-1,-1,4,0,0,0
3028,3020,3021,-1,6,0,0,0
3029,3022,3023,-1,6,0,0,0
3030,3024,3025,-1,6,0,0,0
3031,3026,3027,-1,6,0,0,0
3032,1547,1051,-1,6,0,0,0
3033,1053,1573,-1,2,0,0,0
3034,3028,3029,-1,6,0,0,0
3035,3030,3031,-1,6,0,0,0
3036,3032,3033,-1,6,0,0,0
3037,979,-1,-1,4,0,0,0
3038,3034,3035,-1,6,0,0,0
3039,3036,3037,-1,6,0,0,0
3040,2265,2261,-1,4,0,0,0
3041,3038,3039,-1,6,0,0,0
3042,3040,-1,-1,4,0,0,0
3043,3041,3042,-1,6,0,0,0
3044,3,74,-1,4,0,0,0
3045,126,130,-1,6,0,0,0
3046,173,183,-1,6,0,0,0
3047,3044,3045,-1,6,0,0,0
3048,3046,272,-1,6,0,0,0
3049,573,574,-1,6,0,0,0
3050,266,577,-1,6,0,0,0
3051,580,365,-1,4,0,0,0
3052,3047,3048,-1,6,0,0,0
3053,3049,3050,-1,6,0,0,0
3054,3051,1006,-1,6,0,0,0
3055,910,576,-1,6,0,0,0
3056,883,579,-1,6,0,0,0
3057,316,582,-1,7,0,0,0
3058,3052,3053,-1,6,0,0,0
3059,3054,3055,-1,6,0,0,0
3060,3056,3057,-1,4,0,0,0
3061,452,1142,-1,4,0,0,0
3062,1144,1146,-1,4,0,0,0
3063,587,-1,-1,7,0,0,0
3064,3058,3059,-1,6,0,0,0
3065,3060,3061,-1,6,0,0,0
3066,3062,3063,-1,4,0,0,0
3067,1539,-1,-1,4,0,0,0
3068,3064,3065,-1,6,0,0,0
3069,3066,3067,-1,6,0,0,0
3070,2367,1152,-1,2,0,0,0
3071,3068,3069,-1,6,0,0,0
3072,3070,-1,-1,4,0,0,0
3073,3071,3072,-1,6,0,0,0
3074,14,28,-1,4,0,0,0
3075,36,-1,-1,4,0,0,0
3076,3074,3075,-1,6,0,0,0
3077,323,226,-1,2,0,0,0
3078,203,450,-1,2,0,0,0
3079,611,612,-1,2,0,0,0
3080,613,614,-1,4,0,0,0
3081,3076,3077,-1,6,0,0,0
3082,3078,3079,-1,6,0,0,0
3083,3080,359,-1,6,0,0,0
3084,610,456,-1,2,0,0,0
3085,1080,1109,-1,4,0,0,0
3086,617,557,-1,7,0,0,0
3087,3081,3082,-1,6,0,0,0
3088,3083,3084,-1,6,0,0,0
3089,3085,3086,-1,4,0,0,0
3090,925,1158,-1,2,0,0,0
3091,1641,1505,-1,6,0,0,0
3092,3087,3088,-1,6,0,0,0
3093,3089,3090,-1,6,0,0,0
3094,3091,2369,-1,4,0,0,0
3095,3092,3093,-1,6,0,0,0
3096,3094,2833,-1,4,0,0,0
3097,3095,3096,-1,6,0,0,0
3098,675,-1,-1,4,0,0,0
3099,3098,-1,-1,4,0,0,0
3100,3099,-1,-1,4,0,0,0
3101,3100,-1,-1,4,0,0,0
3102,3101,2453,-1,6,0,0,0
3103,16,99,-1,2,0,0,0
3104,102,110,-1,4,0,0,0
3105,115,135,-1,6,0,0,0
3106,171,-1,-1,7,0,0,0
3107,3103,3104,-1,6,0,0,0
3108,3105,3106,-1,4,0,0,0
3109,397,258,-1,4,0,0,0
3110,300,645,-1,2,0,0,0
3111,506,268,-1,4,0,0,0
3112,583,708,-1,2,0,0,0
3113,3107,3108,-1,6,0,0,0
3114,3109,3110,-1,6,0,0,0
3115,3111,3112,-1,6,0,0,0
3116,454,707,-1,7,0,0,0
3117,710,-1,-1,4,0,0,0
3118,3113,3114,-1,6,0,0,0
3119,3115,3116,-1,4,0,0,0
3120,3117,999,-1,4,0,0,0
3121,718,-1,-1,4,0,0,0
3122,3118,3119,-1,6,0,0,0
3123,3120,3121,-1,6,0,0,0
3124,1203,1785,-1,6,0,0,0
3125,1206,1788,-1,7,0,0,0
3126,3122,3123,-1,6,0,0,0
3127,3124,3125,-1,4,0,0,0
3128,3126,3127,-1,6,0,0,0
3129,3102,-1,-1,7,0,0,0
3130,3128,3129,-1,4,0,0,0
3131,71,72,-1,4,0,0,0
3132,101,121,-1,7,0,0,0
3133,156,185,-1,7,0,0,0
3134,3131,3132,-1,4,0,0,0
3135,3133,224,-1,7,0,0,0
3136,299,379,-1,4,0,0,0
3137,744,747,-1,7,0,0,0
3138,3134,3135,-1,4,0,0,0
3139,3136,3137,-1,4,0,0,0
3140,1006,1114,-1,7,0,0,0
3141,914,502,-1,4,0,0,0
3142,1048,749,-1,7,0,0,0
3143,1194,-1,-1,7,0,0,0
3144,3138,3139,-1,6,0,0,0
3145,3140,3141,-1,2,0,0,0
3146,3142,3143,-1,7,0,0,0
3147,981,1476,-1,4,0,0,0
3148,1500,1003,-1,4,0,0,0
3149,1190,1101,-1,7,0,0,0
3150,3144,3145,-1,6,0,0,0
3151,3146,3147,-1,2,0,0,0
3152,3148,3149,-1,4,0,0,0
3153,1754,1206,-1,4,0,0,0
3154,3150,3151,-1,6,0,0,0
3155,3152,3153,-1,6,0,0,0
3156,2833,-1,-1,7,0,0,0
3157,3154,3155,-1,6,0,0,0
3158,3156,-1,-1,7,0,0,0
3159,3157,3158,-1,4,0,0,0
3160,76,106,-1,6,0,0,0
3161,120,190,-1,6,0,0,0
3162,3160,3161,-1,6,0,0,0
3163,207,213,-1,6,0,0,0
3164,217,219,-1,4,0,0,0
3165,225,-1,-1,7,0,0,0
3166,3162,3163,-1,6,0,0,0
3167,3164,3165,-1,4,0,0,0
3168,215,885,-1,2,0,0,0
3169,887,898,-1,6,0,0,0
3170,904,239,-1,6,0,0,0
3171,3166,3167,-1,6,0,0,0
3172,3168,3169,-1,6,0,0,0
3173,3170,1487,-1,4,0,0,0
3174,1490,895,-1,4,0,0,0
3175,1495,1497,-1,4,0,0,0
3176,3171,3172,-1,6,0,0,0
3177,3173,3174,-1,6,0,0,0
3178,3175,2237,-1,4,0,0,0
3179,3176,3177,-1,6,0,0,0
3180,3178,2833,-1,4,0,0,0
3181,3179,3180,-1,6,0,0,0
3182,10,26,-1,2,0,0,0
3183,130,185,-1,4,0,0,0
3184,3182,3183,-1,6,0,0,0
3185,251,355,-1,7,0,0,0
3186,206,257,-1,7,0,0,0
3187,479,202,-1,6,0,0,0
3188,666,-1,-1,4,0,0,0
3189,3184,3185,-1,4,0,0,0
3190,3186,3187,-1,2,0,0,0
3191,3188,1001,-1,4,0,0,0
3192,631,950,-1,6,0,0,0
3193,428,668,-1,4,0,0,0
3194,968,669,-1,2,0,0,0
3195,1186,-1,-1,7,0,0,0
3196,3189,3190,-1,6,0,0,0
3197,3191,3192,-1,6,0,0,0
3198,3193,3194,-1,6,0,0,0
3199,3195,665,-1,7,0,0,0
3200,647,1097,-1,6,0,0,0
3201,673,-1,-1,7,0,0,0
3202,3196,3197,-1,6,0,0,0
3203,3198,3199,-1,4,0,0,0
3204,3200,3201,-1,4,0,0,0
3205,1185,-1,-1,7,0,0,0
3206,3202,3203,-1,6,0,0,0
3207,3204,3205,-1,4,0,0,0
3208,1576,-1,-1,4,0,0,0
3209,3206,3207,-1,6,0,0,0
3210,3208,3102,-1,6,0,0,0
3211,3209,3210,-1,6,0,0,0
