3234,3409,-1,3253,3265,3280,3301,2720,-1,-1,2739,1663,1678,2754,1704,1724,2774,2790,3317,2806,3428,1750,-1,1037,2828,1769,1786,2845,1812,3338,1830,2860,1856,1880,1896,3355,1914,511,1145,1935,1955,3373,2883,1974,2900,2919,-1,1997,2019,2037,2054,2076,2938,2956,1219,2105,1241,2125,3386,1256,2148,2975,2996,2170,3018,1287,2196,2215,1322,3029,3048,3069,-1,2225,755,2247,2263,2279,3091,2298,-1,2314,1354,2334,1365,1386,1406,1425,2353,1441,1460,2373,2391,-1,3109,1482,3130,2413,2428,1503,2447,3398,3142,3165,1519,3179,2473,3195,1540,1563,2495,2513,1577,3213,2532,2556,2575,2595,-1,847,2615,848,-1,2634,1600,2653,1613,2666
128,18,25,-1,6,0,0,0
129,28,60,-1,4,0,0,0
130,7,8,-1,6,0,0,0
131,62,97,-1,4,0,0,0
132,6,46,-1,6,0,0,0
133,94,111,-1,6,0,0,0
134,64,73,-1,6,0,0,0
135,4,114,-1,4,0,0,0
136,53,93,-1,6,0,0,0
137,32,35,-1,6,0,0,0
138,1,107,-1,4,0,0,0
139,29,90,-1,6,0,0,0
140,71,118,-1,6,0,0,0
141,54,124,-1,6,0,0,0
142,34,112,-1,6,0,0,0
143,5,83,-1,6,0,0,0
144,23,96,-1,6,0,0,0
145,21,105,-1,6,0,0,0
146,37,55,-1,4,0,0,0
147,56,61,-1,6,0,0,0
148,30,43,-1,6,0,0,0
149,45,78,-1,6,0,0,0
150,41,63,-1,6,0,0,0
151,110,125,-1,6,0,0,0
152,59,68,-1,6,0,0,0
153,10,104,-1,6,0,0,0
154,19,30,-1,4,0,0,0
155,37,68,-1,4,0,0,0
156,91,107,-1,6,0,0,0
157,34,101,-1,6,0,0,0
158,14,122,-1,6,0,0,0
159,45,117,-1,6,0,0,0
160,73,87,-1,6,0,0,0
161,40,62,-1,6,0,0,0
162,60,74,-1,6,0,0,0
163,76,115,-1,4,0,0,0
164,81,83,-1,4,0,0,0
165,13,22,-1,6,0,0,0
166,19,118,-1,6,0,0,0
167,50,100,-1,6,0,0,0
168,54,81,-1,4,0,0,0
169,13,58,-1,6,0,0,0
170,21,36,-1,6,0,0,0
171,60,127,-1,6,0,0,0
172,0,55,-1,4,0,0,0
173,16,-1,-1,4,0,0,0
174,173,158,-1,4,0,0,0
175,27,76,-1,4,0,0,0
176,8,35,-1,6,0,0,0
177,46,48,-1,6,0,0,0
178,110,124,-1,6,0,0,0
179,90,126,-1,6,0,0,0
180,70,110,-1,6,0,0,0
181,85,106,-1,6,0,0,0
182,19,62,-1,4,0,0,0
183,67,109,-1,6,0,0,0
184,0,99,-1,4,0,0,0
185,14,32,-1,4,0,0,0
186,89,103,-1,6,0,0,0
187,117,123,-1,4,0,0,0
188,2,52,-1,6,0,0,0
189,93,124,-1,4,0,0,0
190,120,-1,-1,4,0,0,0
191,190,152,-1,4,0,0,0
192,74,86,-1,6,0,0,0
193,38,104,-1,6,0,0,0
194,62,100,-1,4,0,0,0
195,29,82,-1,6,0,0,0
196,55,115,-1,6,0,0,0
197,71,126,-1,6,0,0,0
198,79,-1,-1,4,0,0,0
199,198,184,-1,4,0,0,0
200,1,78,-1,6,0,0,0
201,123,-1,-1,4,0,0,0
202,201,152,-1,4,0,0,0
203,9,106,-1,4,0,0,0
204,7,84,-1,4,0,0,0
205,25,114,-1,6,0,0,0
206,57,-1,-1,4,0,0,0
207,206,148,-1,4,0,0,0
208,63,127,-1,6,0,0,0
209,56,108,-1,6,0,0,0
210,102,120,-1,6,0,0,0
211,45,-1,-1,4,0,0,0
212,211,128,-1,4,0,0,0
213,8,-1,-1,4,0,0,0
214,213,183,-1,4,0,0,0
215,36,-1,-1,4,0,0,0
216,215,145,-1,6,0,0,0
217,46,80,-1,4,0,0,0
218,47,48,-1,6,0,0,0
219,41,53,-1,4,0,0,0
220,28,-1,-1,4,0,0,0
221,220,192,-1,6,0,0,0
222,58,115,-1,6,0,0,0
223,9,103,-1,4,0,0,0
224,111,-1,-1,4,0,0,0
225,224,197,-1,6,0,0,0
226,70,89,-1,6,0,0,0
227,3,116,-1,6,0,0,0
228,107,-1,-1,4,0,0,0
229,228,188,-1,6,0,0,0
230,59,96,-1,6,0,0,0
231,19,27,-1,6,0,0,0
232,86,123,-1,6,0,0,0
233,36,-1,-1,4,0,0,0
234,233,208,-1,6,0,0,0
235,112,-1,-1,4,0,0,0
236,235,159,-1,6,0,0,0
237,44,118,-1,6,0,0,0
238,23,97,-1,6,0,0,0
239,47,-1,-1,4,0,0,0
240,239,164,-1,6,0,0,0
241,53,-1,-1,4,0,0,0
242,241,188,-1,4,0,0,0
243,9,125,-1,4,0,0,0
244,110,114,-1,4,0,0,0
245,10,22,-1,6,0,0,0
246,20,46,-1,4,0,0,0
247,102,106,-1,6,0,0,0
248,55,-1,-1,4,0,0,0
249,248,141,-1,4,0,0,0
250,101,116,-1,6,0,0,0
251,10,94,-1,6,0,0,0
252,128,132,-1,4,0,0,0
253,76,-1,-1,4,0,0,0
254,253,136,-1,4,0,0,0
255,38,-1,-1,4,0,0,0
256,255,231,-1,6,0,0,0
257,2,29,-1,6,0,0,0
258,50,96,-1,4,0,0,0
259,57,62,-1,4,0,0,0
260,11,56,-1,4,0,0,0
261,3,110,-1,4,0,0,0
262,91,-1,-1,4,0,0,0
263,262,149,-1,4,0,0,0
264,39,-1,-1,4,0,0,0
265,264,196,-1,6,0,0,0
266,62,-1,-1,4,0,0,0
267,266,226,-1,4,0,0,0
268,65,-1,-1,4,0,0,0
269,268,232,-1,4,0,0,0
270,181,169,-1,6,0,0,0
271,25,67,-1,6,0,0,0
272,7,34,-1,4,0,0,0
273,99,120,-1,6,0,0,0
274,60,-1,-1,4,0,0,0
275,274,-1,-1,4,0,0,0
276,275,221,-1,6,0,0,0
277,2,112,-1,4,0,0,0
278,32,73,-1,6,0,0,0
279,70,-1,-1,4,0,0,0
280,279,149,-1,4,0,0,0
281,1,67,-1,4,0,0,0
282,20,115,-1,4,0,0,0
283,50,64,-1,4,0,0,0
284,58,-1,-1,4,0,0,0
285,284,227,-1,4,0,0,0
286,1,76,-1,6,0,0,0
287,37,102,-1,4,0,0,0
288,165,148,-1,6,0,0,0
289,75,97,-1,6,0,0,0
290,184,156,-1,6,0,0,0
291,127,-1,-1,4,0,0,0
292,291,153,-1,4,0,0,0
293,21,111,-1,4,0,0,0
294,19,68,-1,4,0,0,0
295,71,-1,-1,4,0,0,0
296,295,218,-1,4,0,0,0
297,17,22,-1,4,0,0,0
298,5,-1,-1,4,0,0,0
299,298,210,-1,6,0,0,0
300,91,-1,-1,4,0,0,0
301,300,243,-1,6,0,0,0
302,8,-1,-1,4,0,0,0
303,302,129,-1,4,0,0,0
304,34,-1,-1,4,0,0,0
305,304,230,-1,4,0,0,0
306,11,36,-1,4,0,0,0
307,13,-1,-1,4,0,0,0
308,307,145,-1,6,0,0,0
309,27,-1,-1,4,0,0,0
310,309,140,-1,4,0,0,0
311,80,126,-1,6,0,0,0
312,47,50,-1,4,0,0,0
313,59,-1,-1,4,0,0,0
314,313,196,-1,4,0,0,0
315,5,-1,-1,4,0,0,0
316,315,192,-1,4,0,0,0
317,38,46,-1,4,0,0,0
318,103,117,-1,6,0,0,0
319,97,-1,-1,4,0,0,0
320,319,142,-1,4,0,0,0
321,64,102,-1,6,0,0,0
322,65,76,-1,6,0,0,0
323,32,93,-1,4,0,0,0
324,98,109,-1,6,0,0,0
325,0,112,-1,4,0,0,0
326,30,-1,-1,4,0,0,0
327,326,160,-1,6,0,0,0
328,90,-1,-1,4,0,0,0
329,328,289,-1,4,0,0,0
330,32,77,-1,6,0,0,0
331,38,58,-1,6,0,0,0
332,23,65,-1,6,0,0,0
333,218,-1,-1,4,0,0,0
334,333,265,-1,4,0,0,0
335,6,20,-1,4,0,0,0
336,57,64,-1,6,0,0,0
337,84,-1,-1,4,0,0,0
338,337,161,-1,6,0,0,0
339,53,99,-1,6,0,0,0
340,231,158,-1,6,0,0,0
341,2,-1,-1,4,0,0,0
342,341,289,-1,4,0,0,0
343,39,67,-1,4,0,0,0
344,44,-1,-1,4,0,0,0
345,344,128,-1,4,0,0,0
346,63,-1,-1,4,0,0,0
347,346,130,-1,4,0,0,0
348,89,102,-1,6,0,0,0
349,23,104,-1,4,0,0,0
350,0,-1,-1,4,0,0,0
351,350,218,-1,4,0,0,0
352,28,94,-1,4,0,0,0
353,19,59,-1,4,0,0,0
354,81,-1,-1,4,0,0,0
355,354,141,-1,4,0,0,0
356,21,47,-1,6,0,0,0
357,1,74,-1,4,0,0,0
358,120,-1,-1,4,0,0,0
359,358,-1,-1,4,0,0,0
360,359,310,-1,4,0,0,0
361,261,289,-1,6,0,0,0
362,30,87,-1,6,0,0,0
363,94,-1,-1,4,0,0,0
364,363,286,-1,6,0,0,0
365,68,84,-1,4,0,0,0
366,100,126,-1,4,0,0,0
367,40,123,-1,4,0,0,0
368,98,-1,-1,4,0,0,0
369,368,141,-1,4,0,0,0
370,7,71,-1,4,0,0,0
371,33,-1,-1,4,0,0,0
372,371,-1,-1,4,0,0,0
373,372,191,-1,4,0,0,0
374,0,-1,-1,4,0,0,0
375,374,165,-1,6,0,0,0
376,49,-1,-1,4,0,0,0
377,376,194,-1,4,0,0,0
378,99,-1,-1,4,0,0,0
379,378,247,-1,6,0,0,0
380,75,77,-1,6,0,0,0
381,105,-1,-1,4,0,0,0
382,381,129,-1,4,0,0,0
383,16,41,-1,6,0,0,0
384,57,86,-1,6,0,0,0
385,110,-1,-1,4,0,0,0
386,385,128,-1,6,0,0,0
387,80,-1,-1,4,0,0,0
388,387,136,-1,4,0,0,0
389,159,250,-1,6,0,0,0
390,63,75,-1,4,0,0,0
391,353,370,-1,4,0,0,0
392,43,83,-1,6,0,0,0
393,40,-1,-1,4,0,0,0
394,393,208,-1,4,0,0,0
395,81,-1,-1,4,0,0,0
396,395,-1,-1,4,0,0,0
397,396,252,-1,4,0,0,0
398,45,-1,-1,4,0,0,0
399,398,138,-1,4,0,0,0
400,82,-1,-1,4,0,0,0
401,400,261,-1,4,0,0,0
402,251,-1,-1,4,0,0,0
403,402,379,-1,4,0,0,0
404,2,52,-1,4,0,0,0
405,37,92,-1,6,0,0,0
406,33,-1,-1,4,0,0,0
407,406,152,-1,6,0,0,0
408,93,105,-1,6,0,0,0
409,85,109,-1,4,0,0,0
410,34,67,-1,4,0,0,0
411,48,89,-1,4,0,0,0
412,83,-1,-1,4,0,0,0
413,412,170,-1,4,0,0,0
414,78,-1,-1,4,0,0,0
415,414,167,-1,6,0,0,0
416,166,384,-1,4,0,0,0
417,16,-1,-1,4,0,0,0
418,417,162,-1,6,0,0,0
419,62,-1,-1,4,0,0,0
420,419,289,-1,6,0,0,0
421,82,-1,-1,4,0,0,0
422,421,-1,-1,4,0,0,0
423,422,290,-1,4,0,0,0
424,112,-1,-1,4,0,0,0
425,424,160,-1,6,0,0,0
426,5,116,-1,6,0,0,0
427,7,68,-1,6,0,0,0
428,183,147,-1,6,0,0,0
429,23,117,-1,4,0,0,0
430,25,52,-1,4,0,0,0
431,35,114,-1,4,0,0,0
432,20,-1,-1,4,0,0,0
433,432,336,-1,4,0,0,0
434,120,125,-1,4,0,0,0
435,40,43,-1,6,0,0,0
436,247,-1,-1,4,0,0,0
437,436,290,-1,4,0,0,0
438,383,204,-1,4,0,0,0
439,124,-1,-1,4,0,0,0
440,439,261,-1,6,0,0,0
441,22,28,-1,4,0,0,0
442,59,93,-1,4,0,0,0
443,14,83,-1,4,0,0,0
444,18,71,-1,6,0,0,0
445,87,89,-1,6,0,0,0
446,55,66,-1,6,0,0,0
447,6,-1,-1,4,0,0,0
448,447,336,-1,6,0,0,0
449,165,152,-1,6,0,0,0
450,36,-1,-1,4,0,0,0
451,450,184,-1,6,0,0,0
452,125,-1,-1,4,0,0,0
453,452,167,-1,6,0,0,0
454,195,180,-1,6,0,0,0
455,52,106,-1,4,0,0,0
456,189,390,-1,4,0,0,0
457,96,-1,-1,4,0,0,0
458,457,166,-1,4,0,0,0
459,77,104,-1,6,0,0,0
460,3,-1,-1,4,0,0,0
461,460,141,-1,4,0,0,0
462,77,-1,-1,4,0,0,0
463,462,193,-1,4,0,0,0
464,149,-1,-1,4,0,0,0
465,464,428,-1,4,0,0,0
466,20,-1,-1,4,0,0,0
467,466,179,-1,6,0,0,0
468,122,-1,-1,4,0,0,0
469,468,231,-1,6,0,0,0
470,136,289,-1,6,0,0,0
471,122,-1,-1,4,0,0,0
472,471,188,-1,6,0,0,0
473,105,-1,-1,4,0,0,0
474,473,159,-1,4,0,0,0
475,152,-1,-1,4,0,0,0
476,475,214,-1,4,0,0,0
477,218,273,-1,4,0,0,0
478,125,-1,-1,4,0,0,0
479,478,226,-1,4,0,0,0
480,2,38,-1,4,0,0,0
481,98,-1,-1,4,0,0,0
482,481,261,-1,6,0,0,0
483,30,65,-1,4,0,0,0
484,204,-1,-1,4,0,0,0
485,484,428,-1,4,0,0,0
486,6,123,-1,4,0,0,0
487,17,18,-1,4,0,0,0
488,11,-1,-1,4,0,0,0
489,488,-1,-1,4,0,0,0
490,489,191,-1,4,0,0,0
491,103,-1,-1,4,0,0,0
492,491,218,-1,4,0,0,0
493,117,-1,-1,4,0,0,0
494,493,153,-1,4,0,0,0
495,188,286,-1,6,0,0,0
496,41,87,-1,4,0,0,0
497,29,-1,-1,4,0,0,0
498,497,156,-1,4,0,0,0
499,43,-1,-1,4,0,0,0
500,499,153,-1,4,0,0,0
501,252,469,-1,4,0,0,0
502,54,101,-1,4,0,0,0
503,388,-1,-1,7,0,0,0
504,503,276,-1,2,0,0,0
505,142,321,-1,6,0,0,0
506,38,55,-1,6,0,0,0
507,9,70,-1,6,0,0,0
508,6,107,-1,4,0,0,0
509,118,-1,-1,4,0,0,0
510,509,176,-1,6,0,0,0
511,40,-1,-1,4,0,0,0
512,218,142,-1,4,0,0,0
513,38,-1,-1,4,0,0,0
514,513,184,-1,4,0,0,0
515,64,-1,-1,4,0,0,0
516,515,294,-1,4,0,0,0
517,27,33,-1,6,0,0,0
518,104,-1,-1,4,0,0,0
519,518,324,-1,4,0,0,0
520,64,88,-1,4,0,0,0
521,44,61,-1,4,0,0,0
522,121,-1,-1,4,0,0,0
523,522,-1,-1,4,0,0,0
524,523,191,-1,6,0,0,0
525,49,-1,-1,4,0,0,0
526,525,167,-1,6,0,0,0
527,119,-1,-1,4,0,0,0
528,527,311,-1,6,0,0,0
529,66,-1,-1,4,0,0,0
530,529,164,-1,4,0,0,0
531,57,67,-1,4,0,0,0
532,61,-1,-1,4,0,0,0
533,532,-1,-1,4,0,0,0
534,533,249,-1,6,0,0,0
535,52,-1,-1,4,0,0,0
536,535,286,-1,6,0,0,0
537,9,59,-1,4,0,0,0
538,44,73,-1,4,0,0,0
539,180,-1,-1,7,0,0,0
540,539,229,-1,2,0,0,0
541,56,-1,-1,4,0,0,0
542,541,161,-1,4,0,0,0
543,88,116,-1,4,0,0,0
544,141,-1,-1,4,0,0,0
545,544,526,-1,4,0,0,0
546,109,-1,-1,4,0,0,0
547,546,129,-1,6,0,0,0
548,8,102,-1,4,0,0,0
549,56,86,-1,4,0,0,0
550,78,110,-1,4,0,0,0
551,32,-1,-1,4,0,0,0
552,551,158,-1,4,0,0,0
553,196,223,-1,4,0,0,0
554,10,-1,-1,4,0,0,0
555,554,-1,-1,4,0,0,0
556,555,256,-1,4,0,0,0
557,87,-1,-1,4,0,0,0
558,557,133,-1,4,0,0,0
559,124,-1,-1,4,0,0,0
560,559,-1,-1,4,0,0,0
561,560,308,-1,6,0,0,0
562,104,-1,-1,4,0,0,0
563,562,132,-1,4,0,0,0
564,57,-1,-1,4,0,0,0
565,564,-1,-1,4,0,0,0
566,565,361,-1,6,0,0,0
567,14,-1,-1,4,0,0,0
568,567,250,-1,4,0,0,0
569,35,-1,-1,4,0,0,0
570,569,321,-1,4,0,0,0
571,33,-1,-1,4,0,0,0
572,571,143,-1,4,0,0,0
573,80,-1,-1,4,0,0,0
574,573,140,-1,4,0,0,0
575,87,100,-1,4,0,0,0
576,222,-1,-1,4,0,0,0
577,576,-1,-1,4,0,0,0
578,577,561,-1,6,0,0,0
579,21,92,-1,6,0,0,0
580,1,125,-1,4,0,0,0
581,53,59,-1,4,0,0,0
582,116,-1,-1,4,0,0,0
583,582,383,-1,4,0,0,0
584,81,105,-1,4,0,0,0
585,85,-1,-1,4,0,0,0
586,585,-1,-1,4,0,0,0
587,586,440,-1,4,0,0,0
588,18,56,-1,6,0,0,0
589,130,443,-1,4,0,0,0
590,94,-1,-1,4,0,0,0
591,590,-1,-1,4,0,0,0
592,591,254,-1,6,0,0,0
593,50,88,-1,4,0,0,0
594,60,-1,-1,4,0,0,0
595,594,247,-1,6,0,0,0
596,59,-1,-1,4,0,0,0
597,596,149,-1,4,0,0,0
598,123,-1,-1,4,0,0,0
599,598,362,-1,6,0,0,0
600,383,200,-1,6,0,0,0
601,4,-1,-1,4,0,0,0
602,601,129,-1,6,0,0,0
603,0,63,-1,4,0,0,0
604,35,-1,-1,4,0,0,0
605,604,356,-1,4,0,0,0
606,230,222,-1,4,0,0,0
607,22,81,-1,6,0,0,0
608,110,-1,-1,4,0,0,0
609,608,408,-1,6,0,0,0
610,30,-1,-1,4,0,0,0
611,610,332,-1,4,0,0,0
612,21,60,-1,4,0,0,0
613,4,-1,-1,4,0,0,0
614,613,353,-1,4,0,0,0
615,10,32,-1,4,0,0,0
616,99,-1,-1,4,0,0,0
617,616,183,-1,4,0,0,0
618,75,127,-1,6,0,0,0
619,142,261,-1,4,0,0,0
620,61,-1,-1,4,0,0,0
621,620,278,-1,6,0,0,0
622,5,-1,-1,4,0,0,0
623,622,140,-1,6,0,0,0
624,137,-1,-1,4,0,0,0
625,624,265,-1,6,0,0,0
626,47,-1,-1,4,0,0,0
627,626,159,-1,4,0,0,0
628,324,-1,-1,4,0,0,0
629,628,355,-1,4,0,0,0
630,127,-1,-1,4,0,0,0
631,630,223,-1,4,0,0,0
632,74,126,-1,4,0,0,0
633,14,78,-1,4,0,0,0
634,332,-1,-1,4,0,0,0
635,634,212,-1,4,0,0,0
636,22,94,-1,4,0,0,0
637,115,-1,-1,4,0,0,0
638,637,312,-1,4,0,0,0
639,2,-1,-1,4,0,0,0
640,639,286,-1,6,0,0,0
641,81,-1,-1,4,0,0,0
642,641,133,-1,6,0,0,0
643,84,-1,-1,4,0,0,0
644,643,-1,-1,4,0,0,0
645,644,526,-1,4,0,0,0
646,147,-1,-1,4,0,0,0
647,646,254,-1,4,0,0,0
648,89,-1,-1,4,0,0,0
649,648,237,-1,4,0,0,0
650,125,-1,-1,4,0,0,0
651,650,132,-1,4,0,0,0
652,144,-1,-1,4,0,0,0
653,652,-1,-1,4,0,0,0
654,653,540,-1,6,0,0,0
655,48,-1,-1,4,0,0,0
656,655,208,-1,6,0,0,0
657,14,43,-1,4,0,0,0
658,84,-1,-1,4,0,0,0
659,658,250,-1,4,0,0,0
660,29,-1,-1,4,0,0,0
661,660,352,-1,6,0,0,0
662,90,-1,-1,4,0,0,0
663,662,196,-1,4,0,0,0
664,27,124,-1,6,0,0,0
665,35,-1,-1,4,0,0,0
666,665,330,-1,4,0,0,0
667,22,-1,-1,4,0,0,0
668,667,161,-1,4,0,0,0
669,3,57,-1,4,0,0,0
670,156,278,-1,4,0,0,0
671,600,-1,-1,4,0,0,0
672,671,645,-1,6,0,0,0
673,40,122,-1,4,0,0,0
674,59,118,-1,4,0,0,0
675,27,-1,-1,4,0,0,0
676,675,145,-1,4,0,0,0
677,77,-1,-1,4,0,0,0
678,677,-1,-1,4,0,0,0
679,678,495,-1,4,0,0,0
680,63,98,-1,6,0,0,0
681,179,331,-1,6,0,0,0
682,16,-1,-1,4,0,0,0
683,682,-1,-1,4,0,0,0
684,683,288,-1,4,0,0,0
685,180,209,-1,6,0,0,0
686,35,103,-1,4,0,0,0
687,5,-1,-1,4,0,0,0
688,687,-1,-1,4,0,0,0
689,688,308,-1,4,0,0,0
690,6,76,-1,4,0,0,0
691,9,68,-1,6,0,0,0
692,82,-1,-1,4,0,0,0
693,692,226,-1,4,0,0,0
694,75,-1,-1,4,0,0,0
695,694,250,-1,6,0,0,0
696,105,-1,-1,4,0,0,0
697,696,405,-1,6,0,0,0
698,21,-1,-1,4,0,0,0
699,698,192,-1,4,0,0,0
700,231,158,-1,4,0,0,0
701,336,168,-1,4,0,0,0
702,11,-1,-1,4,0,0,0
703,702,-1,-1,4,0,0,0
704,703,440,-1,6,0,0,0
705,273,-1,-1,4,0,0,0
706,705,351,-1,6,0,0,0
707,79,-1,-1,4,0,0,0
708,707,-1,-1,4,0,0,0
709,708,440,-1,4,0,0,0
710,102,-1,-1,4,0,0,0
711,710,686,-1,4,0,0,0
712,48,-1,-1,4,0,0,0
713,712,163,-1,4,0,0,0
714,71,91,-1,6,0,0,0
715,87,-1,-1,4,0,0,0
716,715,537,-1,6,0,0,0
717,109,-1,-1,4,0,0,0
718,717,167,-1,6,0,0,0
719,44,98,-1,4,0,0,0
720,86,-1,-1,4,0,0,0
721,720,167,-1,4,0,0,0
722,25,-1,-1,4,0,0,0
723,722,145,-1,6,0,0,0
724,157,-1,-1,4,0,0,0
725,724,-1,-1,4,0,0,0
726,725,373,-1,4,0,0,0
727,54,-1,-1,4,0,0,0
728,727,426,-1,4,0,0,0
729,568,-1,-1,7,0,0,0
730,729,476,-1,2,0,0,0
731,122,-1,-1,4,0,0,0
732,731,-1,-1,4,0,0,0
733,732,482,-1,6,0,0,0
734,17,23,-1,4,0,0,0
735,75,-1,-1,4,0,0,0
736,735,-1,-1,4,0,0,0
737,736,229,-1,6,0,0,0
738,231,-1,-1,4,0,0,0
739,738,338,-1,4,0,0,0
740,9,-1,-1,4,0,0,0
741,740,141,-1,4,0,0,0
742,48,-1,-1,4,0,0,0
743,742,160,-1,4,0,0,0
744,145,278,-1,4,0,0,0
745,3,-1,-1,4,0,0,0
746,745,192,-1,4,0,0,0
747,13,81,-1,4,0,0,0
748,99,122,-1,4,0,0,0
749,126,127,-1,6,0,0,0
750,748,749,-1,6,0,0,0
751,195,404,-1,4,0,0,0
752,537,178,-1,6,0,0,0
753,750,751,-1,6,0,0,0
754,752,-1,-1,4,0,0,0
755,753,754,-1,6,0,0,0
756,87,117,-1,4,0,0,0
757,147,143,-1,4,0,0,0
758,47,97,-1,4,0,0,0
759,8,28,-1,4,0,0,0
760,104,-1,-1,4,0,0,0
761,760,160,-1,6,0,0,0
762,89,102,-1,4,0,0,0
763,405,-1,-1,4,0,0,0
764,763,495,-1,4,0,0,0
765,23,-1,-1,4,0,0,0
766,765,193,-1,4,0,0,0
767,61,-1,-1,4,0,0,0
768,767,380,-1,4,0,0,0
769,67,-1,-1,4,0,0,0
770,769,132,-1,4,0,0,0
771,50,-1,-1,4,0,0,0
772,771,133,-1,4,0,0,0
773,80,-1,-1,4,0,0,0
774,773,-1,-1,4,0,0,0
775,774,-1,-1,4,0,0,0
776,775,437,-1,4,0,0,0
777,43,116,-1,4,0,0,0
778,46,-1,-1,4,0,0,0
779,778,137,-1,6,0,0,0
780,118,-1,-1,4,0,0,0
781,780,297,-1,6,0,0,0
782,64,-1,-1,4,0,0,0
783,782,496,-1,4,0,0,0
784,189,181,-1,6,0,0,0
785,84,92,-1,4,0,0,0
786,25,111,-1,6,0,0,0
787,85,-1,-1,4,0,0,0
788,787,150,-1,4,0,0,0
789,246,-1,-1,4,0,0,0
790,789,-1,-1,4,0,0,0
791,790,706,-1,6,0,0,0
792,59,-1,-1,4,0,0,0
793,792,435,-1,4,0,0,0
794,230,-1,-1,4,0,0,0
795,794,207,-1,4,0,0,0
796,251,-1,-1,7,0,0,0
797,796,214,-1,2,0,0,0
798,22,-1,-1,4,0,0,0
799,798,588,-1,6,0,0,0
800,408,-1,-1,4,0,0,0
801,800,-1,-1,4,0,0,0
802,801,397,-1,6,0,0,0
803,86,100,-1,4,0,0,0
804,282,-1,-1,7,0,0,0
805,804,469,-1,2,0,0,0
806,145,331,-1,6,0,0,0
807,99,-1,-1,4,0,0,0
808,807,168,-1,6,0,0,0
809,26,-1,-1,4,0,0,0
810,809,128,-1,4,0,0,0
811,71,101,-1,4,0,0,0
812,441,-1,-1,7,0,0,0
813,812,433,-1,2,0,0,0
814,73,-1,-1,4,0,0,0
815,814,405,-1,6,0,0,0
816,99,-1,-1,4,0,0,0
817,816,673,-1,4,0,0,0
818,204,-1,-1,4,0,0,0
819,818,236,-1,6,0,0,0
820,96,-1,-1,4,0,0,0
821,820,-1,-1,4,0,0,0
822,821,342,-1,4,0,0,0
823,72,-1,-1,4,0,0,0
824,823,-1,-1,4,0,0,0
825,824,744,-1,6,0,0,0
826,256,290,-1,6,0,0,0
827,158,-1,-1,4,0,0,0
828,827,338,-1,6,0,0,0
829,23,49,-1,4,0,0,0
830,120,-1,-1,4,0,0,0
831,830,243,-1,6,0,0,0
832,3,94,-1,4,0,0,0
833,681,375,-1,6,0,0,0
834,83,-1,-1,4,0,0,0
835,834,183,-1,4,0,0,0
836,46,85,-1,4,0,0,0
837,114,-1,-1,4,0,0,0
838,837,183,-1,4,0,0,0
839,37,-1,-1,4,0,0,0
840,839,-1,-1,4,0,0,0
841,840,369,-1,4,0,0,0
842,91,122,-1,4,0,0,0
843,36,39,-1,4,0,0,0
844,495,288,-1,6,0,0,0
845,18,109,-1,4,0,0,0
846,54,88,-1,4,0,0,0
847,64,81,-1,4,0,0,0
848,75,-1,-1,4,0,0,0
849,132,133,-1,4,0,0,0
850,126,-1,-1,4,0,0,0
851,850,136,-1,4,0,0,0
852,39,-1,-1,4,0,0,0
853,852,137,-1,6,0,0,0
854,44,-1,-1,4,0,0,0
855,854,140,-1,6,0,0,0
856,101,-1,-1,4,0,0,0
857,856,141,-1,4,0,0,0
858,2,-1,-1,4,0,0,0
859,858,142,-1,4,0,0,0
860,127,-1,-1,4,0,0,0
861,860,144,-1,4,0,0,0
862,145,146,-1,4,0,0,0
863,86,-1,-1,4,0,0,0
864,863,148,-1,4,0,0,0
865,149,150,-1,6,0,0,0
866,77,-1,-1,4,0,0,0
867,866,153,-1,6,0,0,0
868,140,156,-1,6,0,0,0
869,97,-1,-1,4,0,0,0
870,869,157,-1,4,0,0,0
871,114,-1,-1,4,0,0,0
872,871,158,-1,6,0,0,0
873,0,-1,-1,4,0,0,0
874,873,159,-1,6,0,0,0
875,16,-1,-1,4,0,0,0
876,875,160,-1,4,0,0,0
877,161,162,-1,6,0,0,0
878,88,-1,-1,4,0,0,0
879,878,165,-1,6,0,0,0
880,167,131,-1,4,0,0,0
881,101,-1,-1,4,0,0,0
882,881,168,-1,4,0,0,0
883,44,-1,-1,4,0,0,0
884,883,169,-1,4,0,0,0
885,43,-1,-1,4,0,0,0
886,885,170,-1,6,0,0,0
887,107,-1,-1,4,0,0,0
888,887,175,-1,4,0,0,0
889,109,-1,-1,4,0,0,0
890,889,177,-1,6,0,0,0
891,96,-1,-1,4,0,0,0
892,891,179,-1,4,0,0,0
893,112,-1,-1,4,0,0,0
894,893,181,-1,4,0,0,0
895,183,177,-1,4,0,0,0
896,184,185,-1,4,0,0,0
897,186,187,-1,4,0,0,0
898,188,189,-1,4,0,0,0
899,6,-1,-1,4,0,0,0
900,899,192,-1,6,0,0,0
901,183,195,-1,4,0,0,0
902,196,197,-1,6,0,0,0
903,108,-1,-1,4,0,0,0
904,903,-1,-1,4,0,0,0
905,904,199,-1,6,0,0,0
906,200,-1,-1,4,0,0,0
907,906,202,-1,6,0,0,0
908,26,-1,-1,4,0,0,0
909,908,204,-1,6,0,0,0
910,3,-1,-1,4,0,0,0
911,910,205,-1,4,0,0,0
912,124,-1,-1,4,0,0,0
913,912,208,-1,4,0,0,0
914,214,216,-1,4,0,0,0
915,114,-1,-1,4,0,0,0
916,915,218,-1,6,0,0,0
917,123,-1,-1,4,0,0,0
918,917,219,-1,4,0,0,0
919,55,-1,-1,4,0,0,0
920,919,222,-1,4,0,0,0
921,98,-1,-1,4,0,0,0
922,921,223,-1,6,0,0,0
923,226,195,-1,6,0,0,0
924,76,-1,-1,4,0,0,0
925,924,-1,-1,4,0,0,0
926,925,229,-1,6,0,0,0
927,50,-1,-1,4,0,0,0
928,927,230,-1,6,0,0,0
929,234,236,-1,6,0,0,0
930,61,-1,-1,4,0,0,0
931,930,243,-1,4,0,0,0
932,246,-1,-1,4,0,0,0
933,932,928,-1,6,0,0,0
934,35,-1,-1,4,0,0,0
935,934,-1,-1,4,0,0,0
936,935,249,-1,4,0,0,0
937,48,-1,-1,4,0,0,0
938,937,-1,-1,4,0,0,0
939,938,252,-1,4,0,0,0
940,68,-1,-1,4,0,0,0
941,940,-1,-1,4,0,0,0
942,941,256,-1,6,0,0,0
943,107,-1,-1,4,0,0,0
944,943,259,-1,4,0,0,0
945,81,-1,-1,4,0,0,0
946,945,-1,-1,4,0,0,0
947,946,-1,-1,4,0,0,0
948,947,914,-1,6,0,0,0
949,86,-1,-1,4,0,0,0
950,949,260,-1,6,0,0,0
951,115,-1,-1,4,0,0,0
952,951,261,-1,6,0,0,0
953,160,-1,-1,4,0,0,0
954,953,265,-1,6,0,0,0
955,271,272,-1,6,0,0,0
956,128,273,-1,6,0,0,0
957,62,-1,-1,4,0,0,0
958,957,278,-1,4,0,0,0
959,38,-1,-1,4,0,0,0
960,959,282,-1,4,0,0,0
961,39,-1,-1,4,0,0,0
962,961,283,-1,4,0,0,0
963,85,-1,-1,4,0,0,0
964,963,-1,-1,4,0,0,0
965,964,288,-1,6,0,0,0
966,289,-1,-1,4,0,0,0
967,966,290,-1,4,0,0,0
968,293,-1,-1,7,0,0,0
969,968,292,-1,2,0,0,0
970,294,-1,-1,4,0,0,0
971,970,296,-1,4,0,0,0
972,31,-1,-1,4,0,0,0
973,972,306,-1,6,0,0,0
974,156,-1,-1,4,0,0,0
975,974,314,-1,4,0,0,0
976,318,-1,-1,4,0,0,0
977,976,320,-1,4,0,0,0
978,28,-1,-1,4,0,0,0
979,978,321,-1,6,0,0,0
980,273,323,-1,6,0,0,0
981,166,-1,-1,4,0,0,0
982,981,327,-1,4,0,0,0
983,122,-1,-1,4,0,0,0
984,983,330,-1,4,0,0,0
985,133,331,-1,4,0,0,0
986,7,-1,-1,4,0,0,0
987,986,-1,-1,4,0,0,0
988,987,-1,-1,4,0,0,0
989,988,334,-1,4,0,0,0
990,106,-1,-1,4,0,0,0
991,990,335,-1,4,0,0,0
992,336,232,-1,4,0,0,0
993,339,-1,-1,7,0,0,0
994,993,338,-1,2,0,0,0
995,92,-1,-1,4,0,0,0
996,995,-1,-1,4,0,0,0
997,996,351,-1,6,0,0,0
998,157,352,-1,4,0,0,0
999,43,-1,-1,4,0,0,0
1000,999,-1,-1,4,0,0,0
1001,1000,872,-1,4,0,0,0
1002,11,-1,-1,4,0,0,0
1003,1002,356,-1,4,0,0,0
1004,76,-1,-1,4,0,0,0
1005,1004,357,-1,4,0,0,0
1006,251,-1,-1,7,0,0,0
1007,1006,859,-1,2,0,0,0
1008,136,362,-1,4,0,0,0
1009,74,-1,-1,4,0,0,0
1010,1009,-1,-1,4,0,0,0
1011,1010,-1,-1,4,0,0,0
1012,1011,939,-1,4,0,0,0
1013,29,-1,-1,4,0,0,0
1014,1013,-1,-1,4,0,0,0
1015,1014,859,-1,4,0,0,0
1016,234,379,-1,4,0,0,0
1017,132,-1,-1,4,0,0,0
1018,1017,382,-1,6,0,0,0
1019,108,-1,-1,4,0,0,0
1020,1019,383,-1,6,0,0,0
1021,90,-1,-1,4,0,0,0
1022,1021,-1,-1,4,0,0,0
1023,1022,916,-1,4,0,0,0
1024,388,389,-1,4,0,0,0
1025,45,-1,-1,4,0,0,0
1026,1025,390,-1,6,0,0,0
1027,55,62,-1,6,0,0,0
1028,75,90,-1,7,0,0,0
1029,96,107,-1,2,0,0,0
1030,120,-1,-1,4,0,0,0
1031,1027,1028,-1,4,0,0,0
1032,1029,1030,-1,6,0,0,0
1033,157,134,-1,4,0,0,0
1034,392,-1,-1,4,0,0,0
1035,1031,1032,-1,6,0,0,0
1036,1033,1034,-1,6,0,0,0
1037,1035,1036,-1,6,0,0,0
1038,17,-1,-1,4,0,0,0
1039,1038,405,-1,4,0,0,0
1040,75,-1,-1,4,0,0,0
1041,1040,408,-1,6,0,0,0
1042,409,-1,-1,4,0,0,0
1043,1042,351,-1,6,0,0,0
1044,54,-1,-1,4,0,0,0
1045,1044,-1,-1,4,0,0,0
1046,1045,867,-1,4,0,0,0
1047,911,420,-1,6,0,0,0
1048,61,-1,-1,4,0,0,0
1049,1048,-1,-1,4,0,0,0
1050,1049,879,-1,6,0,0,0
1051,192,-1,-1,4,0,0,0
1052,1051,425,-1,4,0,0,0
1053,164,426,-1,4,0,0,0
1054,9,-1,-1,4,0,0,0
1055,1054,430,-1,4,0,0,0
1056,52,-1,-1,4,0,0,0
1057,1056,-1,-1,4,0,0,0
1058,1057,433,-1,4,0,0,0
1059,58,-1,-1,4,0,0,0
1060,1059,435,-1,4,0,0,0
1061,97,-1,-1,4,0,0,0
1062,1061,-1,-1,4,0,0,0
1063,1062,-1,-1,4,0,0,0
1064,1063,437,-1,4,0,0,0
1065,356,-1,-1,7,0,0,0
1066,1065,440,-1,2,0,0,0
1067,166,-1,-1,4,0,0,0
1068,1067,923,-1,6,0,0,0
1069,390,441,-1,6,0,0,0
1070,444,-1,-1,7,0,0,0
1071,1070,379,-1,2,0,0,0
1072,440,849,-1,6,0,0,0
1073,445,446,-1,6,0,0,0
1074,109,-1,-1,4,0,0,0
1075,1074,-1,-1,4,0,0,0
1076,1075,451,-1,4,0,0,0
1077,453,454,-1,4,0,0,0
1078,455,-1,-1,4,0,0,0
1079,1078,456,-1,4,0,0,0
1080,105,-1,-1,4,0,0,0
1081,1080,-1,-1,4,0,0,0
1082,1081,458,-1,6,0,0,0
1083,459,-1,-1,4,0,0,0
1084,1083,-1,-1,4,0,0,0
1085,1084,276,-1,6,0,0,0
1086,46,-1,-1,4,0,0,0
1087,1086,-1,-1,4,0,0,0
1088,1087,956,-1,6,0,0,0
1089,243,-1,-1,4,0,0,0
1090,1089,923,-1,6,0,0,0
1091,74,-1,-1,4,0,0,0
1092,1091,-1,-1,4,0,0,0
1093,1092,461,-1,4,0,0,0
1094,467,202,-1,4,0,0,0
1095,140,-1,-1,4,0,0,0
1096,1095,469,-1,6,0,0,0
1097,1020,900,-1,4,0,0,0
1098,476,982,-1,4,0,0,0
1099,477,479,-1,6,0,0,0
1100,26,-1,-1,4,0,0,0
1101,1100,-1,-1,4,0,0,0
1102,1101,892,-1,4,0,0,0
1103,205,-1,-1,4,0,0,0
1104,1103,-1,-1,4,0,0,0
1105,1104,929,-1,4,0,0,0
1106,483,-1,-1,4,0,0,0
1107,1106,-1,-1,4,0,0,0
1108,1107,485,-1,6,0,0,0
1109,310,-1,-1,4,0,0,0
1110,1109,1001,-1,6,0,0,0
1111,283,-1,-1,4,0,0,0
1112,1111,494,-1,6,0,0,0
1113,137,-1,-1,4,0,0,0
1114,1113,855,-1,6,0,0,0
1115,20,-1,-1,4,0,0,0
1116,1115,-1,-1,4,0,0,0
1117,1116,-1,-1,4,0,0,0
1118,1117,-1,-1,4,0,0,0
1119,1118,504,-1,6,0,0,0
1120,117,-1,-1,4,0,0,0
1121,1120,506,-1,4,0,0,0
1122,29,-1,-1,4,0,0,0
1123,1122,-1,-1,4,0,0,0
1124,1123,867,-1,4,0,0,0
1125,506,508,-1,4,0,0,0
1126,26,-1,-1,4,0,0,0
1127,1126,-1,-1,4,0,0,0
1128,1127,876,-1,6,0,0,0
1129,1,17,-1,2,0,0,0
1130,93,-1,-1,7,0,0,0
1131,1129,1130,-1,4,0,0,0
1132,158,251,-1,6,0,0,0
1133,144,508,-1,2,0,0,0
1134,502,517,-1,7,0,0,0
1135,1131,1132,-1,6,0,0,0
1136,1133,1134,-1,4,0,0,0
1137,214,512,-1,4,0,0,0
1138,386,514,-1,7,0,0,0
1139,516,-1,-1,7,0,0,0
1140,1135,1136,-1,6,0,0,0
1141,1137,1138,-1,4,0,0,0
1142,1139,-1,-1,7,0,0,0
1143,1140,1141,-1,6,0,0,0
1144,1142,-1,-1,7,0,0,0
1145,1143,1144,-1,4,0,0,0
1146,13,-1,-1,4,0,0,0
1147,1146,520,-1,4,0,0,0
1148,1020,892,-1,4,0,0,0
1149,526,913,-1,6,0,0,0
1150,204,531,-1,4,0,0,0
1151,88,-1,-1,4,0,0,0
1152,1151,-1,-1,4,0,0,0
1153,1152,900,-1,6,0,0,0
1154,110,-1,-1,4,0,0,0
1155,1154,-1,-1,4,0,0,0
1156,1155,-1,-1,4,0,0,0
1157,1156,534,-1,6,0,0,0
1158,133,-1,-1,4,0,0,0
1159,1158,536,-1,6,0,0,0
1160,95,-1,-1,4,0,0,0
1161,1160,-1,-1,4,0,0,0
1162,1161,552,-1,4,0,0,0
1163,324,-1,-1,4,0,0,0
1164,1163,553,-1,4,0,0,0
1165,494,-1,-1,4,0,0,0
1166,1165,997,-1,4,0,0,0
1167,101,-1,-1,4,0,0,0
1168,1167,-1,-1,4,0,0,0
1169,1168,-1,-1,4,0,0,0
1170,1169,561,-1,4,0,0,0
1171,214,570,-1,6,0,0,0
1172,507,575,-1,4,0,0,0
1173,162,-1,-1,4,0,0,0
1174,1173,-1,-1,4,0,0,0
1175,1174,1124,-1,4,0,0,0
1176,486,-1,-1,4,0,0,0
1177,1176,916,-1,6,0,0,0
1178,588,-1,-1,7,0,0,0
1179,1178,879,-1,2,0,0,0
1180,179,-1,-1,4,0,0,0
1181,1180,872,-1,6,0,0,0
1182,192,-1,-1,4,0,0,0
1183,1182,880,-1,4,0,0,0
1184,20,-1,-1,4,0,0,0
1185,1184,-1,-1,4,0,0,0
1186,1185,956,-1,6,0,0,0
1187,909,611,-1,6,0,0,0
1188,65,-1,-1,4,0,0,0
1189,1188,-1,-1,4,0,0,0
1190,1189,-1,-1,4,0,0,0
1191,1190,1171,-1,4,0,0,0
1192,107,-1,-1,4,0,0,0
1193,1192,-1,-1,4,0,0,0
1194,1193,621,-1,6,0,0,0
1195,148,-1,-1,4,0,0,0
1196,1195,623,-1,6,0,0,0
1197,632,-1,-1,4,0,0,0
1198,1197,876,-1,6,0,0,0
1199,35,37,-1,6,0,0,0
1200,49,61,-1,2,0,0,0
1201,1199,1200,-1,6,0,0,0
1202,383,161,-1,6,0,0,0
1203,444,187,-1,2,0,0,0
1204,380,636,-1,6,0,0,0
1205,538,-1,-1,4,0,0,0
1206,1201,1202,-1,6,0,0,0
1207,1203,1204,-1,6,0,0,0
1208,1205,263,-1,6,0,0,0
1209,617,886,-1,2,0,0,0
1210,638,640,-1,4,0,0,0
1211,1206,1207,-1,6,0,0,0
1212,1208,1209,-1,6,0,0,0
1213,1210,1090,-1,4,0,0,0
1214,942,587,-1,6,0,0,0
1215,1211,1212,-1,6,0,0,0
1216,1213,1214,-1,6,0,0,0
1217,1215,1216,-1,6,0,0,0
1218,1119,-1,-1,4,0,0,0
1219,1217,1218,-1,6,0,0,0
1220,116,-1,-1,4,0,0,0
1221,1220,-1,-1,4,0,0,0
1222,1221,901,-1,4,0,0,0
1223,633,-1,-1,4,0,0,0
1224,1223,-1,-1,4,0,0,0
1225,1224,954,-1,6,0,0,0
1226,0,-1,-1,7,0,0,0
1227,1226,128,-1,7,0,0,0
1228,196,151,-1,2,0,0,0
1229,260,657,-1,2,0,0,0
1230,517,-1,-1,7,0,0,0
1231,1227,1228,-1,2,0,0,0
1232,1229,1230,-1,4,0,0,0
1233,570,656,-1,4,0,0,0
1234,659,661,-1,7,0,0,0
1235,1231,1232,-1,6,0,0,0
1236,1233,1234,-1,4,0,0,0
1237,476,1093,-1,7,0,0,0
1238,1082,1194,-1,7,0,0,0
1239,1235,1236,-1,6,0,0,0
1240,1237,1238,-1,7,0,0,0
1241,1239,1240,-1,4,0,0,0
1242,65,-1,-1,4,0,0,0
1243,1242,-1,-1,4,0,0,0
1244,1243,-1,-1,4,0,0,0
1245,1244,1058,-1,4,0,0,0
1246,130,-1,-1,4,0,0,0
1247,1246,668,-1,4,0,0,0
1248,216,1026,-1,6,0,0,0
1249,0,55,-1,6,0,0,0
1250,110,126,-1,2,0,0,0
1251,1249,1250,-1,6,0,0,0
1252,673,664,-1,2,0,0,0
1253,674,-1,-1,4,0,0,0
1254,1251,1252,-1,6,0,0,0
1255,1253,433,-1,4,0,0,0
1256,1254,1255,-1,6,0,0,0
1257,8,-1,-1,4,0,0,0
1258,1257,-1,-1,4,0,0,0
1259,1258,681,-1,4,0,0,0
1260,57,-1,-1,4,0,0,0
1261,1260,-1,-1,4,0,0,0
1262,1261,872,-1,4,0,0,0
1263,18,-1,-1,4,0,0,0
1264,1263,691,-1,6,0,0,0
1265,77,-1,-1,4,0,0,0
1266,1265,-1,-1,4,0,0,0
1267,1266,693,-1,6,0,0,0
1268,189,-1,-1,4,0,0,0
1269,1268,853,-1,6,0,0,0
1270,238,-1,-1,4,0,0,0
1271,1270,892,-1,6,0,0,0
1272,849,467,-1,4,0,0,0
1273,70,123,-1,2,0,0,0
1274,1273,261,-1,6,0,0,0
1275,426,155,-1,4,0,0,0
1276,714,-1,-1,4,0,0,0
1277,1274,1275,-1,6,0,0,0
1278,1276,874,-1,6,0,0,0
1279,240,713,-1,2,0,0,0
1280,563,700,-1,2,0,0,0
1281,716,718,-1,6,0,0,0
1282,1277,1278,-1,6,0,0,0
1283,1279,1280,-1,6,0,0,0
1284,1281,1269,-1,6,0,0,0
1285,1282,1283,-1,6,0,0,0
1286,1284,-1,-1,4,0,0,0
1287,1285,1286,-1,6,0,0,0
1288,28,-1,-1,4,0,0,0
1289,1288,-1,-1,4,0,0,0
1290,1289,923,-1,4,0,0,0
1291,119,-1,-1,4,0,0,0
1292,1291,-1,-1,4,0,0,0
1293,1292,721,-1,4,0,0,0
1294,318,-1,-1,4,0,0,0
1295,1294,-1,-1,4,0,0,0
1296,1295,-1,-1,4,0,0,0
1297,1296,726,-1,6,0,0,0
1298,50,-1,-1,4,0,0,0
1299,1298,-1,-1,4,0,0,0
1300,1299,-1,-1,4,0,0,0
1301,1300,1124,-1,6,0,0,0
1302,29,34,-1,7,0,0,0
1303,106,-1,-1,7,0,0,0
1304,1302,1303,-1,7,0,0,0
1305,208,331,-1,4,0,0,0
1306,219,325,-1,7,0,0,0
1307,1304,1305,-1,2,0,0,0
1308,1306,867,-1,7,0,0,0
1309,855,892,-1,6,0,0,0
1310,249,642,-1,6,0,0,0
1311,697,888,-1,2,0,0,0
1312,897,-1,-1,7,0,0,0
1313,1307,1308,-1,4,0,0,0
1314,1309,1310,-1,6,0,0,0
1315,1311,1312,-1,4,0,0,0
1316,1183,733,-1,7,0,0,0
1317,1313,1314,-1,6,0,0,0
1318,1315,1316,-1,4,0,0,0
1319,730,-1,-1,7,0,0,0
1320,1317,1318,-1,6,0,0,0
1321,1319,-1,-1,7,0,0,0
1322,1320,1321,-1,4,0,0,0
1323,1090,929,-1,4,0,0,0
1324,100,-1,-1,4,0,0,0
1325,1324,-1,-1,4,0,0,0
1326,1325,849,-1,4,0,0,0
1327,200,-1,-1,4,0,0,0
1328,1327,855,-1,6,0,0,0
1329,928,902,-1,4,0,0,0
1330,758,759,-1,4,0,0,0
1331,26,-1,-1,4,0,0,0
1332,1331,762,-1,4,0,0,0
1333,214,853,-1,4,0,0,0
1334,588,-1,-1,4,0,0,0
1335,1334,-1,-1,4,0,0,0
1336,1335,1001,-1,4,0,0,0
1337,777,-1,-1,7,0,0,0
1338,1337,340,-1,2,0,0,0
1339,14,40,-1,6,0,0,0
1340,58,67,-1,6,0,0,0
1341,116,-1,-1,7,0,0,0
1342,1339,1340,-1,6,0,0,0
1343,1341,152,-1,7,0,0,0
1344,273,636,-1,4,0,0,0
1345,257,-1,-1,7,0,0,0
1346,1342,1343,-1,4,0,0,0
1347,1344,1345,-1,4,0,0,0
1348,528,676,-1,4,0,0,0
1349,783,784,-1,7,0,0,0
1350,1346,1347,-1,6,0,0,0
1351,1348,1349,-1,4,0,0,0
1352,1350,1351,-1,6,0,0,0
1353,1012,-1,-1,4,0,0,0
1354,1352,1353,-1,6,0,0,0
1355,786,-1,-1,7,0,0,0
1356,1355,872,-1,2,0,0,0
1357,404,-1,-1,4,0,0,0
1358,1357,788,-1,6,0,0,0
1359,28,71,-1,6,0,0,0
1360,1359,238,-1,6,0,0,0
1361,1360,793,-1,6,0,0,0
1362,1361,-1,-1,4,0,0,0
1363,1362,1245,-1,4,0,0,0
1364,1301,1225,-1,2,0,0,0
1365,1363,1364,-1,6,0,0,0
1366,76,-1,-1,7,0,0,0
1367,1366,250,-1,7,0,0,0
1368,520,-1,-1,4,0,0,0
1369,1367,1368,-1,2,0,0,0
1370,853,263,-1,7,0,0,0
1371,913,242,-1,2,0,0,0
1372,663,512,-1,7,0,0,0
1373,699,991,-1,4,0,0,0
1374,799,-1,-1,7,0,0,0
1375,1369,1370,-1,4,0,0,0
1376,1371,1372,-1,4,0,0,0
1377,1373,1374,-1,4,0,0,0
1378,795,905,-1,4,0,0,0
1379,797,1096,-1,7,0,0,0
1380,1047,-1,-1,7,0,0,0
1381,1375,1376,-1,6,0,0,0
1382,1377,1378,-1,6,0,0,0
1383,1379,1380,-1,7,0,0,0
1384,1381,1382,-1,6,0,0,0
1385,1383,-1,-1,7,0,0,0
1386,1384,1385,-1,4,0,0,0
1387,9,10,-1,6,0,0,0
1388,126,-1,-1,4,0,0,0
1389,1387,1388,-1,6,0,0,0
1390,184,133,-1,4,0,0,0
1391,131,-1,-1,7,0,0,0
1392,1389,1390,-1,6,0,0,0
1393,1391,879,-1,2,0,0,0
1394,853,482,-1,6,0,0,0
1395,783,574,-1,4,0,0,0
1396,638,-1,-1,4,0,0,0
1397,1392,1393,-1,6,0,0,0
1398,1394,1395,-1,6,0,0,0
1399,1396,490,-1,6,0,0,0
1400,1290,1338,-1,2,0,0,0
1401,1397,1398,-1,6,0,0,0
1402,1399,1400,-1,6,0,0,0
1403,802,-1,-1,4,0,0,0
1404,1401,1402,-1,6,0,0,0
1405,1403,-1,-1,4,0,0,0
1406,1404,1405,-1,6,0,0,0
1407,37,-1,-1,7,0,0,0
1408,1407,384,-1,7,0,0,0
1409,508,293,-1,6,0,0,0
1410,409,434,-1,7,0,0,0
1411,777,257,-1,7,0,0,0
1412,1408,1409,-1,2,0,0,0
1413,1410,1411,-1,7,0,0,0
1414,265,892,-1,6,0,0,0
1415,984,1330,-1,7,0,0,0
1416,609,-1,-1,7,0,0,0
1417,1412,1413,-1,4,0,0,0
1418,1414,1415,-1,4,0,0,0
1419,1416,-1,-1,7,0,0,0
1420,1417,1418,-1,6,0,0,0
1421,1419,1105,-1,7,0,0,0
1422,672,-1,-1,7,0,0,0
1423,1420,1421,-1,4,0,0,0
1424,1422,-1,-1,7,0,0,0
1425,1423,1424,-1,4,0,0,0
1426,197,-1,-1,4,0,0,0
1427,1426,909,-1,4,0,0,0
1428,6,125,-1,2,0,0,0
1429,1428,230,-1,6,0,0,0
1430,185,429,-1,6,0,0,0
1431,714,-1,-1,7,0,0,0
1432,1429,1430,-1,6,0,0,0
1433,1431,240,-1,7,0,0,0
1434,1008,1150,-1,2,0,0,0
1435,799,-1,-1,7,0,0,0
1436,1432,1433,-1,4,0,0,0
1437,1434,1435,-1,4,0,0,0
1438,1124,-1,-1,7,0,0,0
1439,1436,1437,-1,6,0,0,0
1440,1438,-1,-1,7,0,0,0
1441,1439,1440,-1,4,0,0,0
1442,27,63,-1,7,0,0,0
1443,1442,243,-1,7,0,0,0
1444,139,312,-1,6,0,0,0
1445,785,244,-1,6,0,0,0
1446,747,-1,-1,7,0,0,0
1447,1443,1444,-1,2,0,0,0
1448,1445,1446,-1,4,0,0,0
1449,389,851,-1,7,0,0,0
1450,364,761,-1,4,0,0,0
1451,472,793,-1,7,0,0,0
1452,649,896,-1,7,0,0,0
1453,973,-1,-1,7,0,0,0
1454,1447,1448,-1,6,0,0,0
1455,1449,1450,-1,2,0,0,0
1456,1451,1452,-1,7,0,0,0
1457,1453,939,-1,7,0,0,0
1458,1454,1455,-1,6,0,0,0
1459,1456,1457,-1,7,0,0,0
1460,1458,1459,-1,4,0,0,0
1461,74,-1,-1,4,0,0,0
1462,1461,-1,-1,4,0,0,0
1463,1462,867,-1,4,0,0,0
1464,252,806,-1,6,0,0,0
1465,593,-1,-1,4,0,0,0
1466,1465,808,-1,6,0,0,0
1467,6,-1,-1,4,0,0,0
1468,1467,-1,-1,4,0,0,0
1469,1468,874,-1,6,0,0,0
1470,186,-1,-1,4,0,0,0
1471,1470,-1,-1,4,0,0,0
1472,1471,1329,-1,4,0,0,0
1473,3,-1,-1,4,0,0,0
1474,1473,459,-1,6,0,0,0
1475,339,172,-1,7,0,0,0
1476,182,431,-1,6,0,0,0
1477,1474,1475,-1,4,0,0,0
1478,1476,327,-1,6,0,0,0
1479,413,1005,-1,6,0,0,0
1480,1477,1478,-1,6,0,0,0
1481,1479,822,-1,6,0,0,0
1482,1480,1481,-1,6,0,0,0
1483,256,868,-1,4,0,0,0
1484,84,103,-1,6,0,0,0
1485,1484,140,-1,4,0,0,0
1486,633,803,-1,2,0,0,0
1487,612,832,-1,2,0,0,0
1488,581,-1,-1,7,0,0,0
1489,1485,1486,-1,6,0,0,0
1490,1487,1488,-1,4,0,0,0
1491,265,770,-1,2,0,0,0
1492,697,810,-1,6,0,0,0
1493,500,784,-1,2,0,0,0
1494,1489,1490,-1,6,0,0,0
1495,1491,1492,-1,6,0,0,0
1496,1493,737,-1,4,0,0,0
1497,833,-1,-1,4,0,0,0
1498,1494,1495,-1,6,0,0,0
1499,1496,1497,-1,6,0,0,0
1500,1323,-1,-1,4,0,0,0
1501,1498,1499,-1,6,0,0,0
1502,1500,-1,-1,4,0,0,0
1503,1501,1502,-1,6,0,0,0
1504,114,-1,-1,7,0,0,0
1505,1504,196,-1,7,0,0,0
1506,487,154,-1,7,0,0,0
1507,1505,1506,-1,7,0,0,0
1508,382,528,-1,6,0,0,0
1509,741,944,-1,2,0,0,0
1510,1507,1508,-1,2,0,0,0
1511,1509,764,-1,6,0,0,0
1512,1052,1333,-1,4,0,0,0
1513,969,-1,-1,4,0,0,0
1514,1510,1511,-1,6,0,0,0
1515,1512,1513,-1,6,0,0,0
1516,791,-1,-1,4,0,0,0
1517,1514,1515,-1,6,0,0,0
1518,1516,-1,-1,4,0,0,0
1519,1517,1518,-1,6,0,0,0
1520,36,73,-1,7,0,0,0
1521,100,-1,-1,7,0,0,0
1522,1520,1521,-1,7,0,0,0
1523,152,408,-1,6,0,0,0
1524,426,444,-1,7,0,0,0
1525,186,151,-1,4,0,0,0
1526,325,531,-1,4,0,0,0
1527,836,842,-1,2,0,0,0
1528,1522,1523,-1,2,0,0,0
1529,1524,1525,-1,2,0,0,0
1530,1526,1527,-1,6,0,0,0
1531,900,494,-1,4,0,0,0
1532,681,595,-1,6,0,0,0
1533,772,-1,-1,4,0,0,0
1534,1528,1529,-1,6,0,0,0
1535,1530,1531,-1,6,0,0,0
1536,1532,1533,-1,6,0,0,0
1537,1050,764,-1,6,0,0,0
1538,1534,1535,-1,6,0,0,0
1539,1536,1537,-1,6,0,0,0
1540,1538,1539,-1,6,0,0,0
1541,110,111,-1,7,0,0,0
1542,126,-1,-1,7,0,0,0
1543,1541,1542,-1,7,0,0,0
1544,289,588,-1,4,0,0,0
1545,669,843,-1,2,0,0,0
1546,258,-1,-1,7,0,0,0
1547,1543,1544,-1,2,0,0,0
1548,1545,1546,-1,4,0,0,0
1549,867,229,-1,4,0,0,0
1550,369,931,-1,6,0,0,0
1551,806,743,-1,7,0,0,0
1552,980,-1,-1,7,0,0,0
1553,1547,1548,-1,6,0,0,0
1554,1549,1550,-1,6,0,0,0
1555,1551,1552,-1,7,0,0,0
1556,907,1097,-1,7,0,0,0
1557,828,-1,-1,7,0,0,0
1558,1553,1554,-1,6,0,0,0
1559,1555,1556,-1,7,0,0,0
1560,1557,-1,-1,7,0,0,0
1561,1558,1559,-1,4,0,0,0
1562,1560,-1,-1,7,0,0,0
1563,1561,1562,-1,4,0,0,0
1564,1,-1,-1,7,0,0,0
1565,1564,318,-1,2,0,0,0
1566,483,538,-1,7,0,0,0
1567,548,845,-1,6,0,0,0
1568,1565,1566,-1,4,0,0,0
1569,1567,911,-1,6,0,0,0
1570,768,-1,-1,7,0,0,0
1571,1568,1569,-1,6,0,0,0
1572,1570,625,-1,2,0,0,0
1573,813,1427,-1,2,0,0,0
1574,1466,-1,-1,7,0,0,0
1575,1571,1572,-1,6,0,0,0
1576,1573,1574,-1,4,0,0,0
1577,1575,1576,-1,6,0,0,0
1578,14,-1,-1,4,0,0,0
1579,1578,-1,-1,4,0,0,0
1580,1579,-1,-1,4,0,0,0
1581,1580,1050,-1,4,0,0,0
1582,142,-1,-1,4,0,0,0
1583,1582,876,-1,4,0,0,0
1584,31,39,-1,2,0,0,0
1585,43,46,-1,7,0,0,0
1586,122,-1,-1,4,0,0,0
1587,1584,1585,-1,4,0,0,0
1588,1586,506,-1,6,0,0,0
1589,803,615,-1,7,0,0,0
1590,1587,1588,-1,6,0,0,0
1591,1589,928,-1,7,0,0,0
1592,375,1003,-1,7,0,0,0
1593,267,835,-1,6,0,0,0
1594,1590,1591,-1,4,0,0,0
1595,1592,1593,-1,2,0,0,0
1596,1058,1583,-1,6,0,0,0
1597,1071,592,-1,2,0,0,0
1598,1594,1595,-1,6,0,0,0
1599,1596,1597,-1,6,0,0,0
1600,1598,1599,-1,6,0,0,0
1601,52,57,-1,7,0,0,0
1602,71,-1,-1,4,0,0,0
1603,1601,1602,-1,2,0,0,0
1604,144,409,-1,6,0,0,0
1605,1603,1604,-1,6,0,0,0
1606,191,514,-1,7,0,0,0
1607,627,1069,-1,2,0,0,0
1608,1605,1606,-1,4,0,0,0
1609,1607,1090,-1,6,0,0,0
1610,534,733,-1,6,0,0,0
1611,1608,1609,-1,6,0,0,0
1612,1610,802,-1,6,0,0,0
1613,1611,1612,-1,6,0,0,0
1614,138,-1,-1,7,0,0,0
1615,1614,853,-1,2,0,0,0
1616,19,-1,-1,4,0,0,0
1617,1616,-1,-1,4,0,0,0
1618,1617,855,-1,6,0,0,0
1619,143,-1,-1,7,0,0,0
1620,1619,859,-1,2,0,0,0
1621,147,-1,-1,4,0,0,0
1622,1621,864,-1,6,0,0,0
1623,152,-1,-1,4,0,0,0
1624,1623,867,-1,6,0,0,0
1625,872,874,-1,4,0,0,0
1626,876,877,-1,6,0,0,0
1627,164,-1,-1,4,0,0,0
1628,1627,879,-1,6,0,0,0
1629,176,-1,-1,4,0,0,0
1630,1629,890,-1,4,0,0,0
1631,191,900,-1,4,0,0,0
1632,41,-1,-1,4,0,0,0
1633,1632,-1,-1,4,0,0,0
1634,1633,909,-1,4,0,0,0
1635,17,-1,-1,4,0,0,0
1636,1635,-1,-1,4,0,0,0
1637,1636,911,-1,4,0,0,0
1638,153,-1,-1,4,0,0,0
1639,1638,916,-1,6,0,0,0
1640,221,920,-1,4,0,0,0
1641,227,-1,-1,4,0,0,0
1642,1641,-1,-1,4,0,0,0
1643,1642,926,-1,4,0,0,0
1644,134,-1,-1,4,0,0,0
1645,1644,928,-1,6,0,0,0
1646,247,-1,-1,4,0,0,0
1647,1646,-1,-1,4,0,0,0
1648,1647,936,-1,4,0,0,0
1649,254,-1,-1,4,0,0,0
1650,1649,942,-1,4,0,0,0
1651,32,126,-1,6,0,0,0
1652,1651,135,-1,4,0,0,0
1653,171,-1,-1,4,0,0,0
1654,1652,1653,-1,6,0,0,0
1655,199,263,-1,6,0,0,0
1656,267,269,-1,2,0,0,0
1657,270,955,-1,4,0,0,0
1658,1654,1655,-1,6,0,0,0
1659,1656,1657,-1,6,0,0,0
1660,954,-1,-1,4,0,0,0
1661,1658,1659,-1,6,0,0,0
1662,1660,-1,-1,4,0,0,0
1663,1661,1662,-1,6,0,0,0
1664,13,-1,-1,7,0,0,0
1665,1664,179,-1,7,0,0,0
1666,237,277,-1,4,0,0,0
1667,272,281,-1,6,0,0,0
1668,1665,1666,-1,2,0,0,0
1669,1667,254,-1,4,0,0,0
1670,956,958,-1,6,0,0,0
1671,280,960,-1,7,0,0,0
1672,962,285,-1,2,0,0,0
1673,1668,1669,-1,6,0,0,0
1674,1670,1671,-1,4,0,0,0
1675,1672,276,-1,4,0,0,0
1676,1673,1674,-1,6,0,0,0
1677,1675,-1,-1,4,0,0,0
1678,1676,1677,-1,6,0,0,0
1679,37,49,-1,7,0,0,0
1680,73,-1,-1,7,0,0,0
1681,1679,1680,-1,7,0,0,0
1682,153,128,-1,7,0,0,0
1683,137,227,-1,6,0,0,0
1684,139,297,-1,7,0,0,0
1685,238,-1,-1,7,0,0,0
1686,1681,1682,-1,7,0,0,0
1687,1683,1684,-1,4,0,0,0
1688,1685,256,-1,2,0,0,0
1689,249,254,-1,4,0,0,0
1690,207,240,-1,7,0,0,0
1691,299,301,-1,6,0,0,0
1692,303,305,-1,2,0,0,0
1693,895,973,-1,7,0,0,0
1694,1686,1687,-1,2,0,0,0
1695,1688,1689,-1,6,0,0,0
1696,1690,1691,-1,2,0,0,0
1697,1692,1693,-1,4,0,0,0
1698,1625,-1,-1,7,0,0,0
1699,1694,1695,-1,6,0,0,0
1700,1696,1697,-1,6,0,0,0
1701,1698,-1,-1,7,0,0,0
1702,1699,1700,-1,6,0,0,0
1703,1701,-1,-1,7,0,0,0
1704,1702,1703,-1,4,0,0,0
1705,0,12,-1,7,0,0,0
1706,60,95,-1,7,0,0,0
1707,1705,1706,-1,7,0,0,0
1708,148,161,-1,7,0,0,0
1709,311,151,-1,7,0,0,0
1710,312,317,-1,4,0,0,0
1711,322,-1,-1,7,0,0,0
1712,1707,1708,-1,7,0,0,0
1713,1709,1710,-1,2,0,0,0
1714,1711,867,-1,7,0,0,0
1715,308,310,-1,7,0,0,0
1716,901,316,-1,7,0,0,0
1717,979,980,-1,7,0,0,0
1718,1712,1713,-1,2,0,0,0
1719,1714,1715,-1,7,0,0,0
1720,1716,1717,-1,7,0,0,0
1721,975,977,-1,7,0,0,0
1722,1718,1719,-1,4,0,0,0
1723,1720,1721,-1,7,0,0,0
1724,1722,1723,-1,4,0,0,0
1725,332,-1,-1,4,0,0,0
1726,1725,-1,-1,4,0,0,0
1727,1726,-1,-1,4,0,0,0
1728,1727,989,-1,6,0,0,0
1729,286,-1,-1,4,0,0,0
1730,1729,-1,-1,4,0,0,0
1731,1730,997,-1,4,0,0,0
1732,361,-1,-1,4,0,0,0
1733,1732,1007,-1,4,0,0,0
1734,367,-1,-1,4,0,0,0
1735,1734,-1,-1,4,0,0,0
1736,1735,1015,-1,6,0,0,0
1737,380,-1,-1,4,0,0,0
1738,1737,-1,-1,4,0,0,0
1739,1738,1018,-1,4,0,0,0
1740,74,-1,-1,4,0,0,0
1741,1740,-1,-1,4,0,0,0
1742,1741,1020,-1,6,0,0,0
1743,386,-1,-1,4,0,0,0
1744,1743,1024,-1,6,0,0,0
1745,88,99,-1,2,0,0,0
1746,1745,138,-1,6,0,0,0
1747,348,-1,-1,4,0,0,0
1748,1746,1747,-1,6,0,0,0
1749,1026,391,-1,4,0,0,0
1750,1748,1749,-1,6,0,0,0
1751,404,-1,-1,4,0,0,0
1752,1751,1039,-1,4,0,0,0
1753,58,71,-1,7,0,0,0
1754,80,-1,-1,7,0,0,0
1755,1753,1754,-1,7,0,0,0
1756,362,410,-1,6,0,0,0
1757,411,317,-1,6,0,0,0
1758,1755,1756,-1,2,0,0,0
1759,1757,389,-1,6,0,0,0
1760,347,413,-1,2,0,0,0
1761,415,416,-1,6,0,0,0
1762,418,-1,-1,4,0,0,0
1763,1758,1759,-1,6,0,0,0
1764,1760,1761,-1,6,0,0,0
1765,1762,1615,-1,6,0,0,0
1766,1046,1047,-1,2,0,0,0
1767,1763,1764,-1,6,0,0,0
1768,1765,1766,-1,6,0,0,0
1769,1767,1768,-1,6,0,0,0
1770,41,54,-1,4,0,0,0
1771,104,108,-1,4,0,0,0
1772,1770,1771,-1,6,0,0,0
1773,188,177,-1,7,0,0,0
1774,281,427,-1,2,0,0,0
1775,1772,1773,-1,4,0,0,0
1776,1774,855,-1,6,0,0,0
1777,340,1039,-1,7,0,0,0
1778,280,1053,-1,2,0,0,0
1779,922,-1,-1,7,0,0,0
1780,1775,1776,-1,6,0,0,0
1781,1777,1778,-1,2,0,0,0
1782,1779,1050,-1,2,0,0,0
1783,423,1052,-1,2,0,0,0
1784,1780,1781,-1,6,0,0,0
1785,1782,1783,-1,6,0,0,0
1786,1784,1785,-1,6,0,0,0
1787,11,-1,-1,4,0,0,0
1788,1787,-1,-1,4,0,0,0
1789,1788,-1,-1,4,0,0,0
1790,1789,1742,-1,4,0,0,0
1791,6,24,-1,2,0,0,0
1792,56,77,-1,2,0,0,0
1793,92,-1,-1,7,0,0,0
1794,1791,1792,-1,6,0,0,0
1795,1793,183,-1,2,0,0,0
1796,128,278,-1,6,0,0,0
1797,434,-1,-1,7,0,0,0
1798,1794,1795,-1,6,0,0,0
1799,1796,1797,-1,4,0,0,0
1800,872,902,-1,2,0,0,0
1801,1060,438,-1,2,0,0,0
1802,1069,-1,-1,7,0,0,0
1803,1798,1799,-1,6,0,0,0
1804,1800,1801,-1,6,0,0,0
1805,1802,1058,-1,2,0,0,0
1806,1066,1068,-1,7,0,0,0
1807,1803,1804,-1,6,0,0,0
1808,1805,1806,-1,4,0,0,0
1809,1064,-1,-1,7,0,0,0
1810,1807,1808,-1,6,0,0,0
1811,1809,-1,-1,7,0,0,0
1812,1810,1811,-1,4,0,0,0
1813,5,12,-1,4,0,0,0
1814,34,97,-1,4,0,0,0
1815,117,119,-1,4,0,0,0
1816,1813,1814,-1,6,0,0,0
1817,1815,-1,-1,4,0,0,0
1818,1816,1817,-1,6,0,0,0
1819,263,448,-1,6,0,0,0
1820,449,-1,-1,4,0,0,0
1821,1818,1819,-1,6,0,0,0
1822,1820,1076,-1,4,0,0,0
1823,1077,1079,-1,4,0,0,0
1824,1082,-1,-1,7,0,0,0
1825,1821,1822,-1,6,0,0,0
1826,1823,1824,-1,4,0,0,0
1827,1085,-1,-1,4,0,0,0
1828,1825,1826,-1,6,0,0,0
1829,1827,-1,-1,4,0,0,0
1830,1828,1829,-1,6,0,0,0
1831,28,-1,-1,4,0,0,0
1832,1831,-1,-1,4,0,0,0
1833,1832,-1,-1,4,0,0,0
1834,1833,1090,-1,4,0,0,0
1835,14,21,-1,4,0,0,0
1836,53,88,-1,7,0,0,0
1837,119,-1,-1,4,0,0,0
1838,1835,1836,-1,4,0,0,0
1839,1837,261,-1,6,0,0,0
1840,129,435,-1,4,0,0,0
1841,193,-1,-1,7,0,0,0
1842,1838,1839,-1,6,0,0,0
1843,1840,1841,-1,4,0,0,0
1844,234,320,-1,2,0,0,0
1845,472,962,-1,2,0,0,0
1846,474,-1,-1,4,0,0,0
1847,1842,1843,-1,6,0,0,0
1848,1844,1845,-1,6,0,0,0
1849,1846,1097,-1,4,0,0,0
1850,1099,-1,-1,7,0,0,0
1851,1847,1848,-1,6,0,0,0
1852,1849,1850,-1,4,0,0,0
1853,1098,-1,-1,4,0,0,0
1854,1851,1852,-1,6,0,0,0
1855,1853,-1,-1,4,0,0,0
1856,1854,1855,-1,6,0,0,0
1857,40,48,-1,7,0,0,0
1858,78,-1,-1,4,0,0,0
1859,1857,1858,-1,2,0,0,0
1860,195,222,-1,4,0,0,0
1861,232,445,-1,4,0,0,0
1862,480,-1,-1,7,0,0,0
1863,1859,1860,-1,6,0,0,0
1864,1861,1862,-1,4,0,0,0
1865,433,249,-1,2,0,0,0
1866,469,880,-1,7,0,0,0
1867,482,301,-1,4,0,0,0
1868,449,1053,-1,7,0,0,0
1869,1863,1864,-1,6,0,0,0
1870,1865,1866,-1,4,0,0,0
1871,1867,1868,-1,4,0,0,0
1872,1742,1102,-1,7,0,0,0
1873,403,-1,-1,4,0,0,0
1874,1869,1870,-1,6,0,0,0
1875,1871,1872,-1,4,0,0,0
1876,1873,1105,-1,4,0,0,0
1877,1739,1108,-1,6,0,0,0
1878,1874,1875,-1,6,0,0,0
1879,1876,1877,-1,6,0,0,0
1880,1878,1879,-1,6,0,0,0
1881,80,97,-1,2,0,0,0
1882,1881,486,-1,6,0,0,0
1883,487,323,-1,6,0,0,0
1884,287,-1,-1,4,0,0,0
1885,1882,1883,-1,6,0,0,0
1886,1884,249,-1,6,0,0,0
1887,492,998,-1,6,0,0,0
1888,1885,1886,-1,6,0,0,0
1889,1887,926,-1,4,0,0,0
1890,490,1112,-1,7,0,0,0
1891,1888,1889,-1,6,0,0,0
1892,1890,948,-1,2,0,0,0
1893,1110,-1,-1,7,0,0,0
1894,1891,1892,-1,6,0,0,0
1895,1893,-1,-1,7,0,0,0
1896,1894,1895,-1,4,0,0,0
1897,502,-1,-1,7,0,0,0
1898,1897,-1,-1,7,0,0,0
1899,1898,1114,-1,2,0,0,0
1900,361,1121,-1,6,0,0,0
1901,84,94,-1,7,0,0,0
1902,1901,507,-1,7,0,0,0
1903,343,-1,-1,4,0,0,0
1904,1902,1903,-1,2,0,0,0
1905,879,234,-1,7,0,0,0
1906,379,467,-1,7,0,0,0
1907,1125,510,-1,4,0,0,0
1908,1904,1905,-1,4,0,0,0
1909,1906,1907,-1,2,0,0,0
1910,1124,1620,-1,7,0,0,0
1911,1128,1622,-1,7,0,0,0
1912,1908,1909,-1,6,0,0,0
1913,1910,1911,-1,7,0,0,0
1914,1912,1913,-1,4,0,0,0
1915,5,84,-1,4,0,0,0
1916,1915,195,-1,6,0,0,0
1917,331,181,-1,2,0,0,0
1918,362,335,-1,6,0,0,0
1919,411,245,-1,2,0,0,0
1920,521,-1,-1,7,0,0,0
1921,1916,1917,-1,6,0,0,0
1922,1918,1919,-1,6,0,0,0
1923,1920,290,-1,2,0,0,0
1924,859,519,-1,7,0,0,0
1925,1147,950,-1,2,0,0,0
1926,1921,1922,-1,6,0,0,0
1927,1923,1924,-1,4,0,0,0
1928,1925,1148,-1,4,0,0,0
1929,524,1149,-1,7,0,0,0
1930,1926,1927,-1,6,0,0,0
1931,1928,1929,-1,4,0,0,0
1932,1744,-1,-1,7,0,0,0
1933,1930,1931,-1,6,0,0,0
1934,1932,-1,-1,7,0,0,0
1935,1933,1934,-1,4,0,0,0
1936,73,-1,-1,4,0,0,0
1937,1936,231,-1,4,0,0,0
1938,205,297,-1,7,0,0,0
1939,325,483,-1,6,0,0,0
1940,442,434,-1,2,0,0,0
1941,1937,1938,-1,4,0,0,0
1942,1939,1940,-1,6,0,0,0
1943,292,528,-1,6,0,0,0
1944,868,530,-1,4,0,0,0
1945,1150,-1,-1,4,0,0,0
1946,1941,1942,-1,6,0,0,0
1947,1943,1944,-1,6,0,0,0
1948,1945,1630,-1,6,0,0,0
1949,1153,1159,-1,6,0,0,0
1950,1946,1947,-1,6,0,0,0
1951,1948,1949,-1,6,0,0,0
1952,1157,-1,-1,4,0,0,0
1953,1950,1951,-1,6,0,0,0
1954,1952,-1,-1,4,0,0,0
1955,1953,1954,-1,6,0,0,0
1956,271,-1,-1,4,0,0,0
1957,1956,-1,-1,4,0,0,0
1958,1957,-1,-1,4,0,0,0
1959,1958,1650,-1,4,0,0,0
1960,329,-1,-1,4,0,0,0
1961,1960,-1,-1,4,0,0,0
1962,1961,1166,-1,4,0,0,0
1963,39,64,-1,2,0,0,0
1964,1963,140,-1,4,0,0,0
1965,205,176,-1,4,0,0,0
1966,1964,1965,-1,6,0,0,0
1967,477,399,-1,7,0,0,0
1968,558,563,-1,7,0,0,0
1969,1966,1967,-1,4,0,0,0
1970,1968,556,-1,2,0,0,0
1971,1094,566,-1,4,0,0,0
1972,1969,1970,-1,6,0,0,0
1973,1971,1170,-1,4,0,0,0
1974,1972,1973,-1,6,0,0,0
1975,583,-1,-1,4,0,0,0
1976,1975,-1,-1,4,0,0,0
1977,1976,1175,-1,4,0,0,0
1978,16,19,-1,2,0,0,0
1979,42,95,-1,7,0,0,0
1980,1978,1979,-1,4,0,0,0
1981,142,200,-1,2,0,0,0
1982,139,584,-1,4,0,0,0
1983,1980,1981,-1,6,0,0,0
1984,1982,229,-1,4,0,0,0
1985,394,920,-1,4,0,0,0
1986,864,589,-1,4,0,0,0
1987,1983,1984,-1,6,0,0,0
1988,1985,1986,-1,6,0,0,0
1989,587,1179,-1,7,0,0,0
1990,592,1645,-1,7,0,0,0
1991,1099,-1,-1,7,0,0,0
1992,1987,1988,-1,6,0,0,0
1993,1989,1990,-1,7,0,0,0
1994,1991,-1,-1,7,0,0,0
1995,1992,1993,-1,4,0,0,0
1996,1994,-1,-1,7,0,0,0
1997,1995,1996,-1,4,0,0,0
1998,27,54,-1,7,0,0,0
1999,82,97,-1,4,0,0,0
2000,103,127,-1,7,0,0,0
2001,1998,1999,-1,2,0,0,0
2002,2000,130,-1,7,0,0,0
2003,343,217,-1,2,0,0,0
2004,593,521,-1,4,0,0,0
2005,2001,2002,-1,4,0,0,0
2006,2003,2004,-1,6,0,0,0
2007,1020,351,-1,6,0,0,0
2008,595,597,-1,6,0,0,0
2009,599,-1,-1,7,0,0,0
2010,2005,2006,-1,6,0,0,0
2011,2007,2008,-1,6,0,0,0
2012,2009,1007,-1,7,0,0,0
2013,1181,-1,-1,4,0,0,0
2014,2010,2011,-1,6,0,0,0
2015,2012,2013,-1,2,0,0,0
2016,578,-1,-1,4,0,0,0
2017,2014,2015,-1,6,0,0,0
2018,2016,-1,-1,4,0,0,0
2019,2017,2018,-1,6,0,0,0
2020,32,38,-1,4,0,0,0
2021,56,80,-1,7,0,0,0
2022,2020,2021,-1,4,0,0,0
2023,188,139,-1,7,0,0,0
2024,237,603,-1,7,0,0,0
2025,607,-1,-1,7,0,0,0
2026,2022,2023,-1,4,0,0,0
2027,2024,2025,-1,7,0,0,0
2028,600,602,-1,7,0,0,0
2029,605,606,-1,7,0,0,0
2030,609,-1,-1,7,0,0,0
2031,2026,2027,-1,4,0,0,0
2032,2028,2029,-1,7,0,0,0
2033,2030,1183,-1,7,0,0,0
2034,1186,1187,-1,7,0,0,0
2035,2031,2032,-1,4,0,0,0
2036,2033,2034,-1,7,0,0,0
2037,2035,2036,-1,4,0,0,0
2038,97,-1,-1,4,0,0,0
2039,2038,226,-1,4,0,0,0
2040,168,209,-1,7,0,0,0
2041,612,615,-1,6,0,0,0
2042,2039,2040,-1,4,0,0,0
2043,2041,512,-1,4,0,0,0
2044,614,-1,-1,7,0,0,0
2045,2042,2043,-1,6,0,0,0
2046,2044,360,-1,2,0,0,0
2047,1128,1181,-1,2,0,0,0
2048,1159,-1,-1,4,0,0,0
2049,2045,2046,-1,6,0,0,0
2050,2047,2048,-1,6,0,0,0
2051,1191,-1,-1,7,0,0,0
2052,2049,2050,-1,6,0,0,0
2053,2051,-1,-1,7,0,0,0
2054,2052,2053,-1,4,0,0,0
2055,68,74,-1,7,0,0,0
2056,93,114,-1,7,0,0,0
2057,2055,2056,-1,7,0,0,0
2058,181,618,-1,7,0,0,0
2059,322,-1,-1,7,0,0,0
2060,2057,2058,-1,7,0,0,0
2061,2059,265,-1,7,0,0,0
2062,892,216,-1,4,0,0,0
2063,494,240,-1,7,0,0,0
2064,617,985,-1,4,0,0,0
2065,415,619,-1,4,0,0,0
2066,2060,2061,-1,7,0,0,0
2067,2062,2063,-1,4,0,0,0
2068,2064,2065,-1,6,0,0,0
2069,1058,1634,-1,7,0,0,0
2070,1194,1196,-1,7,0,0,0
2071,2066,2067,-1,2,0,0,0
2072,2068,2069,-1,4,0,0,0
2073,2070,1834,-1,7,0,0,0
2074,2071,2072,-1,6,0,0,0
2075,2073,-1,-1,7,0,0,0
2076,2074,2075,-1,4,0,0,0
2077,631,-1,-1,4,0,0,0
2078,2077,1198,-1,6,0,0,0
2079,459,-1,-1,4,0,0,0
2080,2079,-1,-1,4,0,0,0
2081,2080,-1,-1,4,0,0,0
2082,2081,1643,-1,4,0,0,0
2083,4,45,-1,7,0,0,0
2084,2083,152,-1,7,0,0,0
2085,179,444,-1,7,0,0,0
2086,603,-1,-1,7,0,0,0
2087,2084,2085,-1,7,0,0,0
2088,2086,1020,-1,2,0,0,0
2089,916,369,-1,2,0,0,0
2090,642,413,-1,7,0,0,0
2091,649,651,-1,2,0,0,0
2092,505,-1,-1,7,0,0,0
2093,2087,2088,-1,2,0,0,0
2094,2089,2090,-1,4,0,0,0
2095,2091,2092,-1,4,0,0,0
2096,276,556,-1,4,0,0,0
2097,645,647,-1,2,0,0,0
2098,965,1222,-1,2,0,0,0
2099,2093,2094,-1,6,0,0,0
2100,2095,2096,-1,6,0,0,0
2101,2097,2098,-1,6,0,0,0
2102,654,1225,-1,7,0,0,0
2103,2099,2100,-1,6,0,0,0
2104,2101,2102,-1,4,0,0,0
2105,2103,2104,-1,6,0,0,0
2106,1,4,-1,6,0,0,0
2107,26,79,-1,6,0,0,0
2108,2106,2107,-1,6,0,0,0
2109,223,444,-1,7,0,0,0
2110,664,-1,-1,7,0,0,0
2111,2108,2109,-1,4,0,0,0
2112,2110,526,-1,7,0,0,0
2113,663,519,-1,6,0,0,0
2114,425,666,-1,2,0,0,0
2115,285,918,-1,4,0,0,0
2116,2111,2112,-1,4,0,0,0
2117,2113,2114,-1,6,0,0,0
2118,2115,1247,-1,6,0,0,0
2119,1248,-1,-1,7,0,0,0
2120,2116,2117,-1,6,0,0,0
2121,2118,2119,-1,4,0,0,0
2122,1245,-1,-1,4,0,0,0
2123,2120,2121,-1,6,0,0,0
2124,2122,-1,-1,4,0,0,0
2125,2123,2124,-1,6,0,0,0
2126,18,24,-1,4,0,0,0
2127,115,-1,-1,7,0,0,0
2128,2126,2127,-1,4,0,0,0
2129,243,227,-1,4,0,0,0
2130,445,680,-1,4,0,0,0
2131,2128,2129,-1,6,0,0,0
2132,2130,388,-1,6,0,0,0
2133,890,676,-1,6,0,0,0
2134,299,448,-1,4,0,0,0
2135,269,391,-1,4,0,0,0
2136,661,685,-1,7,0,0,0
2137,2131,2132,-1,6,0,0,0
2138,2133,2134,-1,6,0,0,0
2139,2135,2136,-1,4,0,0,0
2140,679,1259,-1,7,0,0,0
2141,684,1162,-1,7,0,0,0
2142,967,-1,-1,7,0,0,0
2143,2137,2138,-1,6,0,0,0
2144,2139,2140,-1,4,0,0,0
2145,2141,2142,-1,7,0,0,0
2146,2143,2144,-1,6,0,0,0
2147,2145,-1,-1,7,0,0,0
2148,2146,2147,-1,4,0,0,0
2149,47,63,-1,7,0,0,0
2150,82,-1,-1,7,0,0,0
2151,2149,2150,-1,7,0,0,0
2152,167,177,-1,2,0,0,0
2153,404,135,-1,4,0,0,0
2154,543,-1,-1,7,0,0,0
2155,2151,2152,-1,2,0,0,0
2156,2153,2154,-1,4,0,0,0
2157,212,894,-1,4,0,0,0
2158,699,700,-1,6,0,0,0
2159,701,1073,-1,7,0,0,0
2160,2155,2156,-1,6,0,0,0
2161,2157,2158,-1,6,0,0,0
2162,2159,1615,-1,7,0,0,0
2163,1247,704,-1,7,0,0,0
2164,524,1271,-1,7,0,0,0
2165,2160,2161,-1,6,0,0,0
2166,2162,2163,-1,7,0,0,0
2167,2164,-1,-1,7,0,0,0
2168,2165,2166,-1,4,0,0,0
2169,2167,-1,-1,7,0,0,0
2170,2168,2169,-1,4,0,0,0
2171,147,-1,-1,4,0,0,0
2172,2171,-1,-1,4,0,0,0
2173,2172,1272,-1,4,0,0,0
2174,11,35,-1,7,0,0,0
2175,58,69,-1,7,0,0,0
2176,2174,2175,-1,7,0,0,0
2177,286,146,-1,7,0,0,0
2178,520,618,-1,4,0,0,0
2179,719,-1,-1,7,0,0,0
2180,2176,2177,-1,7,0,0,0
2181,2178,2179,-1,4,0,0,0
2182,867,1020,-1,7,0,0,0
2183,379,877,-1,4,0,0,0
2184,461,242,-1,7,0,0,0
2185,723,-1,-1,7,0,0,0
2186,2180,2181,-1,2,0,0,0
2187,2182,2183,-1,2,0,0,0
2188,2184,2185,-1,7,0,0,0
2189,982,1290,-1,7,0,0,0
2190,1293,-1,-1,7,0,0,0
2191,2186,2187,-1,6,0,0,0
2192,2188,2189,-1,7,0,0,0
2193,2190,2173,-1,7,0,0,0
2194,2191,2192,-1,4,0,0,0
2195,2193,1297,-1,7,0,0,0
2196,2194,2195,-1,4,0,0,0
2197,9,25,-1,6,0,0,0
2198,89,-1,-1,4,0,0,0
2199,2197,2198,-1,6,0,0,0
2200,192,273,-1,4,0,0,0
2201,311,306,-1,6,0,0,0
2202,612,636,-1,4,0,0,0
2203,175,-1,-1,4,0,0,0
2204,2199,2200,-1,6,0,0,0
2205,2201,2202,-1,6,0,0,0
2206,2203,894,-1,6,0,0,0
2207,728,-1,-1,4,0,0,0
2208,2204,2205,-1,6,0,0,0
2209,2206,2207,-1,6,0,0,0
2210,2208,2209,-1,6,0,0,0
2211,1098,1301,-1,4,0,0,0
2212,654,-1,-1,4,0,0,0
2213,2210,2211,-1,6,0,0,0
2214,2212,-1,-1,4,0,0,0
2215,2213,2214,-1,6,0,0,0
2216,136,-1,-1,4,0,0,0
2217,2216,-1,-1,4,0,0,0
2218,2217,1326,-1,6,0,0,0
2219,7,-1,-1,4,0,0,0
2220,2219,336,-1,4,0,0,0
2221,2220,642,-1,6,0,0,0
2222,536,666,-1,6,0,0,0
2223,2221,2222,-1,6,0,0,0
2224,1329,-1,-1,4,0,0,0
2225,2223,2224,-1,6,0,0,0
2226,53,108,-1,6,0,0,0
2227,2226,218,-1,4,0,0,0
2228,383,250,-1,2,0,0,0
2229,435,669,-1,2,0,0,0
2230,756,-1,-1,7,0,0,0
2231,2227,2228,-1,6,0,0,0
2232,2229,2230,-1,4,0,0,0
2233,923,369,-1,6,0,0,0
2234,631,415,-1,2,0,0,0
2235,364,614,-1,4,0,0,0
2236,757,955,-1,7,0,0,0
2237,2231,2232,-1,6,0,0,0
2238,2233,2234,-1,6,0,0,0
2239,2235,2236,-1,4,0,0,0
2240,1114,1259,-1,6,0,0,0
2241,1752,-1,-1,7,0,0,0
2242,2237,2238,-1,6,0,0,0
2243,2239,2240,-1,6,0,0,0
2244,2241,1085,-1,7,0,0,0
2245,2242,2243,-1,6,0,0,0
2246,2244,-1,-1,7,0,0,0
2247,2245,2246,-1,4,0,0,0
2248,3,34,-1,4,0,0,0
2249,64,-1,-1,4,0,0,0
2250,2248,2249,-1,6,0,0,0
2251,231,164,-1,2,0,0,0
2252,2250,2251,-1,6,0,0,0
2253,1330,-1,-1,7,0,0,0
2254,2252,2253,-1,4,0,0,0
2255,1050,1114,-1,6,0,0,0
2256,1625,679,-1,2,0,0,0
2257,975,-1,-1,4,0,0,0
2258,2254,2255,-1,6,0,0,0
2259,2256,2257,-1,6,0,0,0
2260,2078,-1,-1,4,0,0,0
2261,2258,2259,-1,6,0,0,0
2262,2260,-1,-1,4,0,0,0
2263,2261,2262,-1,6,0,0,0
2264,61,105,-1,6,0,0,0
2265,2264,143,-1,6,0,0,0
2266,139,293,-1,7,0,0,0
2267,480,-1,-1,7,0,0,0
2268,2265,2266,-1,4,0,0,0
2269,2267,290,-1,2,0,0,0
2270,877,761,-1,4,0,0,0
2271,1332,870,-1,7,0,0,0
2272,861,-1,-1,4,0,0,0
2273,2268,2269,-1,6,0,0,0
2274,2270,2271,-1,4,0,0,0
2275,2272,1333,-1,4,0,0,0
2276,971,-1,-1,7,0,0,0
2277,2273,2274,-1,6,0,0,0
2278,2275,2276,-1,4,0,0,0
2279,2277,2278,-1,6,0,0,0
2280,92,123,-1,6,0,0,0
2281,2280,142,-1,4,0,0,0
2282,159,480,-1,7,0,0,0
2283,154,-1,-1,4,0,0,0
2284,2281,2282,-1,4,0,0,0
2285,2283,956,-1,4,0,0,0
2286,308,770,-1,6,0,0,0
2287,656,772,-1,2,0,0,0
2288,857,711,-1,6,0,0,0
2289,757,470,-1,4,0,0,0
2290,2284,2285,-1,6,0,0,0
2291,2286,2287,-1,6,0,0,0
2292,2288,2289,-1,6,0,0,0
2293,975,1328,-1,7,0,0,0
2294,2290,2291,-1,6,0,0,0
2295,2292,2293,-1,4,0,0,0
2296,2294,2295,-1,6,0,0,0
2297,1977,-1,-1,7,0,0,0
2298,2296,2297,-1,4,0,0,0
2299,434,430,-1,2,0,0,0
2300,2299,221,-1,4,0,0,0
2301,519,492,-1,7,0,0,0
2302,474,407,-1,4,0,0,0
2303,779,781,-1,7,0,0,0
2304,599,-1,-1,7,0,0,0
2305,2300,2301,-1,4,0,0,0
2306,2302,2303,-1,4,0,0,0
2307,2304,1338,-1,7,0,0,0
2308,704,-1,-1,7,0,0,0
2309,2305,2306,-1,6,0,0,0
2310,2307,2308,-1,7,0,0,0
2311,776,-1,-1,7,0,0,0
2312,2309,2310,-1,4,0,0,0
2313,2311,-1,-1,7,0,0,0
2314,2312,2313,-1,4,0,0,0
2315,45,119,-1,2,0,0,0
2316,2315,156,-1,6,0,0,0
2317,247,353,-1,4,0,0,0
2318,209,357,-1,7,0,0,0
2319,785,-1,-1,4,0,0,0
2320,2316,2317,-1,6,0,0,0
2321,2318,2319,-1,2,0,0,0
2322,879,461,-1,6,0,0,0
2323,448,766,-1,6,0,0,0
2324,2320,2321,-1,6,0,0,0
2325,2322,2323,-1,6,0,0,0
2326,625,1222,-1,4,0,0,0
2327,1356,1196,-1,2,0,0,0
2328,1358,-1,-1,4,0,0,0
2329,2324,2325,-1,6,0,0,0
2330,2326,2327,-1,6,0,0,0
2331,2328,791,-1,6,0,0,0
2332,2329,2330,-1,6,0,0,0
2333,2331,-1,-1,4,0,0,0
2334,2332,2333,-1,6,0,0,0
2335,101,120,-1,7,0,0,0
2336,2335,286,-1,2,0,0,0
2337,185,803,-1,6,0,0,0
2338,245,-1,-1,4,0,0,0
2339,2336,2337,-1,6,0,0,0
2340,2338,394,-1,6,0,0,0
2341,1055,-1,-1,7,0,0,0
2342,2339,2340,-1,6,0,0,0
2343,2341,795,-1,2,0,0,0
2344,1018,1427,-1,7,0,0,0
2345,805,977,-1,7,0,0,0
2346,1267,-1,-1,4,0,0,0
2347,2342,2343,-1,6,0,0,0
2348,2344,2345,-1,7,0,0,0
2349,2346,776,-1,4,0,0,0
2350,1157,-1,-1,4,0,0,0
2351,2347,2348,-1,4,0,0,0
2352,2349,2350,-1,6,0,0,0
2353,2351,2352,-1,6,0,0,0
2354,3,-1,-1,7,0,0,0
2355,2354,157,-1,7,0,0,0
2356,435,618,-1,7,0,0,0
2357,756,-1,-1,4,0,0,0
2358,2355,2356,-1,7,0,0,0
2359,2357,340,-1,6,0,0,0
2360,898,498,-1,4,0,0,0
2361,713,781,-1,2,0,0,0
2362,685,-1,-1,7,0,0,0
2363,2358,2359,-1,2,0,0,0
2364,2360,2361,-1,6,0,0,0
2365,2362,490,-1,7,0,0,0
2366,1463,1464,-1,4,0,0,0
2367,1466,-1,-1,7,0,0,0
2368,2363,2364,-1,6,0,0,0
2369,2365,2366,-1,2,0,0,0
2370,2367,1191,-1,7,0,0,0
2371,2368,2369,-1,6,0,0,0
2372,2370,-1,-1,7,0,0,0
2373,2371,2372,-1,4,0,0,0
2374,13,65,-1,4,0,0,0
2375,2374,356,-1,4,0,0,0
2376,330,803,-1,7,0,0,0
2377,580,657,-1,4,0,0,0
2378,811,-1,-1,7,0,0,0
2379,2375,2376,-1,4,0,0,0
2380,2377,2378,-1,4,0,0,0
2381,347,663,-1,2,0,0,0
2382,985,761,-1,4,0,0,0
2383,810,728,-1,6,0,0,0
2384,542,-1,-1,7,0,0,0
2385,2379,2380,-1,6,0,0,0
2386,2381,2382,-1,6,0,0,0
2387,2383,2384,-1,4,0,0,0
2388,813,1469,-1,4,0,0,0
2389,2385,2386,-1,6,0,0,0
2390,2387,2388,-1,6,0,0,0
2391,2389,2390,-1,6,0,0,0
2392,602,-1,-1,4,0,0,0
2393,2392,-1,-1,4,0,0,0
2394,2393,1472,-1,4,0,0,0
2395,7,70,-1,7,0,0,0
2396,2395,218,-1,7,0,0,0
2397,162,362,-1,4,0,0,0
2398,762,-1,-1,4,0,0,0
2399,2396,2397,-1,2,0,0,0
2400,2398,642,-1,6,0,0,0
2401,314,815,-1,6,0,0,0
2402,723,718,-1,7,0,0,0
2403,2399,2400,-1,6,0,0,0
2404,2401,2402,-1,4,0,0,0
2405,1050,679,-1,4,0,0,0
2406,1483,1469,-1,7,0,0,0
2407,828,1271,-1,7,0,0,0
2408,2403,2404,-1,6,0,0,0
2409,2405,2406,-1,4,0,0,0
2410,2407,-1,-1,7,0,0,0
2411,2408,2409,-1,6,0,0,0
2412,2410,-1,-1,7,0,0,0
2413,2411,2412,-1,4,0,0,0
2414,48,50,-1,6,0,0,0
2415,73,-1,-1,4,0,0,0
2416,2414,2415,-1,6,0,0,0
2417,829,-1,-1,4,0,0,0
2418,2416,2417,-1,6,0,0,0
2419,288,389,-1,6,0,0,0
2420,770,746,-1,2,0,0,0
2421,572,831,-1,2,0,0,0
2422,2418,2419,-1,6,0,0,0
2423,2420,2421,-1,6,0,0,0
2424,625,1624,-1,6,0,0,0
2425,1079,826,-1,2,0,0,0
2426,2422,2423,-1,6,0,0,0
2427,2424,2425,-1,6,0,0,0
2428,2426,2427,-1,6,0,0,0
2429,88,117,-1,2,0,0,0
2430,2429,336,-1,6,0,0,0
2431,131,277,-1,4,0,0,0
2432,244,691,-1,7,0,0,0
2433,680,-1,-1,7,0,0,0
2434,2430,2431,-1,6,0,0,0
2435,2432,2433,-1,7,0,0,0
2436,1020,528,-1,2,0,0,0
2437,984,-1,-1,7,0,0,0
2438,2434,2435,-1,4,0,0,0
2439,2436,2437,-1,4,0,0,0
2440,1088,797,-1,4,0,0,0
2441,1640,1068,-1,4,0,0,0
2442,2438,2439,-1,6,0,0,0
2443,2440,2441,-1,6,0,0,0
2444,1170,1731,-1,7,0,0,0
2445,2442,2443,-1,6,0,0,0
2446,2444,-1,-1,7,0,0,0
2447,2445,2446,-1,4,0,0,0
2448,117,-1,-1,4,0,0,0
2449,2448,-1,-1,4,0,0,0
2450,2449,-1,-1,4,0,0,0
2451,2450,1620,-1,4,0,0,0
2452,739,-1,-1,4,0,0,0
2453,2452,-1,-1,4,0,0,0
2454,2453,1728,-1,4,0,0,0
2455,28,44,-1,2,0,0,0
2456,80,90,-1,2,0,0,0
2457,2455,2456,-1,6,0,0,0
2458,158,164,-1,7,0,0,0
2459,336,189,-1,2,0,0,0
2460,146,210,-1,4,0,0,0
2461,2457,2458,-1,4,0,0,0
2462,2459,2460,-1,6,0,0,0
2463,338,327,-1,4,0,0,0
2464,600,676,-1,4,0,0,0
2465,656,510,-1,4,0,0,0
2466,2461,2462,-1,6,0,0,0
2467,2463,2464,-1,6,0,0,0
2468,2465,1077,-1,4,0,0,0
2469,2466,2467,-1,6,0,0,0
2470,2468,-1,-1,4,0,0,0
2471,2469,2470,-1,6,0,0,0
2472,2082,-1,-1,7,0,0,0
2473,2471,2472,-1,4,0,0,0
2474,0,98,-1,4,0,0,0
2475,2474,196,-1,4,0,0,0
2476,156,208,-1,2,0,0,0
2477,227,283,-1,2,0,0,0
2478,579,349,-1,4,0,0,0
2479,2475,2476,-1,6,0,0,0
2480,2477,2478,-1,6,0,0,0
2481,900,642,-1,7,0,0,0
2482,958,617,-1,6,0,0,0
2483,454,1264,-1,7,0,0,0
2484,1041,-1,-1,7,0,0,0
2485,2479,2480,-1,6,0,0,0
2486,2481,2482,-1,2,0,0,0
2487,2483,2484,-1,7,0,0,0
2488,1618,1148,-1,7,0,0,0
2489,819,844,-1,4,0,0,0
2490,2485,2486,-1,6,0,0,0
2491,2487,2488,-1,7,0,0,0
2492,2489,-1,-1,4,0,0,0
2493,2490,2491,-1,4,0,0,0
2494,2492,-1,-1,4,0,0,0
2495,2493,2494,-1,6,0,0,0
2496,53,90,-1,2,0,0,0
2497,119,122,-1,2,0,0,0
2498,2496,2497,-1,6,0,0,0
2499,278,176,-1,2,0,0,0
2500,194,487,-1,6,0,0,0
2501,758,786,-1,2,0,0,0
2502,2498,2499,-1,6,0,0,0
2503,2500,2501,-1,6,0,0,0
2504,867,433,-1,2,0,0,0
2505,640,-1,-1,4,0,0,0
2506,2502,2503,-1,6,0,0,0
2507,2504,2505,-1,6,0,0,0
2508,1187,-1,-1,4,0,0,0
2509,2506,2507,-1,6,0,0,0
2510,2508,-1,-1,4,0,0,0
2511,2509,2510,-1,6,0,0,0
2512,2394,-1,-1,4,0,0,0
2513,2511,2512,-1,6,0,0,0
2514,695,-1,-1,4,0,0,0
2515,2514,1639,-1,6,0,0,0
2516,92,97,-1,7,0,0,0
2517,98,101,-1,2,0,0,0
2518,126,-1,-1,7,0,0,0
2519,2516,2517,-1,2,0,0,0
2520,2518,575,-1,2,0,0,0
2521,846,-1,-1,4,0,0,0
2522,2519,2520,-1,6,0,0,0
2523,2521,216,-1,6,0,0,0
2524,242,552,-1,7,0,0,0
2525,345,831,-1,7,0,0,0
2526,2522,2523,-1,6,0,0,0
2527,2524,2525,-1,7,0,0,0
2528,1742,942,-1,6,0,0,0
2529,465,-1,-1,7,0,0,0
2530,2526,2527,-1,4,0,0,0
2531,2528,2529,-1,4,0,0,0
2532,2530,2531,-1,6,0,0,0
2533,44,52,-1,7,0,0,0
2534,76,83,-1,4,0,0,0
2535,2533,2534,-1,2,0,0,0
2536,130,332,-1,6,0,0,0
2537,260,-1,-1,7,0,0,0
2538,2535,2536,-1,6,0,0,0
2539,2537,207,-1,7,0,0,0
2540,681,280,-1,4,0,0,0
2541,621,377,-1,7,0,0,0
2542,516,659,-1,6,0,0,0
2543,651,-1,-1,7,0,0,0
2544,2538,2539,-1,4,0,0,0
2545,2540,2541,-1,4,0,0,0
2546,2542,2543,-1,4,0,0,0
2547,1742,1015,-1,7,0,0,0
2548,709,1356,-1,6,0,0,0
2549,1016,1164,-1,7,0,0,0
2550,2544,2545,-1,6,0,0,0
2551,2546,2547,-1,4,0,0,0
2552,2548,2549,-1,4,0,0,0
2553,1166,-1,-1,7,0,0,0
2554,2550,2551,-1,6,0,0,0
2555,2552,2553,-1,4,0,0,0
2556,2554,2555,-1,6,0,0,0
2557,52,59,-1,7,0,0,0
2558,2557,331,-1,7,0,0,0
2559,146,445,-1,4,0,0,0
2560,531,690,-1,2,0,0,0
2561,365,-1,-1,4,0,0,0
2562,2558,2559,-1,2,0,0,0
2563,2560,2561,-1,6,0,0,0
2564,851,619,-1,4,0,0,0
2565,418,-1,-1,4,0,0,0
2566,2562,2563,-1,6,0,0,0
2567,2564,2565,-1,6,0,0,0
2568,437,1114,-1,2,0,0,0
2569,635,629,-1,7,0,0,0
2570,2566,2567,-1,6,0,0,0
2571,2568,2569,-1,4,0,0,0
2572,1581,2515,-1,7,0,0,0
2573,2570,2571,-1,6,0,0,0
2574,2572,-1,-1,7,0,0,0
2575,2573,2574,-1,4,0,0,0
2576,7,19,-1,6,0,0,0
2577,2576,230,-1,6,0,0,0
2578,411,579,-1,2,0,0,0
2579,845,-1,-1,4,0,0,0
2580,2577,2578,-1,6,0,0,0
2581,2579,234,-1,4,0,0,0
2582,433,263,-1,7,0,0,0
2583,882,553,-1,6,0,0,0
2584,595,-1,-1,4,0,0,0
2585,2580,2581,-1,6,0,0,0
2586,2582,2583,-1,2,0,0,0
2587,2584,1463,-1,4,0,0,0
2588,1293,1583,-1,2,0,0,0
2589,1072,833,-1,6,0,0,0
2590,2585,2586,-1,6,0,0,0
2591,2587,2588,-1,6,0,0,0
2592,2589,1110,-1,4,0,0,0
2593,2590,2591,-1,6,0,0,0
2594,2592,-1,-1,4,0,0,0
2595,2593,2594,-1,6,0,0,0
2596,20,31,-1,4,0,0,0
2597,104,-1,-1,4,0,0,0
2598,2596,2597,-1,6,0,0,0
2599,273,197,-1,2,0,0,0
2600,203,549,-1,2,0,0,0
2601,2598,2599,-1,6,0,0,0
2602,2600,234,-1,4,0,0,0
2603,884,670,-1,7,0,0,0
2604,701,-1,-1,4,0,0,0
2605,2601,2602,-1,6,0,0,0
2606,2603,2604,-1,2,0,0,0
2607,822,-1,-1,4,0,0,0
2608,2605,2606,-1,6,0,0,0
2609,2607,730,-1,4,0,0,0
2610,2218,-1,-1,7,0,0,0
2611,2608,2609,-1,6,0,0,0
2612,2610,-1,-1,7,0,0,0
2613,2611,2612,-1,4,0,0,0
2614,2454,-1,-1,7,0,0,0
2615,2613,2614,-1,4,0,0,0
2616,60,93,-1,7,0,0,0
2617,94,-1,-1,7,0,0,0
2618,2616,2617,-1,7,0,0,0
2619,223,426,-1,7,0,0,0
2620,410,-1,-1,7,0,0,0
2621,2618,2619,-1,7,0,0,0
2622,2620,923,-1,7,0,0,0
2623,721,952,-1,7,0,0,0
2624,2621,2622,-1,7,0,0,0
2625,2623,1102,-1,7,0,0,0
2626,1046,1483,-1,2,0,0,0
2627,1186,844,-1,7,0,0,0
2628,1248,1177,-1,4,0,0,0
2629,2624,2625,-1,7,0,0,0
2630,2626,2627,-1,4,0,0,0
2631,2628,1790,-1,4,0,0,0
2632,2629,2630,-1,2,0,0,0
2633,2631,-1,-1,4,0,0,0
2634,2632,2633,-1,6,0,0,0
2635,28,-1,-1,7,0,0,0
2636,2635,442,-1,7,0,0,0
2637,366,-1,-1,4,0,0,0
2638,2636,2637,-1,2,0,0,0
2639,229,623,-1,2,0,0,0
2640,568,693,-1,2,0,0,0
2641,451,605,-1,6,0,0,0
2642,838,-1,-1,4,0,0,0
2643,2638,2639,-1,6,0,0,0
2644,2640,2641,-1,6,0,0,0
2645,2642,939,-1,6,0,0,0
2646,841,805,-1,2,0,0,0
2647,1900,-1,-1,4,0,0,0
2648,2643,2644,-1,6,0,0,0
2649,2645,2646,-1,6,0,0,0
2650,2647,-1,-1,4,0,0,0
2651,2648,2649,-1,6,0,0,0
2652,2650,-1,-1,4,0,0,0
2653,2651,2652,-1,6,0,0,0
2654,25,93,-1,7,0,0,0
2655,106,120,-1,2,0,0,0
2656,2654,2655,-1,2,0,0,0
2657,160,680,-1,4,0,0,0
2658,843,811,-1,7,0,0,0
2659,2656,2657,-1,6,0,0,0
2660,2658,867,-1,2,0,0,0
2661,221,1125,-1,2,0,0,0
2662,2659,2660,-1,6,0,0,0
2663,2661,795,-1,6,0,0,0
2664,2662,2663,-1,6,0,0,0
2665,1581,2451,-1,6,0,0,0
2666,2664,2665,-1,6,0,0,0
2667,139,-1,-1,4,0,0,0
2668,2667,-1,-1,4,0,0,0
2669,2668,1618,-1,6,0,0,0
2670,103,-1,-1,4,0,0,0
2671,2670,-1,-1,4,0,0,0
2672,2671,-1,-1,4,0,0,0
2673,2672,1620,-1,4,0,0,0
2674,151,-1,-1,4,0,0,0
2675,2674,-1,-1,4,0,0,0
2676,2675,1624,-1,6,0,0,0
2677,120,-1,-1,4,0,0,0
2678,2677,-1,-1,4,0,0,0
2679,2678,-1,-1,4,0,0,0
2680,2679,1625,-1,4,0,0,0
2681,853,-1,-1,4,0,0,0
2682,2681,1626,-1,6,0,0,0
2683,18,-1,-1,4,0,0,0
2684,2683,-1,-1,4,0,0,0
2685,2684,-1,-1,4,0,0,0
2686,2685,1628,-1,4,0,0,0
2687,17,-1,-1,4,0,0,0
2688,2687,-1,-1,4,0,0,0
2689,2688,-1,-1,4,0,0,0
2690,2689,1630,-1,6,0,0,0
2691,898,-1,-1,4,0,0,0
2692,2691,1631,-1,6,0,0,0
2693,112,-1,-1,4,0,0,0
2694,2693,-1,-1,4,0,0,0
2695,2694,-1,-1,4,0,0,0
2696,2695,1637,-1,6,0,0,0
2697,923,-1,-1,4,0,0,0
2698,2697,-1,-1,4,0,0,0
2699,2698,1643,-1,6,0,0,0
2700,21,108,-1,4,0,0,0
2701,2700,231,-1,4,0,0,0
2702,184,148,-1,2,0,0,0
2703,232,237,-1,7,0,0,0
2704,238,244,-1,6,0,0,0
2705,245,-1,-1,4,0,0,0
2706,2701,2702,-1,6,0,0,0
2707,2703,2704,-1,2,0,0,0
2708,2705,876,-1,4,0,0,0
2709,240,242,-1,2,0,0,0
2710,931,-1,-1,4,0,0,0
2711,2706,2707,-1,6,0,0,0
2712,2708,2709,-1,6,0,0,0
2713,2710,929,-1,6,0,0,0
2714,933,-1,-1,4,0,0,0
2715,2711,2712,-1,6,0,0,0
2716,2713,2714,-1,6,0,0,0
2717,1648,-1,-1,4,0,0,0
2718,2715,2716,-1,6,0,0,0
2719,2717,-1,-1,4,0,0,0
2720,2718,2719,-1,6,0,0,0
2721,39,120,-1,7,0,0,0
2722,2721,142,-1,7,0,0,0
2723,250,197,-1,2,0,0,0
2724,251,185,-1,7,0,0,0
2725,257,258,-1,2,0,0,0
2726,2722,2723,-1,2,0,0,0
2727,2724,2725,-1,2,0,0,0
2728,879,944,-1,4,0,0,0
2729,950,952,-1,7,0,0,0
2730,865,-1,-1,7,0,0,0
2731,2726,2727,-1,6,0,0,0
2732,2728,2729,-1,4,0,0,0
2733,2730,939,-1,2,0,0,0
2734,2731,2732,-1,6,0,0,0
2735,2733,1650,-1,6,0,0,0
2736,1648,948,-1,6,0,0,0
2737,2734,2735,-1,6,0,0,0
2738,2736,-1,-1,4,0,0,0
2739,2737,2738,-1,6,0,0,0
2740,109,-1,-1,4,0,0,0
2741,2740,137,-1,6,0,0,0
2742,286,287,-1,2,0,0,0
2743,2741,2742,-1,6,0,0,0
2744,882,-1,-1,4,0,0,0
2745,2743,2744,-1,6,0,0,0
2746,965,1626,-1,6,0,0,0
2747,967,969,-1,2,0,0,0
2748,971,-1,-1,7,0,0,0
2749,2745,2746,-1,6,0,0,0
2750,2747,2748,-1,4,0,0,0
2751,2673,-1,-1,4,0,0,0
2752,2749,2750,-1,6,0,0,0
2753,2751,-1,-1,4,0,0,0
2754,2752,2753,-1,6,0,0,0
2755,63,-1,-1,7,0,0,0
2756,2755,226,-1,7,0,0,0
2757,197,324,-1,4,0,0,0
2758,151,325,-1,7,0,0,0
2759,2756,2757,-1,2,0,0,0
2760,2758,329,-1,7,0,0,0
2761,984,985,-1,7,0,0,0
2762,886,991,-1,2,0,0,0
2763,992,-1,-1,4,0,0,0
2764,2759,2760,-1,4,0,0,0
2765,2761,2762,-1,2,0,0,0
2766,2763,926,-1,4,0,0,0
2767,982,1628,-1,7,0,0,0
2768,994,-1,-1,4,0,0,0
2769,2764,2765,-1,6,0,0,0
2770,2766,2767,-1,4,0,0,0
2771,2768,-1,-1,4,0,0,0
2772,2769,2770,-1,6,0,0,0
2773,2771,1728,-1,6,0,0,0
2774,2772,2773,-1,6,0,0,0
2775,5,68,-1,4,0,0,0
2776,124,-1,-1,7,0,0,0
2777,2775,2776,-1,4,0,0,0
2778,330,343,-1,6,0,0,0
2779,348,349,-1,2,0,0,0
2780,2777,2778,-1,6,0,0,0
2781,2779,207,-1,6,0,0,0
2782,340,342,-1,7,0,0,0
2783,345,347,-1,7,0,0,0
2784,998,-1,-1,7,0,0,0
2785,2780,2781,-1,6,0,0,0
2786,2782,2783,-1,7,0,0,0
2787,2784,994,-1,2,0,0,0
2788,2785,2786,-1,4,0,0,0
2789,2787,1731,-1,6,0,0,0
2790,2788,2789,-1,6,0,0,0
2791,360,-1,-1,4,0,0,0
2792,2791,1733,-1,6,0,0,0
2793,47,54,-1,4,0,0,0
2794,67,78,-1,2,0,0,0
2795,2793,2794,-1,6,0,0,0
2796,145,247,-1,4,0,0,0
2797,134,365,-1,4,0,0,0
2798,366,-1,-1,7,0,0,0
2799,2795,2796,-1,6,0,0,0
2800,2797,2798,-1,4,0,0,0
2801,1008,364,-1,6,0,0,0
2802,2799,2800,-1,6,0,0,0
2803,2801,360,-1,6,0,0,0
2804,2802,2803,-1,6,0,0,0
2805,1012,1736,-1,6,0,0,0
2806,2804,2805,-1,6,0,0,0
2807,384,-1,-1,7,0,0,0
2808,2807,-1,-1,7,0,0,0
2809,2808,1742,-1,2,0,0,0
2810,19,-1,-1,7,0,0,0
2811,2810,160,-1,2,0,0,0
2812,260,219,-1,6,0,0,0
2813,2811,2812,-1,6,0,0,0
2814,288,394,-1,2,0,0,0
2815,316,303,-1,7,0,0,0
2816,399,401,-1,7,0,0,0
2817,407,1041,-1,6,0,0,0
2818,2813,2814,-1,6,0,0,0
2819,2815,2816,-1,7,0,0,0
2820,2817,936,-1,6,0,0,0
2821,397,403,-1,2,0,0,0
2822,1752,1043,-1,7,0,0,0
2823,2818,2819,-1,4,0,0,0
2824,2820,2821,-1,6,0,0,0
2825,2822,-1,-1,7,0,0,0
2826,2823,2824,-1,6,0,0,0
2827,2825,-1,-1,7,0,0,0
2828,2826,2827,-1,4,0,0,0
2829,19,29,-1,4,0,0,0
2830,47,-1,-1,7,0,0,0
2831,2829,2830,-1,4,0,0,0
2832,226,129,-1,4,0,0,0
2833,181,408,-1,6,0,0,0
2834,297,429,-1,2,0,0,0
2835,217,431,-1,2,0,0,0
2836,2831,2832,-1,6,0,0,0
2837,2833,2834,-1,6,0,0,0
2838,2835,428,-1,6,0,0,0
2839,1055,225,-1,2,0,0,0
2840,2836,2837,-1,6,0,0,0
2841,2838,2839,-1,6,0,0,0
2842,907,-1,-1,7,0,0,0
2843,2840,2841,-1,6,0,0,0
2844,2842,1790,-1,7,0,0,0
2845,2843,2844,-1,4,0,0,0
2846,2,106,-1,7,0,0,0
2847,2846,133,-1,7,0,0,0
2848,222,170,-1,7,0,0,0
2849,2847,2848,-1,7,0,0,0
2850,463,470,-1,7,0,0,0
2851,2849,2850,-1,7,0,0,0
2852,1628,1088,-1,7,0,0,0
2853,1093,465,-1,2,0,0,0
2854,1094,1096,-1,7,0,0,0
2855,2851,2852,-1,7,0,0,0
2856,2853,2854,-1,4,0,0,0
2857,1834,-1,-1,7,0,0,0
2858,2855,2856,-1,2,0,0,0
2859,2857,-1,-1,7,0,0,0
2860,2858,2859,-1,4,0,0,0
2861,501,-1,-1,4,0,0,0
2862,2861,1899,-1,4,0,0,0
2863,547,-1,-1,7,0,0,0
2864,2863,-1,-1,7,0,0,0
2865,2864,2809,-1,2,0,0,0
2866,91,-1,-1,4,0,0,0
2867,2866,227,-1,6,0,0,0
2868,435,277,-1,4,0,0,0
2869,548,549,-1,7,0,0,0
2870,550,-1,-1,7,0,0,0
2871,2867,2868,-1,6,0,0,0
2872,2869,2870,-1,7,0,0,0
2873,855,913,-1,7,0,0,0
2874,305,438,-1,7,0,0,0
2875,2871,2872,-1,4,0,0,0
2876,2873,2874,-1,7,0,0,0
2877,1018,1162,-1,7,0,0,0
2878,1164,-1,-1,4,0,0,0
2879,2875,2876,-1,4,0,0,0
2880,2877,2878,-1,2,0,0,0
2881,2879,2880,-1,6,0,0,0
2882,1959,1962,-1,7,0,0,0
2883,2881,2882,-1,4,0,0,0
2884,45,73,-1,6,0,0,0
2885,125,-1,-1,4,0,0,0
2886,2884,2885,-1,6,0,0,0
2887,273,353,-1,4,0,0,0
2888,2886,2887,-1,6,0,0,0
2889,229,568,-1,2,0,0,0
2890,572,574,-1,6,0,0,0
2891,1172,-1,-1,4,0,0,0
2892,2888,2889,-1,6,0,0,0
2893,2890,2891,-1,6,0,0,0
2894,1171,-1,-1,7,0,0,0
2895,2892,2893,-1,6,0,0,0
2896,2894,2696,-1,2,0,0,0
2897,578,-1,-1,4,0,0,0
2898,2895,2896,-1,6,0,0,0
2899,2897,1962,-1,6,0,0,0
2900,2898,2899,-1,6,0,0,0
2901,34,-1,-1,7,0,0,0
2902,2901,160,-1,7,0,0,0
2903,133,259,-1,2,0,0,0
2904,579,348,-1,6,0,0,0
2905,580,581,-1,7,0,0,0
2906,2902,2903,-1,2,0,0,0
2907,2904,2905,-1,4,0,0,0
2908,956,428,-1,6,0,0,0
2909,528,884,-1,4,0,0,0
2910,472,-1,-1,7,0,0,0
2911,2906,2907,-1,6,0,0,0
2912,2908,2909,-1,6,0,0,0
2913,2910,1149,-1,2,0,0,0
2914,1177,-1,-1,7,0,0,0
2915,2911,2912,-1,6,0,0,0
2916,2913,2914,-1,4,0,0,0
2917,2915,2916,-1,6,0,0,0
2918,1977,-1,-1,7,0,0,0
2919,2917,2918,-1,4,0,0,0
2920,38,43,-1,6,0,0,0
2921,101,-1,-1,7,0,0,0
2922,2920,2921,-1,4,0,0,0
2923,226,144,-1,7,0,0,0
2924,194,287,-1,6,0,0,0
2925,2922,2923,-1,4,0,0,0
2926,2924,495,-1,4,0,0,0
2927,469,623,-1,2,0,0,0
2928,627,-1,-1,7,0,0,0
2929,2925,2926,-1,6,0,0,0
2930,2927,2928,-1,4,0,0,0
2931,625,423,-1,4,0,0,0
2932,1179,629,-1,4,0,0,0
2933,2929,2930,-1,6,0,0,0
2934,2931,2932,-1,6,0,0,0
2935,2078,-1,-1,4,0,0,0
2936,2933,2934,-1,6,0,0,0
2937,2935,-1,-1,4,0,0,0
2938,2936,2937,-1,6,0,0,0
2939,19,-1,-1,7,0,0,0
2940,2939,140,-1,2,0,0,0
2941,321,356,-1,4,0,0,0
2942,633,496,-1,2,0,0,0
2943,367,632,-1,4,0,0,0
2944,2940,2941,-1,6,0,0,0
2945,2942,2943,-1,6,0,0,0
2946,199,382,-1,6,0,0,0
2947,530,606,-1,4,0,0,0
2948,2944,2945,-1,6,0,0,0
2949,2946,2947,-1,6,0,0,0
2950,1090,485,-1,4,0,0,0
2951,965,635,-1,6,0,0,0
2952,2948,2949,-1,6,0,0,0
2953,2950,2951,-1,6,0,0,0
2954,2952,2953,-1,6,0,0,0
2955,2082,-1,-1,7,0,0,0
2956,2954,2955,-1,4,0,0,0
2957,647,-1,-1,4,0,0,0
2958,2957,2669,-1,6,0,0,0
2959,83,126,-1,6,0,0,0
2960,2959,297,-1,6,0,0,0
2961,686,690,-1,6,0,0,0
2962,2960,2961,-1,6,0,0,0
2963,882,1264,-1,4,0,0,0
2964,979,-1,-1,4,0,0,0
2965,2962,2963,-1,6,0,0,0
2966,2964,334,-1,4,0,0,0
2967,905,933,-1,2,0,0,0
2968,689,1262,-1,7,0,0,0
2969,1267,-1,-1,4,0,0,0
2970,2965,2966,-1,6,0,0,0
2971,2967,2968,-1,4,0,0,0
2972,2969,1108,-1,6,0,0,0
2973,2970,2971,-1,6,0,0,0
2974,2972,2792,-1,6,0,0,0
2975,2973,2974,-1,6,0,0,0
2976,30,36,-1,6,0,0,0
2977,112,-1,-1,7,0,0,0
2978,2976,2977,-1,4,0,0,0
2979,143,251,-1,4,0,0,0
2980,384,271,-1,4,0,0,0
2981,441,674,-1,7,0,0,0
2982,2978,2979,-1,6,0,0,0
2983,2980,2981,-1,4,0,0,0
2984,890,695,-1,6,0,0,0
2985,301,697,-1,4,0,0,0
2986,401,-1,-1,7,0,0,0
2987,2982,2983,-1,6,0,0,0
2988,2984,2985,-1,6,0,0,0
2989,2986,942,-1,2,0,0,0
2990,1269,-1,-1,4,0,0,0
2991,2987,2988,-1,6,0,0,0
2992,2989,2990,-1,6,0,0,0
2993,2680,-1,-1,4,0,0,0
2994,2991,2992,-1,6,0,0,0
2995,2993,-1,-1,4,0,0,0
2996,2994,2995,-1,6,0,0,0
2997,1,51,-1,4,0,0,0
2998,82,-1,-1,7,0,0,0
2999,2997,2998,-1,4,0,0,0
3000,230,405,-1,6,0,0,0
3001,404,507,-1,2,0,0,0
3002,410,-1,-1,7,0,0,0
3003,2999,3000,-1,6,0,0,0
3004,3001,3002,-1,4,0,0,0
3005,265,880,-1,2,0,0,0
3006,670,1008,-1,2,0,0,0
3007,463,711,-1,2,0,0,0
3008,3003,3004,-1,6,0,0,0
3009,3005,3006,-1,6,0,0,0
3010,3007,929,-1,6,0,0,0
3011,1618,706,-1,6,0,0,0
3012,689,709,-1,2,0,0,0
3013,3008,3009,-1,6,0,0,0
3014,3010,3011,-1,6,0,0,0
3015,3012,2173,-1,6,0,0,0
3016,3013,3014,-1,6,0,0,0
3017,3015,2865,-1,6,0,0,0
3018,3016,3017,-1,6,0,0,0
3019,133,734,-1,6,0,0,0
3020,3019,299,-1,6,0,0,0
3021,716,-1,-1,4,0,0,0
3022,3020,3021,-1,6,0,0,0
3023,1076,1066,-1,2,0,0,0
3024,737,1112,-1,6,0,0,0
3025,3022,3023,-1,6,0,0,0
3026,3024,-1,-1,4,0,0,0
3027,3025,3026,-1,6,0,0,0
3028,2862,-1,-1,7,0,0,0
3029,3027,3028,-1,4,0,0,0
3030,12,71,-1,2,0,0,0
3031,100,-1,-1,7,0,0,0
3032,3030,3031,-1,4,0,0,0
3033,183,137,-1,6,0,0,0
3034,222,352,-1,6,0,0,0
3035,584,-1,-1,7,0,0,0
3036,3032,3033,-1,6,0,0,0
3037,3034,3035,-1,4,0,0,0
3038,292,345,-1,4,0,0,0
3039,741,743,-1,6,0,0,0
3040,3036,3037,-1,6,0,0,0
3041,3038,3039,-1,6,0,0,0
3042,739,933,-1,2,0,0,0
3043,1262,-1,-1,4,0,0,0
3044,3040,3041,-1,6,0,0,0
3045,3042,3043,-1,6,0,0,0
3046,3044,3045,-1,6,0,0,0
3047,2699,-1,-1,4,0,0,0
3048,3046,3047,-1,6,0,0,0
3049,43,-1,-1,4,0,0,0
3050,3049,218,-1,4,0,0,0
3051,176,404,-1,7,0,0,0
3052,155,664,-1,4,0,0,0
3053,747,-1,-1,4,0,0,0
3054,3050,3051,-1,4,0,0,0
3055,3052,3053,-1,6,0,0,0
3056,744,547,-1,7,0,0,0
3057,746,174,-1,6,0,0,0
3058,960,-1,-1,7,0,0,0
3059,3054,3055,-1,6,0,0,0
3060,3056,3057,-1,2,0,0,0
3061,3058,1102,-1,2,0,0,0
3062,1328,-1,-1,4,0,0,0
3063,3059,3060,-1,6,0,0,0
3064,3061,3062,-1,6,0,0,0
3065,1064,1323,-1,2,0,0,0
3066,2218,-1,-1,4,0,0,0
3067,3063,3064,-1,6,0,0,0
3068,3065,3066,-1,6,0,0,0
3069,3067,3068,-1,6,0,0,0
3070,48,55,-1,2,0,0,0
3071,63,93,-1,7,0,0,0
3072,125,-1,-1,7,0,0,0
3073,3070,3071,-1,4,0,0,0
3074,3072,231,-1,7,0,0,0
3075,179,168,-1,7,0,0,0
3076,507,-1,-1,7,0,0,0
3077,3073,3074,-1,4,0,0,0
3078,3075,3076,-1,7,0,0,0
3079,623,1147,-1,6,0,0,0
3080,766,597,-1,7,0,0,0
3081,768,-1,-1,4,0,0,0
3082,3077,3078,-1,4,0,0,0
3083,3079,3080,-1,4,0,0,0
3084,3081,437,-1,4,0,0,0
3085,764,-1,-1,4,0,0,0
3086,3082,3083,-1,6,0,0,0
3087,3084,3085,-1,6,0,0,0
3088,1336,2682,-1,2,0,0,0
3089,3086,3087,-1,6,0,0,0
3090,3088,-1,-1,4,0,0,0
3091,3089,3090,-1,6,0,0,0
3092,13,65,-1,7,0,0,0
3093,104,-1,-1,7,0,0,0
3094,3092,3093,-1,7,0,0,0
3095,189,170,-1,6,0,0,0
3096,138,271,-1,6,0,0,0
3097,486,-1,-1,7,0,0,0
3098,3094,3095,-1,2,0,0,0
3099,3096,3097,-1,4,0,0,0
3100,931,815,-1,4,0,0,0
3101,817,416,-1,2,0,0,0
3102,3098,3099,-1,6,0,0,0
3103,3100,3101,-1,6,0,0,0
3104,819,1358,-1,4,0,0,0
3105,3102,3103,-1,6,0,0,0
3106,3104,-1,-1,4,0,0,0
3107,3105,3106,-1,6,0,0,0
3108,2394,-1,-1,4,0,0,0
3109,3107,3108,-1,6,0,0,0
3110,14,96,-1,7,0,0,0
3111,3110,227,-1,7,0,0,0
3112,404,219,-1,7,0,0,0
3113,785,446,-1,4,0,0,0
3114,719,607,-1,4,0,0,0
3115,392,-1,-1,7,0,0,0
3116,3111,3112,-1,7,0,0,0
3117,3113,3114,-1,6,0,0,0
3118,3115,428,-1,7,0,0,0
3119,296,558,-1,4,0,0,0
3120,3116,3117,-1,2,0,0,0
3121,3118,3119,-1,2,0,0,0
3122,929,545,-1,7,0,0,0
3123,825,1153,-1,7,0,0,0
3124,826,-1,-1,7,0,0,0
3125,3120,3121,-1,6,0,0,0
3126,3122,3123,-1,7,0,0,0
3127,3124,2676,-1,7,0,0,0
3128,3125,3126,-1,4,0,0,0
3129,3127,-1,-1,7,0,0,0
3130,3128,3129,-1,4,0,0,0
3131,21,-1,-1,7,0,0,0
3132,3131,138,-1,7,0,0,0
3133,193,487,-1,4,0,0,0
3134,442,832,-1,6,0,0,0
3135,3132,3133,-1,2,0,0,0
3136,3134,265,-1,6,0,0,0
3137,958,992,-1,2,0,0,0
3138,3135,3136,-1,6,0,0,0
3139,3137,684,-1,4,0,0,0
3140,3138,3139,-1,6,0,0,0
3141,2451,-1,-1,4,0,0,0
3142,3140,3141,-1,6,0,0,0
3143,51,96,-1,7,0,0,0
3144,105,113,-1,4,0,0,0
3145,121,-1,-1,7,0,0,0
3146,3143,3144,-1,2,0,0,0
3147,3145,188,-1,2,0,0,0
3148,153,141,-1,2,0,0,0
3149,200,150,-1,2,0,0,0
3150,3146,3147,-1,6,0,0,0
3151,3148,3149,-1,6,0,0,0
3152,815,835,-1,7,0,0,0
3153,1172,270,-1,7,0,0,0
3154,3150,3151,-1,6,0,0,0
3155,3152,3153,-1,7,0,0,0
3156,1114,1272,-1,2,0,0,0
3157,566,-1,-1,7,0,0,0
3158,3154,3155,-1,4,0,0,0
3159,3156,3157,-1,4,0,0,0
3160,504,1336,-1,2,0,0,0
3161,3158,3159,-1,6,0,0,0
3162,3160,1297,-1,4,0,0,0
3163,3161,3162,-1,6,0,0,0
3164,2454,-1,-1,4,0,0,0
3165,3163,3164,-1,6,0,0,0
3166,10,91,-1,2,0,0,0
3167,3166,179,-1,4,0,0,0
3168,588,187,-1,7,0,0,0
3169,584,734,-1,7,0,0,0
3170,836,550,-1,2,0,0,0
3171,3167,3168,-1,4,0,0,0
3172,3169,3170,-1,2,0,0,0
3173,199,1332,-1,7,0,0,0
3174,838,-1,-1,7,0,0,0
3175,3171,3172,-1,6,0,0,0
3176,3173,3174,-1,7,0,0,0
3177,3175,3176,-1,4,0,0,0
3178,2692,-1,-1,7,0,0,0
3179,3177,3178,-1,4,0,0,0
3180,55,94,-1,2,0,0,0
3181,104,-1,-1,7,0,0,0
3182,3180,3181,-1,4,0,0,0
3183,180,537,-1,2,0,0,0
3184,187,829,-1,7,0,0,0
3185,3182,3183,-1,6,0,0,0
3186,3184,234,-1,7,0,0,0
3187,600,-1,-1,7,0,0,0
3188,3185,3186,-1,4,0,0,0
3189,3187,1088,-1,7,0,0,0
3190,841,825,-1,7,0,0,0
3191,3188,3189,-1,4,0,0,0
3192,3190,-1,-1,7,0,0,0
3193,3191,3192,-1,4,0,0,0
3194,2958,-1,-1,7,0,0,0
3195,3193,3194,-1,4,0,0,0
3196,56,94,-1,7,0,0,0
3197,3196,148,-1,7,0,0,0
3198,164,324,-1,4,0,0,0
3199,297,186,-1,7,0,0,0
3200,357,846,-1,7,0,0,0
3201,842,427,-1,4,0,0,0
3202,3197,3198,-1,2,0,0,0
3203,3199,3200,-1,7,0,0,0
3204,3201,-1,-1,4,0,0,0
3205,3202,3203,-1,4,0,0,0
3206,3204,1618,-1,6,0,0,0
3207,1464,-1,-1,7,0,0,0
3208,3205,3206,-1,6,0,0,0
3209,3207,1736,-1,7,0,0,0
3210,2515,-1,-1,7,0,0,0
3211,3208,3209,-1,4,0,0,0
3212,3210,-1,-1,7,0,0,0
3213,3211,3212,-1,4,0,0,0
3214,99,-1,-1,7,0,0,0
3215,3214,128,-1,7,0,0,0
3216,129,130,-1,7,0,0,0
3217,131,134,-1,4,0,0,0
3218,135,-1,-1,7,0,0,0
3219,3215,3216,-1,7,0,0,0
3220,3217,3218,-1,4,0,0,0
3221,849,851,-1,2,0,0,0
3222,857,861,-1,6,0,0,0
3223,862,865,-1,7,0,0,0
3224,3219,3220,-1,2,0,0,0
3225,3221,3222,-1,6,0,0,0
3226,3223,1615,-1,2,0,0,0
3227,1622,-1,-1,7,0,0,0
3228,3224,3225,-1,6,0,0,0
3229,3226,3227,-1,4,0,0,0
3230,2669,2673,-1,2,0,0,0
3231,2676,-1,-1,7,0,0,0
3232,3228,3229,-1,6,0,0,0
3233,3230,3231,-1,4,0,0,0
3234,3232,3233,-1,6,0,0,0
3235,163,-1,-1,4,0,0,0
3236,3235,-1,-1,4,0,0,0
3237,3236,-1,-1,4,0,0,0
3238,3237,2686,-1,6,0,0,0
3239,47,119,-1,6,0,0,0
3240,3239,152,-1,4,0,0,0
3241,166,171,-1,6,0,0,0
3242,172,178,-1,2,0,0,0
3243,3240,3241,-1,6,0,0,0
3244,3242,859,-1,4,0,0,0
3245,880,882,-1,6,0,0,0
3246,884,886,-1,7,0,0,0
3247,174,888,-1,2,0,0,0
3248,3243,3244,-1,6,0,0,0
3249,3245,3246,-1,4,0,0,0
3250,3247,-1,-1,4,0,0,0
3251,3248,3249,-1,6,0,0,0
3252,3250,2690,-1,6,0,0,0
3253,3251,3252,-1,6,0,0,0
3254,43,-1,-1,7,0,0,0
3255,3254,149,-1,2,0,0,0
3256,180,182,-1,7,0,0,0
3257,3255,3256,-1,4,0,0,0
3258,892,894,-1,4,0,0,0
3259,895,896,-1,6,0,0,0
3260,862,897,-1,6,0,0,0
3261,3257,3258,-1,6,0,0,0
3262,3259,3260,-1,6,0,0,0
3263,3261,3262,-1,6,0,0,0
3264,2692,-1,-1,7,0,0,0
3265,3263,3264,-1,4,0,0,0
3266,54,57,-1,7,0,0,0
3267,89,-1,-1,4,0,0,0
3268,3266,3267,-1,2,0,0,0
3269,165,164,-1,7,0,0,0
3270,193,194,-1,6,0,0,0
3271,171,203,-1,2,0,0,0
3272,3268,3269,-1,4,0,0,0
3273,3270,3271,-1,6,0,0,0
3274,901,902,-1,7,0,0,0
3275,3272,3273,-1,6,0,0,0
3276,3274,905,-1,7,0,0,0
3277,907,1634,-1,4,0,0,0
3278,3275,3276,-1,4,0,0,0
3279,3277,2696,-1,4,0,0,0
3280,3278,3279,-1,6,0,0,0
3281,22,66,-1,7,0,0,0
3282,112,-1,-1,7,0,0,0
3283,3281,3282,-1,7,0,0,0
3284,184,209,-1,2,0,0,0
3285,210,217,-1,4,0,0,0
3286,3283,3284,-1,2,0,0,0
3287,3285,207,-1,6,0,0,0
3288,913,212,-1,4,0,0,0
3289,918,922,-1,2,0,0,0
3290,225,-1,-1,7,0,0,0
3291,3286,3287,-1,6,0,0,0
3292,3288,3289,-1,6,0,0,0
3293,3290,914,-1,7,0,0,0
3294,1639,1640,-1,2,0,0,0
3295,1645,-1,-1,7,0,0,0
3296,3291,3292,-1,6,0,0,0
3297,3293,3294,-1,2,0,0,0
3298,3295,-1,-1,7,0,0,0
3299,3296,3297,-1,6,0,0,0
3300,3298,2699,-1,2,0,0,0
3301,3299,3300,-1,6,0,0,0
3302,13,88,-1,6,0,0,0
3303,107,121,-1,7,0,0,0
3304,127,-1,-1,7,0,0,0
3305,3302,3303,-1,4,0,0,0
3306,3304,250,-1,2,0,0,0
3307,353,-1,-1,4,0,0,0
3308,3305,3306,-1,6,0,0,0
3309,3307,355,-1,6,0,0,0
3310,1003,1005,-1,2,0,0,0
3311,3308,3309,-1,6,0,0,0
3312,3310,1001,-1,4,0,0,0
3313,3311,3312,-1,6,0,0,0
3314,2690,-1,-1,4,0,0,0
3315,3313,3314,-1,6,0,0,0
3316,2792,-1,-1,4,0,0,0
3317,3315,3316,-1,6,0,0,0
3318,1023,-1,-1,7,0,0,0
3319,3318,2809,-1,2,0,0,0
3320,45,68,-1,4,0,0,0
3321,80,97,-1,7,0,0,0
3322,3320,3321,-1,4,0,0,0
3323,195,332,-1,7,0,0,0
3324,277,442,-1,2,0,0,0
3325,443,-1,-1,7,0,0,0
3326,3322,3323,-1,4,0,0,0
3327,3324,3325,-1,4,0,0,0
3328,292,931,-1,6,0,0,0
3329,1060,1073,-1,7,0,0,0
3330,3326,3327,-1,6,0,0,0
3331,3328,3329,-1,4,0,0,0
3332,914,1071,-1,7,0,0,0
3333,1072,-1,-1,7,0,0,0
3334,3330,3331,-1,6,0,0,0
3335,3332,3333,-1,7,0,0,0
3336,3334,3335,-1,4,0,0,0
3337,3319,-1,-1,4,0,0,0
3338,3336,3337,-1,6,0,0,0
3339,73,108,-1,4,0,0,0
3340,3339,226,-1,4,0,0,0
3341,496,-1,-1,4,0,0,0
3342,3340,3341,-1,6,0,0,0
3343,495,909,-1,4,0,0,0
3344,453,449,-1,7,0,0,0
3345,498,500,-1,2,0,0,0
3346,505,-1,-1,7,0,0,0
3347,3342,3343,-1,6,0,0,0
3348,3344,3345,-1,2,0,0,0
3349,3346,1043,-1,7,0,0,0
3350,1900,-1,-1,7,0,0,0
3351,3347,3348,-1,6,0,0,0
3352,3349,3350,-1,7,0,0,0
3353,3351,3352,-1,4,0,0,0
3354,2862,1119,-1,4,0,0,0
3355,3353,3354,-1,6,0,0,0
3356,7,75,-1,7,0,0,0
3357,106,-1,-1,7,0,0,0
3358,3356,3357,-1,7,0,0,0
3359,143,537,-1,6,0,0,0
3360,429,538,-1,2,0,0,0
3361,543,-1,-1,7,0,0,0
3362,3358,3359,-1,2,0,0,0
3363,3360,3361,-1,4,0,0,0
3364,216,467,-1,4,0,0,0
3365,542,-1,-1,4,0,0,0
3366,3362,3363,-1,6,0,0,0
3367,3364,3365,-1,6,0,0,0
3368,540,545,-1,7,0,0,0
3369,3366,3367,-1,6,0,0,0
3370,3368,-1,-1,7,0,0,0
3371,3369,3370,-1,4,0,0,0
3372,1959,2865,-1,6,0,0,0
3373,3371,3372,-1,6,0,0,0
3374,9,75,-1,2,0,0,0
3375,3374,232,-1,4,0,0,0
3376,669,-1,-1,7,0,0,0
3377,3375,3376,-1,4,0,0,0
3378,956,670,-1,6,0,0,0
3379,589,-1,-1,4,0,0,0
3380,3377,3378,-1,6,0,0,0
3381,3379,-1,-1,4,0,0,0
3382,3380,3381,-1,6,0,0,0
3383,672,-1,-1,4,0,0,0
3384,3382,3383,-1,6,0,0,0
3385,2958,-1,-1,4,0,0,0
3386,3384,3385,-1,6,0,0,0
3387,37,50,-1,6,0,0,0
3388,87,-1,-1,7,0,0,0
3389,3387,3388,-1,4,0,0,0
3390,188,156,-1,2,0,0,0
3391,250,237,-1,2,0,0,0
3392,3389,3390,-1,6,0,0,0
3393,3391,320,-1,6,0,0,0
3394,817,779,-1,2,0,0,0
3395,3392,3393,-1,6,0,0,0
3396,3394,556,-1,6,0,0,0
3397,3395,3396,-1,6,0,0,0
3398,3397,3238,-1,4,0,0,0
3399,52,111,-1,2,0,0,0
3400,3399,154,-1,4,0,0,0
3401,155,-1,-1,4,0,0,0
3402,3400,3401,-1,6,0,0,0
3403,868,870,-1,6,0,0,0
3404,3402,3403,-1,6,0,0,0
3405,3404,2680,-1,6,0,0,0
3406,2682,-1,-1,4,0,0,0
3407,3405,3406,-1,6,0,0,0
3408,3238,-1,-1,7,0,0,0
3409,3407,3408,-1,4,0,0,0
3410,1,85,-1,4,0,0,0
3411,123,-1,-1,4,0,0,0
3412,3410,3411,-1,6,0,0,0
3413,231,226,-1,7,0,0,0
3414,243,370,-1,2,0,0,0
3415,3412,3413,-1,4,0,0,0
3416,3414,369,-1,6,0,0,0
3417,901,375,-1,7,0,0,0
3418,377,-1,-1,7,0,0,0
3419,3415,3416,-1,6,0,0,0
3420,3417,3418,-1,7,0,0,0
3421,1620,373,-1,7,0,0,0
3422,1016,-1,-1,4,0,0,0
3423,3419,3420,-1,4,0,0,0
3424,3421,3422,-1,2,0,0,0
3425,1739,1744,-1,4,0,0,0
3426,3423,3424,-1,6,0,0,0
3427,3425,3319,-1,4,0,0,0
3428,3426,3427,-1,6,0,0,0
