3117,2351,2379,2408,3145,2438,2461,3176,3198,1565,2489,3226,2519,2543,1598,1626,2568,2600,2627,1670,2656,2688,2721,2752,1711,1737,3250,2784,1774,1800,2808,2835,1830,2866,2893,1862,1886,1913,2915,1942,2948,1979,2982,2006,1338,3007,2033,2070,2095,3035,1374,2122,3065,2151,2180,2209,2236,2261,1414,2291,2317,3089,1442,1468
192,144,156,-1,6,0,0,0
193,108,110,-1,4,0,0,0
194,67,82,-1,6,0,0,0
195,126,138,-1,4,0,0,0
196,96,185,-1,6,0,0,0
197,44,151,-1,4,0,0,0
198,86,155,-1,4,0,0,0
199,77,125,-1,6,0,0,0
200,27,178,-1,4,0,0,0
201,38,170,-1,4,0,0,0
202,91,174,-1,4,0,0,0
203,31,68,-1,6,0,0,0
204,21,69,-1,4,0,0,0
205,73,146,-1,6,0,0,0
206,85,101,-1,4,0,0,0
207,112,160,-1,4,0,0,0
208,42,43,-1,4,0,0,0
209,46,137,-1,6,0,0,0
210,128,181,-1,6,0,0,0
211,129,177,-1,4,0,0,0
212,16,132,-1,6,0,0,0
213,37,143,-1,4,0,0,0
214,90,154,-1,6,0,0,0
215,70,121,-1,6,0,0,0
216,88,89,-1,6,0,0,0
217,2,10,-1,4,0,0,0
218,145,-1,-1,4,0,0,0
219,218,195,-1,4,0,0,0
220,11,86,-1,4,0,0,0
221,74,125,-1,6,0,0,0
222,130,178,-1,4,0,0,0
223,7,156,-1,4,0,0,0
224,160,169,-1,4,0,0,0
225,67,93,-1,6,0,0,0
226,15,62,-1,4,0,0,0
227,108,173,-1,4,0,0,0
228,110,135,-1,4,0,0,0
229,163,190,-1,6,0,0,0
230,4,191,-1,4,0,0,0
231,144,172,-1,4,0,0,0
232,51,94,-1,4,0,0,0
233,20,134,-1,4,0,0,0
234,70,141,-1,4,0,0,0
235,65,115,-1,6,0,0,0
236,122,153,-1,6,0,0,0
237,167,174,-1,6,0,0,0
238,17,158,-1,6,0,0,0
239,102,166,-1,6,0,0,0
240,19,105,-1,4,0,0,0
241,118,148,-1,6,0,0,0
242,72,111,-1,6,0,0,0
243,170,186,-1,6,0,0,0
244,8,13,-1,4,0,0,0
245,30,162,-1,6,0,0,0
246,51,97,-1,6,0,0,0
247,3,8,-1,4,0,0,0
248,36,94,-1,6,0,0,0
249,55,75,-1,6,0,0,0
250,1,111,-1,4,0,0,0
251,102,124,-1,6,0,0,0
252,10,44,-1,6,0,0,0
253,59,185,-1,6,0,0,0
254,49,52,-1,6,0,0,0
255,38,103,-1,6,0,0,0
256,60,100,-1,4,0,0,0
257,43,61,-1,6,0,0,0
258,2,39,-1,4,0,0,0
259,9,53,-1,6,0,0,0
260,131,158,-1,4,0,0,0
261,46,56,-1,4,0,0,0
262,13,114,-1,4,0,0,0
263,6,63,-1,4,0,0,0
264,4,115,-1,6,0,0,0
265,37,110,-1,6,0,0,0
266,14,82,-1,4,0,0,0
267,109,135,-1,6,0,0,0
268,0,122,-1,6,0,0,0
269,7,22,-1,6,0,0,0
270,19,32,-1,4,0,0,0
271,132,182,-1,4,0,0,0
272,26,29,-1,4,0,0,0
273,84,98,-1,6,0,0,0
274,14,60,-1,6,0,0,0
275,1,41,-1,6,0,0,0
276,30,91,-1,6,0,0,0
277,166,188,-1,6,0,0,0
278,164,171,-1,6,0,0,0
279,96,161,-1,4,0,0,0
280,79,126,-1,4,0,0,0
281,116,-1,-1,4,0,0,0
282,281,215,-1,4,0,0,0
283,32,66,-1,6,0,0,0
284,130,-1,-1,4,0,0,0
285,284,246,-1,4,0,0,0
286,69,83,-1,4,0,0,0
287,65,80,-1,4,0,0,0
288,249,198,-1,4,0,0,0
289,176,184,-1,6,0,0,0
290,12,82,-1,4,0,0,0
291,9,101,-1,4,0,0,0
292,24,78,-1,4,0,0,0
293,58,112,-1,6,0,0,0
294,165,170,-1,4,0,0,0
295,251,257,-1,4,0,0,0
296,111,163,-1,6,0,0,0
297,181,-1,-1,4,0,0,0
298,297,221,-1,6,0,0,0
299,22,-1,-1,4,0,0,0
300,299,265,-1,4,0,0,0
301,15,120,-1,4,0,0,0
302,162,169,-1,4,0,0,0
303,25,83,-1,6,0,0,0
304,40,-1,-1,4,0,0,0
305,304,240,-1,4,0,0,0
306,107,148,-1,6,0,0,0
307,169,185,-1,6,0,0,0
308,27,34,-1,4,0,0,0
309,95,175,-1,4,0,0,0
310,130,145,-1,4,0,0,0
311,70,97,-1,6,0,0,0
312,42,118,-1,6,0,0,0
313,3,49,-1,6,0,0,0
314,45,73,-1,6,0,0,0
315,14,65,-1,4,0,0,0
316,81,142,-1,4,0,0,0
317,50,119,-1,6,0,0,0
318,98,101,-1,4,0,0,0
319,17,127,-1,6,0,0,0
320,55,-1,-1,4,0,0,0
321,320,250,-1,6,0,0,0
322,74,-1,-1,4,0,0,0
323,322,214,-1,4,0,0,0
324,92,141,-1,6,0,0,0
325,0,-1,-1,4,0,0,0
326,325,236,-1,6,0,0,0
327,63,71,-1,4,0,0,0
328,77,103,-1,4,0,0,0
329,89,-1,-1,4,0,0,0
330,329,293,-1,6,0,0,0
331,127,142,-1,6,0,0,0
332,246,241,-1,6,0,0,0
333,10,128,-1,4,0,0,0
334,5,35,-1,4,0,0,0
335,64,115,-1,4,0,0,0
336,76,-1,-1,4,0,0,0
337,336,223,-1,4,0,0,0
338,69,167,-1,6,0,0,0
339,83,90,-1,6,0,0,0
340,72,99,-1,6,0,0,0
341,104,155,-1,4,0,0,0
342,18,158,-1,4,0,0,0
343,91,153,-1,6,0,0,0
344,114,150,-1,6,0,0,0
345,25,39,-1,6,0,0,0
346,21,113,-1,6,0,0,0
347,40,129,-1,6,0,0,0
348,42,66,-1,6,0,0,0
349,9,24,-1,4,0,0,0
350,100,174,-1,6,0,0,0
351,16,140,-1,4,0,0,0
352,286,220,-1,4,0,0,0
353,191,-1,-1,4,0,0,0
354,353,205,-1,4,0,0,0
355,92,-1,-1,4,0,0,0
356,355,251,-1,4,0,0,0
357,36,-1,-1,4,0,0,0
358,357,346,-1,4,0,0,0
359,76,-1,-1,4,0,0,0
360,359,216,-1,4,0,0,0
361,34,41,-1,4,0,0,0
362,148,-1,-1,4,0,0,0
363,362,240,-1,4,0,0,0
364,38,45,-1,4,0,0,0
365,81,138,-1,4,0,0,0
366,133,189,-1,6,0,0,0
367,177,182,-1,6,0,0,0
368,193,252,-1,4,0,0,0
369,25,132,-1,4,0,0,0
370,77,157,-1,4,0,0,0
371,165,187,-1,4,0,0,0
372,118,151,-1,4,0,0,0
373,33,59,-1,6,0,0,0
374,54,-1,-1,4,0,0,0
375,374,340,-1,6,0,0,0
376,136,175,-1,6,0,0,0
377,34,168,-1,4,0,0,0
378,12,32,-1,6,0,0,0
379,64,95,-1,6,0,0,0
380,89,106,-1,6,0,0,0
381,146,-1,-1,4,0,0,0
382,381,211,-1,4,0,0,0
383,91,-1,-1,4,0,0,0
384,383,225,-1,4,0,0,0
385,5,135,-1,4,0,0,0
386,23,155,-1,4,0,0,0
387,53,59,-1,4,0,0,0
388,156,-1,-1,4,0,0,0
389,388,279,-1,4,0,0,0
390,68,-1,-1,4,0,0,0
391,390,286,-1,6,0,0,0
392,17,45,-1,4,0,0,0
393,47,187,-1,4,0,0,0
394,254,312,-1,4,0,0,0
395,8,179,-1,6,0,0,0
396,78,108,-1,4,0,0,0
397,132,-1,-1,4,0,0,0
398,397,366,-1,6,0,0,0
399,105,-1,-1,4,0,0,0
400,399,248,-1,4,0,0,0
401,80,134,-1,4,0,0,0
402,72,154,-1,4,0,0,0
403,90,121,-1,4,0,0,0
404,139,157,-1,4,0,0,0
405,123,-1,-1,4,0,0,0
406,405,221,-1,4,0,0,0
407,180,188,-1,6,0,0,0
408,19,29,-1,4,0,0,0
409,120,191,-1,6,0,0,0
410,176,177,-1,6,0,0,0
411,99,-1,-1,4,0,0,0
412,411,346,-1,4,0,0,0
413,111,-1,-1,4,0,0,0
414,413,207,-1,4,0,0,0
415,171,-1,-1,4,0,0,0
416,415,210,-1,4,0,0,0
417,22,-1,-1,4,0,0,0
418,417,-1,-1,4,0,0,0
419,418,400,-1,4,0,0,0
420,152,-1,-1,4,0,0,0
421,420,396,-1,4,0,0,0
422,79,95,-1,6,0,0,0
423,64,71,-1,4,0,0,0
424,56,136,-1,6,0,0,0
425,131,146,-1,6,0,0,0
426,247,-1,-1,4,0,0,0
427,426,416,-1,6,0,0,0
428,79,183,-1,4,0,0,0
429,51,-1,-1,4,0,0,0
430,429,396,-1,4,0,0,0
431,37,124,-1,6,0,0,0
432,123,-1,-1,4,0,0,0
433,432,324,-1,4,0,0,0
434,191,-1,-1,4,0,0,0
435,434,267,-1,4,0,0,0
436,20,172,-1,6,0,0,0
437,59,81,-1,6,0,0,0
438,149,-1,-1,4,0,0,0
439,438,217,-1,4,0,0,0
440,137,140,-1,4,0,0,0
441,5,49,-1,4,0,0,0
442,32,39,-1,4,0,0,0
443,119,-1,-1,4,0,0,0
444,443,277,-1,6,0,0,0
445,142,-1,-1,4,0,0,0
446,445,203,-1,6,0,0,0
447,364,257,-1,6,0,0,0
448,76,116,-1,4,0,0,0
449,48,87,-1,6,0,0,0
450,101,147,-1,4,0,0,0
451,173,-1,-1,4,0,0,0
452,451,409,-1,4,0,0,0
453,9,149,-1,4,0,0,0
454,141,183,-1,4,0,0,0
455,108,168,-1,4,0,0,0
456,125,-1,-1,4,0,0,0
457,456,373,-1,4,0,0,0
458,52,75,-1,6,0,0,0
459,13,114,-1,6,0,0,0
460,250,290,-1,4,0,0,0
461,44,179,-1,4,0,0,0
462,86,104,-1,4,0,0,0
463,35,46,-1,6,0,0,0
464,404,-1,-1,4,0,0,0
465,464,444,-1,6,0,0,0
466,28,77,-1,6,0,0,0
467,11,88,-1,6,0,0,0
468,68,-1,-1,4,0,0,0
469,468,340,-1,4,0,0,0
470,40,57,-1,6,0,0,0
471,53,114,-1,6,0,0,0
472,96,-1,-1,4,0,0,0
473,472,365,-1,6,0,0,0
474,62,-1,-1,4,0,0,0
475,474,331,-1,6,0,0,0
476,32,147,-1,4,0,0,0
477,106,107,-1,4,0,0,0
478,250,272,-1,4,0,0,0
479,55,67,-1,4,0,0,0
480,104,145,-1,4,0,0,0
481,50,-1,-1,4,0,0,0
482,481,349,-1,6,0,0,0
483,54,178,-1,6,0,0,0
484,103,134,-1,6,0,0,0
485,42,48,-1,4,0,0,0
486,41,154,-1,4,0,0,0
487,162,-1,-1,4,0,0,0
488,487,279,-1,6,0,0,0
489,11,129,-1,4,0,0,0
490,17,174,-1,4,0,0,0
491,39,-1,-1,4,0,0,0
492,491,328,-1,4,0,0,0
493,118,149,-1,4,0,0,0
494,12,-1,-1,4,0,0,0
495,494,221,-1,6,0,0,0
496,37,-1,-1,4,0,0,0
497,496,376,-1,4,0,0,0
498,107,-1,-1,4,0,0,0
499,498,230,-1,4,0,0,0
500,142,-1,-1,4,0,0,0
501,500,263,-1,4,0,0,0
502,38,78,-1,4,0,0,0
503,138,-1,-1,4,0,0,0
504,503,422,-1,6,0,0,0
505,75,-1,-1,4,0,0,0
506,505,377,-1,4,0,0,0
507,57,179,-1,6,0,0,0
508,184,-1,-1,4,0,0,0
509,508,242,-1,6,0,0,0
510,36,185,-1,6,0,0,0
511,36,161,-1,6,0,0,0
512,28,191,-1,4,0,0,0
513,156,-1,-1,4,0,0,0
514,513,253,-1,6,0,0,0
515,40,-1,-1,4,0,0,0
516,515,349,-1,4,0,0,0
517,6,8,-1,4,0,0,0
518,94,-1,-1,4,0,0,0
519,518,293,-1,4,0,0,0
520,7,165,-1,6,0,0,0
521,18,22,-1,4,0,0,0
522,72,-1,-1,4,0,0,0
523,522,301,-1,4,0,0,0
524,141,169,-1,4,0,0,0
525,186,-1,-1,4,0,0,0
526,525,-1,-1,4,0,0,0
527,526,-1,-1,4,0,0,0
528,527,465,-1,4,0,0,0
529,212,256,-1,4,0,0,0
530,19,128,-1,6,0,0,0
531,216,463,-1,6,0,0,0
532,80,-1,-1,4,0,0,0
533,532,-1,-1,4,0,0,0
534,533,391,-1,6,0,0,0
535,93,144,-1,4,0,0,0
536,53,111,-1,4,0,0,0
537,112,-1,-1,4,0,0,0
538,537,372,-1,4,0,0,0
539,43,119,-1,4,0,0,0
540,45,-1,-1,4,0,0,0
541,540,-1,-1,4,0,0,0
542,541,433,-1,4,0,0,0
543,5,26,-1,6,0,0,0
544,15,89,-1,4,0,0,0
545,96,162,-1,6,0,0,0
546,181,189,-1,4,0,0,0
547,13,117,-1,4,0,0,0
548,70,109,-1,4,0,0,0
549,87,102,-1,4,0,0,0
550,174,-1,-1,4,0,0,0
551,550,349,-1,4,0,0,0
552,41,-1,-1,4,0,0,0
553,552,-1,-1,4,0,0,0
554,553,531,-1,4,0,0,0
555,173,-1,-1,4,0,0,0
556,555,423,-1,4,0,0,0
557,116,142,-1,4,0,0,0
558,328,271,-1,4,0,0,0
559,18,33,-1,4,0,0,0
560,2,-1,-1,4,0,0,0
561,560,392,-1,4,0,0,0
562,172,-1,-1,4,0,0,0
563,562,324,-1,4,0,0,0
564,0,117,-1,6,0,0,0
565,171,178,-1,6,0,0,0
566,11,89,-1,4,0,0,0
567,14,21,-1,4,0,0,0
568,60,74,-1,4,0,0,0
569,129,170,-1,6,0,0,0
570,61,63,-1,4,0,0,0
571,143,-1,-1,4,0,0,0
572,571,477,-1,6,0,0,0
573,137,-1,-1,4,0,0,0
574,573,215,-1,4,0,0,0
575,166,184,-1,4,0,0,0
576,36,-1,-1,4,0,0,0
577,576,279,-1,4,0,0,0
578,49,-1,-1,4,0,0,0
579,578,241,-1,4,0,0,0
580,77,-1,-1,4,0,0,0
581,580,449,-1,4,0,0,0
582,99,-1,-1,4,0,0,0
583,582,226,-1,4,0,0,0
584,208,-1,-1,4,0,0,0
585,584,391,-1,4,0,0,0
586,557,489,-1,4,0,0,0
587,6,134,-1,6,0,0,0
588,361,214,-1,4,0,0,0
589,123,180,-1,6,0,0,0
590,24,155,-1,4,0,0,0
591,21,101,-1,4,0,0,0
592,31,140,-1,4,0,0,0
593,52,103,-1,4,0,0,0
594,57,-1,-1,4,0,0,0
595,594,408,-1,4,0,0,0
596,84,-1,-1,4,0,0,0
597,596,229,-1,4,0,0,0
598,120,168,-1,4,0,0,0
599,20,-1,-1,4,0,0,0
600,599,361,-1,6,0,0,0
601,463,-1,-1,4,0,0,0
602,601,514,-1,6,0,0,0
603,51,-1,-1,4,0,0,0
604,603,217,-1,4,0,0,0
605,9,26,-1,6,0,0,0
606,102,-1,-1,4,0,0,0
607,606,206,-1,6,0,0,0
608,13,182,-1,4,0,0,0
609,55,137,-1,4,0,0,0
610,189,-1,-1,4,0,0,0
611,610,237,-1,6,0,0,0
612,112,-1,-1,4,0,0,0
613,612,-1,-1,4,0,0,0
614,613,572,-1,4,0,0,0
615,208,247,-1,4,0,0,0
616,1,-1,-1,4,0,0,0
617,616,463,-1,6,0,0,0
618,139,-1,-1,4,0,0,0
619,618,470,-1,6,0,0,0
620,128,-1,-1,4,0,0,0
621,620,302,-1,4,0,0,0
622,260,-1,-1,7,0,0,0
623,622,444,-1,2,0,0,0
624,173,-1,-1,4,0,0,0
625,624,205,-1,6,0,0,0
626,216,448,-1,4,0,0,0
627,70,99,-1,6,0,0,0
628,67,147,-1,4,0,0,0
629,87,161,-1,4,0,0,0
630,103,-1,-1,4,0,0,0
631,630,271,-1,6,0,0,0
632,123,-1,-1,4,0,0,0
633,632,301,-1,6,0,0,0
634,94,159,-1,4,0,0,0
635,74,-1,-1,4,0,0,0
636,635,254,-1,6,0,0,0
637,11,-1,-1,4,0,0,0
638,637,-1,-1,4,0,0,0
639,638,-1,-1,4,0,0,0
640,639,465,-1,4,0,0,0
641,30,-1,-1,4,0,0,0
642,641,422,-1,4,0,0,0
643,13,48,-1,4,0,0,0
644,110,172,-1,4,0,0,0
645,140,169,-1,4,0,0,0
646,144,-1,-1,4,0,0,0
647,646,424,-1,4,0,0,0
648,190,-1,-1,4,0,0,0
649,648,-1,-1,4,0,0,0
650,649,219,-1,4,0,0,0
651,557,605,-1,6,0,0,0
652,105,-1,-1,4,0,0,0
653,652,334,-1,4,0,0,0
654,66,-1,-1,4,0,0,0
655,654,235,-1,4,0,0,0
656,92,-1,-1,4,0,0,0
657,656,401,-1,4,0,0,0
658,109,-1,-1,4,0,0,0
659,658,271,-1,6,0,0,0
660,20,-1,-1,4,0,0,0
661,660,283,-1,4,0,0,0
662,98,167,-1,6,0,0,0
663,67,-1,-1,4,0,0,0
664,663,589,-1,4,0,0,0
665,187,-1,-1,4,0,0,0
666,665,222,-1,4,0,0,0
667,23,-1,-1,4,0,0,0
668,667,272,-1,4,0,0,0
669,254,-1,-1,4,0,0,0
670,669,561,-1,4,0,0,0
671,147,164,-1,6,0,0,0
672,448,376,-1,6,0,0,0
673,276,268,-1,6,0,0,0
674,62,128,-1,6,0,0,0
675,35,100,-1,4,0,0,0
676,49,55,-1,4,0,0,0
677,118,140,-1,4,0,0,0
678,182,-1,-1,4,0,0,0
679,678,306,-1,4,0,0,0
680,18,40,-1,4,0,0,0
681,30,-1,-1,4,0,0,0
682,681,224,-1,4,0,0,0
683,86,98,-1,6,0,0,0
684,26,41,-1,4,0,0,0
685,73,127,-1,4,0,0,0
686,351,-1,-1,4,0,0,0
687,686,-1,-1,4,0,0,0
688,687,427,-1,6,0,0,0
689,15,122,-1,4,0,0,0
690,105,-1,-1,4,0,0,0
691,690,194,-1,4,0,0,0
692,150,-1,-1,4,0,0,0
693,692,260,-1,4,0,0,0
694,176,-1,-1,4,0,0,0
695,694,-1,-1,4,0,0,0
696,695,607,-1,4,0,0,0
697,192,-1,-1,4,0,0,0
698,697,600,-1,6,0,0,0
699,95,-1,-1,4,0,0,0
700,699,459,-1,4,0,0,0
701,449,242,-1,4,0,0,0
702,63,-1,-1,4,0,0,0
703,702,-1,-1,4,0,0,0
704,703,600,-1,6,0,0,0
705,56,158,-1,4,0,0,0
706,240,461,-1,4,0,0,0
707,64,93,-1,4,0,0,0
708,107,186,-1,6,0,0,0
709,30,56,-1,6,0,0,0
710,28,43,-1,4,0,0,0
711,564,-1,-1,4,0,0,0
712,711,-1,-1,4,0,0,0
713,712,-1,-1,4,0,0,0
714,713,688,-1,4,0,0,0
715,153,-1,-1,4,0,0,0
716,715,449,-1,6,0,0,0
717,60,-1,-1,4,0,0,0
718,717,479,-1,4,0,0,0
719,12,-1,-1,4,0,0,0
720,719,265,-1,6,0,0,0
721,113,177,-1,4,0,0,0
722,172,-1,-1,4,0,0,0
723,722,303,-1,4,0,0,0
724,58,154,-1,6,0,0,0
725,27,185,-1,4,0,0,0
726,101,117,-1,4,0,0,0
727,104,-1,-1,4,0,0,0
728,727,227,-1,4,0,0,0
729,237,245,-1,4,0,0,0
730,4,160,-1,4,0,0,0
731,277,-1,-1,4,0,0,0
732,731,558,-1,4,0,0,0
733,31,181,-1,4,0,0,0
734,131,-1,-1,4,0,0,0
735,734,248,-1,6,0,0,0
736,45,134,-1,4,0,0,0
737,48,-1,-1,4,0,0,0
738,737,231,-1,4,0,0,0
739,3,136,-1,4,0,0,0
740,28,143,-1,4,0,0,0
741,47,121,-1,4,0,0,0
742,126,167,-1,4,0,0,0
743,130,-1,-1,4,0,0,0
744,743,-1,-1,4,0,0,0
745,744,-1,-1,4,0,0,0
746,745,623,-1,4,0,0,0
747,1,-1,-1,4,0,0,0
748,747,-1,-1,4,0,0,0
749,748,323,-1,6,0,0,0
750,157,-1,-1,4,0,0,0
751,750,-1,-1,4,0,0,0
752,751,421,-1,6,0,0,0
753,327,634,-1,4,0,0,0
754,82,114,-1,4,0,0,0
755,158,-1,-1,4,0,0,0
756,755,530,-1,6,0,0,0
757,80,85,-1,6,0,0,0
758,122,124,-1,4,0,0,0
759,175,-1,-1,4,0,0,0
760,759,448,-1,6,0,0,0
761,119,-1,-1,4,0,0,0
762,761,283,-1,4,0,0,0
763,159,190,-1,4,0,0,0
764,277,208,-1,4,0,0,0
765,110,120,-1,4,0,0,0
766,206,350,-1,4,0,0,0
767,38,44,-1,4,0,0,0
768,33,73,-1,4,0,0,0
769,171,-1,-1,4,0,0,0
770,769,484,-1,4,0,0,0
771,92,-1,-1,4,0,0,0
772,771,377,-1,6,0,0,0
773,66,-1,-1,4,0,0,0
774,773,483,-1,4,0,0,0
775,29,109,-1,4,0,0,0
776,124,-1,-1,4,0,0,0
777,776,428,-1,4,0,0,0
778,226,378,-1,4,0,0,0
779,9,160,-1,4,0,0,0
780,136,-1,-1,4,0,0,0
781,780,-1,-1,4,0,0,0
782,781,446,-1,6,0,0,0
783,10,41,-1,4,0,0,0
784,48,-1,-1,4,0,0,0
785,784,548,-1,4,0,0,0
786,64,-1,-1,4,0,0,0
787,786,-1,-1,4,0,0,0
788,787,285,-1,4,0,0,0
789,161,-1,-1,4,0,0,0
790,789,589,-1,4,0,0,0
791,37,-1,-1,4,0,0,0
792,791,303,-1,6,0,0,0
793,156,-1,-1,4,0,0,0
794,793,371,-1,4,0,0,0
795,273,450,-1,6,0,0,0
796,94,-1,-1,4,0,0,0
797,796,222,-1,4,0,0,0
798,174,-1,-1,4,0,0,0
799,798,-1,-1,4,0,0,0
800,799,760,-1,4,0,0,0
801,121,-1,-1,4,0,0,0
802,801,440,-1,4,0,0,0
803,117,-1,-1,4,0,0,0
804,803,590,-1,4,0,0,0
805,132,-1,-1,4,0,0,0
806,805,195,-1,4,0,0,0
807,159,-1,-1,4,0,0,0
808,807,229,-1,4,0,0,0
809,253,327,-1,4,0,0,0
810,225,-1,-1,4,0,0,0
811,810,406,-1,4,0,0,0
812,273,-1,-1,4,0,0,0
813,812,452,-1,6,0,0,0
814,26,50,-1,4,0,0,0
815,724,333,-1,6,0,0,0
816,32,-1,-1,4,0,0,0
817,816,-1,-1,4,0,0,0
818,817,406,-1,4,0,0,0
819,5,60,-1,4,0,0,0
820,365,-1,-1,4,0,0,0
821,820,804,-1,6,0,0,0
822,182,-1,-1,4,0,0,0
823,822,379,-1,6,0,0,0
824,23,99,-1,6,0,0,0
825,35,183,-1,4,0,0,0
826,176,-1,-1,4,0,0,0
827,826,253,-1,4,0,0,0
828,214,-1,-1,4,0,0,0
829,828,421,-1,4,0,0,0
830,674,-1,-1,7,0,0,0
831,830,-1,-1,7,0,0,0
832,831,818,-1,2,0,0,0
833,151,-1,-1,4,0,0,0
834,833,548,-1,4,0,0,0
835,188,-1,-1,4,0,0,0
836,835,-1,-1,4,0,0,0
837,836,305,-1,4,0,0,0
838,136,-1,-1,4,0,0,0
839,838,246,-1,4,0,0,0
840,138,163,-1,4,0,0,0
841,187,-1,-1,4,0,0,0
842,841,221,-1,4,0,0,0
843,137,179,-1,6,0,0,0
844,317,-1,-1,4,0,0,0
845,844,753,-1,6,0,0,0
846,0,152,-1,6,0,0,0
847,4,-1,-1,4,0,0,0
848,847,319,-1,4,0,0,0
849,6,-1,-1,4,0,0,0
850,849,226,-1,4,0,0,0
851,25,109,-1,4,0,0,0
852,151,-1,-1,4,0,0,0
853,852,393,-1,4,0,0,0
854,422,348,-1,4,0,0,0
855,345,-1,-1,4,0,0,0
856,855,611,-1,4,0,0,0
857,15,78,-1,4,0,0,0
858,107,-1,-1,4,0,0,0
859,858,535,-1,4,0,0,0
860,7,-1,-1,4,0,0,0
861,860,459,-1,4,0,0,0
862,26,113,-1,4,0,0,0
863,58,-1,-1,4,0,0,0
864,863,511,-1,6,0,0,0
865,126,-1,-1,4,0,0,0
866,865,401,-1,6,0,0,0
867,330,-1,-1,4,0,0,0
868,867,696,-1,6,0,0,0
869,54,-1,-1,4,0,0,0
870,869,521,-1,4,0,0,0
871,27,123,-1,4,0,0,0
872,154,-1,-1,4,0,0,0
873,872,459,-1,4,0,0,0
874,130,178,-1,6,0,0,0
875,61,75,-1,4,0,0,0
876,157,-1,-1,4,0,0,0
877,876,236,-1,4,0,0,0
878,86,-1,-1,4,0,0,0
879,878,193,-1,4,0,0,0
880,404,376,-1,4,0,0,0
881,123,-1,-1,4,0,0,0
882,881,259,-1,4,0,0,0
883,54,171,-1,6,0,0,0
884,203,-1,-1,4,0,0,0
885,884,659,-1,6,0,0,0
886,99,-1,-1,4,0,0,0
887,886,-1,-1,4,0,0,0
888,887,625,-1,4,0,0,0
889,43,-1,-1,4,0,0,0
890,889,274,-1,6,0,0,0
891,345,-1,-1,4,0,0,0
892,891,735,-1,4,0,0,0
893,58,73,-1,6,0,0,0
894,96,-1,-1,4,0,0,0
895,894,289,-1,4,0,0,0
896,273,437,-1,4,0,0,0
897,58,80,-1,4,0,0,0
898,64,178,-1,6,0,0,0
899,79,-1,-1,4,0,0,0
900,899,733,-1,6,0,0,0
901,24,115,-1,4,0,0,0
902,175,-1,-1,4,0,0,0
903,902,683,-1,4,0,0,0
904,317,824,-1,4,0,0,0
905,62,117,-1,6,0,0,0
906,34,-1,-1,4,0,0,0
907,906,-1,-1,4,0,0,0
908,907,305,-1,6,0,0,0
909,131,-1,-1,4,0,0,0
910,909,404,-1,4,0,0,0
911,217,-1,-1,4,0,0,0
912,911,738,-1,4,0,0,0
913,289,466,-1,4,0,0,0
914,17,-1,-1,4,0,0,0
915,914,378,-1,4,0,0,0
916,195,196,-1,6,0,0,0
917,159,-1,-1,4,0,0,0
918,917,198,-1,4,0,0,0
919,203,204,-1,4,0,0,0
920,115,-1,-1,4,0,0,0
921,920,205,-1,4,0,0,0
922,134,-1,-1,4,0,0,0
923,922,206,-1,6,0,0,0
924,106,-1,-1,4,0,0,0
925,924,208,-1,6,0,0,0
926,210,211,-1,4,0,0,0
927,163,-1,-1,4,0,0,0
928,927,212,-1,6,0,0,0
929,93,-1,-1,4,0,0,0
930,929,215,-1,6,0,0,0
931,83,-1,-1,4,0,0,0
932,931,221,-1,6,0,0,0
933,143,-1,-1,4,0,0,0
934,933,223,-1,4,0,0,0
935,35,-1,-1,4,0,0,0
936,935,225,-1,6,0,0,0
937,79,-1,-1,4,0,0,0
938,937,226,-1,4,0,0,0
939,229,230,-1,4,0,0,0
940,150,-1,-1,4,0,0,0
941,940,231,-1,4,0,0,0
942,0,-1,-1,4,0,0,0
943,942,235,-1,4,0,0,0
944,147,-1,-1,4,0,0,0
945,944,236,-1,4,0,0,0
946,152,-1,-1,4,0,0,0
947,946,237,-1,6,0,0,0
948,238,239,-1,4,0,0,0
949,133,-1,-1,4,0,0,0
950,949,241,-1,4,0,0,0
951,71,-1,-1,4,0,0,0
952,951,243,-1,4,0,0,0
953,244,245,-1,6,0,0,0
954,250,251,-1,6,0,0,0
955,210,253,-1,6,0,0,0
956,141,-1,-1,4,0,0,0
957,956,254,-1,4,0,0,0
958,76,-1,-1,4,0,0,0
959,958,256,-1,4,0,0,0
960,180,-1,-1,4,0,0,0
961,960,257,-1,4,0,0,0
962,155,-1,-1,4,0,0,0
963,962,258,-1,4,0,0,0
964,177,-1,-1,4,0,0,0
965,964,259,-1,4,0,0,0
966,231,260,-1,4,0,0,0
967,261,262,-1,4,0,0,0
968,263,264,-1,4,0,0,0
969,265,266,-1,6,0,0,0
970,267,268,-1,6,0,0,0
971,226,269,-1,6,0,0,0
972,105,-1,-1,4,0,0,0
973,972,273,-1,4,0,0,0
974,27,-1,-1,4,0,0,0
975,974,274,-1,6,0,0,0
976,90,-1,-1,4,0,0,0
977,976,276,-1,6,0,0,0
978,149,-1,-1,4,0,0,0
979,978,277,-1,6,0,0,0
980,57,-1,-1,4,0,0,0
981,980,279,-1,4,0,0,0
982,283,-1,-1,4,0,0,0
983,982,285,-1,6,0,0,0
984,286,287,-1,4,0,0,0
985,168,-1,-1,4,0,0,0
986,985,289,-1,6,0,0,0
987,113,-1,-1,4,0,0,0
988,987,290,-1,4,0,0,0
989,150,-1,-1,4,0,0,0
990,989,293,-1,4,0,0,0
991,241,296,-1,4,0,0,0
992,298,300,-1,4,0,0,0
993,135,-1,-1,4,0,0,0
994,993,302,-1,4,0,0,0
995,88,-1,-1,4,0,0,0
996,995,309,-1,4,0,0,0
997,312,244,-1,6,0,0,0
998,313,314,-1,6,0,0,0
999,91,-1,-1,4,0,0,0
1000,999,317,-1,4,0,0,0
1001,319,-1,-1,4,0,0,0
1002,1001,321,-1,4,0,0,0
1003,157,-1,-1,4,0,0,0
1004,1003,324,-1,6,0,0,0
1005,265,-1,-1,4,0,0,0
1006,1005,939,-1,4,0,0,0
1007,174,-1,-1,4,0,0,0
1008,1007,-1,-1,4,0,0,0
1009,1008,326,-1,6,0,0,0
1010,186,-1,-1,4,0,0,0
1011,1010,328,-1,4,0,0,0
1012,261,-1,-1,4,0,0,0
1013,1012,330,-1,6,0,0,0
1014,37,-1,-1,4,0,0,0
1015,1014,334,-1,4,0,0,0
1016,340,341,-1,6,0,0,0
1017,77,-1,-1,4,0,0,0
1018,1017,343,-1,4,0,0,0
1019,103,-1,-1,4,0,0,0
1020,1019,-1,-1,4,0,0,0
1021,1020,916,-1,4,0,0,0
1022,112,-1,-1,4,0,0,0
1023,1022,344,-1,4,0,0,0
1024,85,-1,-1,4,0,0,0
1025,1024,345,-1,4,0,0,0
1026,87,-1,-1,4,0,0,0
1027,1026,346,-1,6,0,0,0
1028,175,-1,-1,4,0,0,0
1029,1028,348,-1,6,0,0,0
1030,5,-1,-1,4,0,0,0
1031,1030,-1,-1,4,0,0,0
1032,1031,356,-1,4,0,0,0
1033,131,-1,-1,4,0,0,0
1034,1033,361,-1,4,0,0,0
1035,272,364,-1,4,0,0,0
1036,143,-1,-1,4,0,0,0
1037,1036,366,-1,6,0,0,0
1038,367,266,-1,4,0,0,0
1039,369,370,-1,4,0,0,0
1040,127,-1,-1,4,0,0,0
1041,1040,371,-1,6,0,0,0
1042,153,-1,-1,4,0,0,0
1043,1042,372,-1,6,0,0,0
1044,373,-1,-1,4,0,0,0
1045,1044,375,-1,6,0,0,0
1046,265,-1,-1,4,0,0,0
1047,1046,1027,-1,4,0,0,0
1048,166,-1,-1,4,0,0,0
1049,1048,-1,-1,4,0,0,0
1050,1049,391,-1,4,0,0,0
1051,392,393,-1,4,0,0,0
1052,251,396,-1,6,0,0,0
1053,1,-1,-1,4,0,0,0
1054,1053,401,-1,6,0,0,0
1055,153,-1,-1,4,0,0,0
1056,1055,402,-1,4,0,0,0
1057,331,403,-1,4,0,0,0
1058,31,-1,-1,4,0,0,0
1059,1058,409,-1,6,0,0,0
1060,416,-1,-1,4,0,0,0
1061,1060,419,-1,6,0,0,0
1062,15,-1,-1,4,0,0,0
1063,1062,-1,-1,4,0,0,0
1064,1063,421,-1,4,0,0,0
1065,81,-1,-1,4,0,0,0
1066,1065,422,-1,4,0,0,0
1067,235,423,-1,4,0,0,0
1068,290,428,-1,4,0,0,0
1069,54,-1,-1,4,0,0,0
1070,1069,431,-1,4,0,0,0
1071,34,-1,-1,4,0,0,0
1072,1071,436,-1,6,0,0,0
1073,23,-1,-1,4,0,0,0
1074,1073,437,-1,4,0,0,0
1075,154,-1,-1,4,0,0,0
1076,1075,440,-1,4,0,0,0
1077,206,441,-1,4,0,0,0
1078,1054,947,-1,4,0,0,0
1079,442,-1,-1,4,0,0,0
1080,1079,996,-1,4,0,0,0
1081,69,-1,-1,4,0,0,0
1082,1081,-1,-1,4,0,0,0
1083,1082,981,-1,6,0,0,0
1084,444,446,-1,6,0,0,0
1085,189,-1,-1,4,0,0,0
1086,1085,454,-1,6,0,0,0
1087,286,458,-1,4,0,0,0
1088,941,934,-1,4,0,0,0
1089,84,-1,-1,4,0,0,0
1090,1089,459,-1,4,0,0,0
1091,29,-1,-1,4,0,0,0
1092,1091,461,-1,6,0,0,0
1093,302,466,-1,6,0,0,0
1094,47,-1,-1,4,0,0,0
1095,1094,470,-1,6,0,0,0
1096,366,-1,-1,4,0,0,0
1097,1096,475,-1,6,0,0,0
1098,85,-1,-1,4,0,0,0
1099,1098,-1,-1,4,0,0,0
1100,1099,975,-1,4,0,0,0
1101,150,-1,-1,4,0,0,0
1102,1101,477,-1,4,0,0,0
1103,396,479,-1,4,0,0,0
1104,215,480,-1,6,0,0,0
1105,324,-1,-1,4,0,0,0
1106,1105,932,-1,6,0,0,0
1107,483,484,-1,6,0,0,0
1108,485,486,-1,6,0,0,0
1109,61,-1,-1,4,0,0,0
1110,1109,-1,-1,4,0,0,0
1111,1110,488,-1,6,0,0,0
1112,502,-1,-1,4,0,0,0
1113,1112,504,-1,4,0,0,0
1114,51,-1,-1,4,0,0,0
1115,1114,-1,-1,4,0,0,0
1116,1115,930,-1,6,0,0,0
1117,151,-1,-1,4,0,0,0
1118,1117,-1,-1,4,0,0,0
1119,1118,506,-1,6,0,0,0
1120,423,-1,-1,4,0,0,0
1121,1120,945,-1,4,0,0,0
1122,507,-1,-1,7,0,0,0
1123,1122,975,-1,2,0,0,0
1124,510,-1,-1,4,0,0,0
1125,1124,509,-1,6,0,0,0
1126,20,-1,-1,4,0,0,0
1127,1126,521,-1,4,0,0,0
1128,52,-1,-1,4,0,0,0
1129,1128,530,-1,6,0,0,0
1130,50,-1,-1,4,0,0,0
1131,1130,-1,-1,4,0,0,0
1132,1131,531,-1,6,0,0,0
1133,290,-1,-1,4,0,0,0
1134,1133,-1,-1,4,0,0,0
1135,1134,1047,-1,6,0,0,0
1136,71,-1,-1,4,0,0,0
1137,1136,-1,-1,4,0,0,0
1138,1137,538,-1,6,0,0,0
1139,116,-1,-1,4,0,0,0
1140,1139,543,-1,4,0,0,0
1141,161,-1,-1,4,0,0,0
1142,1141,544,-1,4,0,0,0
1143,249,-1,-1,4,0,0,0
1144,1143,1102,-1,4,0,0,0
1145,502,-1,-1,4,0,0,0
1146,1145,1090,-1,4,0,0,0
1147,47,-1,-1,4,0,0,0
1148,1147,548,-1,4,0,0,0
1149,172,-1,-1,4,0,0,0
1150,1149,-1,-1,4,0,0,0
1151,1150,-1,-1,4,0,0,0
1152,1151,554,-1,6,0,0,0
1153,328,-1,-1,4,0,0,0
1154,1153,556,-1,6,0,0,0
1155,146,-1,-1,4,0,0,0
1156,1155,-1,-1,4,0,0,0
1157,1156,561,-1,4,0,0,0
1158,564,565,-1,4,0,0,0
1159,287,-1,-1,4,0,0,0
1160,1159,955,-1,4,0,0,0
1161,283,568,-1,6,0,0,0
1162,365,569,-1,6,0,0,0
1163,144,-1,-1,4,0,0,0
1164,1163,570,-1,4,0,0,0
1165,416,577,-1,6,0,0,0
1166,180,-1,-1,4,0,0,0
1167,1166,-1,-1,4,0,0,0
1168,1167,921,-1,4,0,0,0
1169,152,-1,-1,4,0,0,0
1170,1169,587,-1,6,0,0,0
1171,346,-1,-1,4,0,0,0
1172,1171,588,-1,6,0,0,0
1173,243,-1,-1,4,0,0,0
1174,1173,-1,-1,4,0,0,0
1175,1174,1121,-1,6,0,0,0
1176,122,-1,-1,4,0,0,0
1177,1176,-1,-1,4,0,0,0
1178,1177,1067,-1,4,0,0,0
1179,16,-1,-1,4,0,0,0
1180,1179,-1,-1,4,0,0,0
1181,1180,600,-1,6,0,0,0
1182,266,-1,-1,4,0,0,0
1183,1182,604,-1,6,0,0,0
1184,605,565,-1,6,0,0,0
1185,69,-1,-1,4,0,0,0
1186,1185,-1,-1,4,0,0,0
1187,1186,973,-1,6,0,0,0
1188,615,-1,-1,7,0,0,0
1189,1188,614,-1,2,0,0,0
1190,83,-1,-1,4,0,0,0
1191,1190,-1,-1,4,0,0,0
1192,1191,617,-1,6,0,0,0
1193,407,-1,-1,4,0,0,0
1194,1193,619,-1,6,0,0,0
1195,950,621,-1,6,0,0,0
1196,932,1066,-1,4,0,0,0
1197,165,-1,-1,4,0,0,0
1198,1197,-1,-1,4,0,0,0
1199,1198,631,-1,4,0,0,0
1200,100,-1,-1,4,0,0,0
1201,1200,-1,-1,4,0,0,0
1202,1201,1092,-1,4,0,0,0
1203,203,-1,-1,4,0,0,0
1204,1203,925,-1,4,0,0,0
1205,98,-1,-1,4,0,0,0
1206,1205,643,-1,4,0,0,0
1207,17,-1,-1,4,0,0,0
1208,1207,-1,-1,4,0,0,0
1209,1208,-1,-1,4,0,0,0
1210,1209,650,-1,6,0,0,0
1211,952,655,-1,4,0,0,0
1212,39,-1,-1,4,0,0,0
1213,1212,662,-1,4,0,0,0
1214,274,-1,-1,4,0,0,0
1215,1214,668,-1,4,0,0,0
1216,133,-1,-1,4,0,0,0
1217,1216,-1,-1,4,0,0,0
1218,1217,672,-1,4,0,0,0
1219,452,1093,-1,4,0,0,0
1220,192,-1,-1,4,0,0,0
1221,1220,-1,-1,4,0,0,0
1222,1221,1165,-1,6,0,0,0
1223,364,-1,-1,4,0,0,0
1224,1223,988,-1,4,0,0,0
1225,511,680,-1,4,0,0,0
1226,467,-1,-1,4,0,0,0
1227,1226,682,-1,4,0,0,0
1228,56,-1,-1,4,0,0,0
1229,1228,683,-1,6,0,0,0
1230,684,-1,-1,4,0,0,0
1231,1230,469,-1,6,0,0,0
1232,512,-1,-1,7,0,0,0
1233,1232,943,-1,2,0,0,0
1234,332,-1,-1,7,0,0,0
1235,1234,696,-1,2,0,0,0
1236,587,-1,-1,4,0,0,0
1237,1236,-1,-1,4,0,0,0
1238,1237,698,-1,4,0,0,0
1239,146,-1,-1,4,0,0,0
1240,1239,-1,-1,4,0,0,0
1241,1240,1004,-1,4,0,0,0
1242,380,-1,-1,4,0,0,0
1243,1242,977,-1,4,0,0,0
1244,108,-1,-1,4,0,0,0
1245,1244,-1,-1,4,0,0,0
1246,1245,-1,-1,4,0,0,0
1247,1246,704,-1,6,0,0,0
1248,705,-1,-1,4,0,0,0
1249,1248,706,-1,6,0,0,0
1250,75,-1,-1,4,0,0,0
1251,1250,708,-1,4,0,0,0
1252,106,-1,-1,4,0,0,0
1253,1252,709,-1,4,0,0,0
1254,716,718,-1,6,0,0,0
1255,477,724,-1,6,0,0,0
1256,730,-1,-1,4,0,0,0
1257,1256,-1,-1,4,0,0,0
1258,1257,732,-1,4,0,0,0
1259,2,-1,-1,4,0,0,0
1260,1259,733,-1,6,0,0,0
1261,89,-1,-1,4,0,0,0
1262,1261,-1,-1,4,0,0,0
1263,1262,-1,-1,4,0,0,0
1264,1263,983,-1,4,0,0,0
1265,120,-1,-1,4,0,0,0
1266,1265,-1,-1,4,0,0,0
1267,1266,973,-1,4,0,0,0
1268,59,-1,-1,4,0,0,0
1269,1268,-1,-1,4,0,0,0
1270,1269,-1,-1,4,0,0,0
1271,1270,1187,-1,4,0,0,0
1272,145,-1,-1,4,0,0,0
1273,1272,-1,-1,4,0,0,0
1274,1273,756,-1,4,0,0,0
1275,757,-1,-1,7,0,0,0
1276,1275,941,-1,2,0,0,0
1277,458,758,-1,4,0,0,0
1278,340,-1,-1,4,0,0,0
1279,1278,760,-1,6,0,0,0
1280,407,-1,-1,4,0,0,0
1281,1280,936,-1,4,0,0,0
1282,765,-1,-1,4,0,0,0
1283,1282,766,-1,4,0,0,0
1284,768,-1,-1,7,0,0,0
1285,1284,352,-1,2,0,0,0
1286,493,-1,-1,4,0,0,0
1287,1286,770,-1,4,0,0,0
1288,779,-1,-1,4,0,0,0
1289,1288,-1,-1,4,0,0,0
1290,1289,782,-1,6,0,0,0
1291,113,-1,-1,4,0,0,0
1292,1291,-1,-1,4,0,0,0
1293,1292,1067,-1,4,0,0,0
1294,65,-1,-1,4,0,0,0
1295,1294,-1,-1,4,0,0,0
1296,1295,1068,-1,4,0,0,0
1297,461,-1,-1,4,0,0,0
1298,1297,795,-1,4,0,0,0
1299,343,-1,-1,4,0,0,0
1300,1299,979,-1,4,0,0,0
1301,131,-1,-1,4,0,0,0
1302,1301,-1,-1,4,0,0,0
1303,1302,802,-1,6,0,0,0
1304,311,-1,-1,4,0,0,0
1305,1304,-1,-1,4,0,0,0
1306,1305,1218,-1,6,0,0,0
1307,708,814,-1,6,0,0,0
1308,574,823,-1,6,0,0,0
1309,834,-1,-1,4,0,0,0
1310,1309,837,-1,4,0,0,0
1311,188,-1,-1,4,0,0,0
1312,1311,-1,-1,4,0,0,0
1313,1312,1059,-1,4,0,0,0
1314,197,-1,-1,7,0,0,0
1315,1314,954,-1,2,0,0,0
1316,7,118,-1,4,0,0,0
1317,1316,521,-1,4,0,0,0
1318,345,296,-1,7,0,0,0
1319,338,775,-1,2,0,0,0
1320,628,598,-1,2,0,0,0
1321,524,-1,-1,7,0,0,0
1322,1317,1318,-1,4,0,0,0
1323,1319,1320,-1,6,0,0,0
1324,1321,406,-1,7,0,0,0
1325,735,288,-1,7,0,0,0
1326,1072,866,-1,7,0,0,0
1327,969,673,-1,7,0,0,0
1328,1322,1323,-1,6,0,0,0
1329,1324,1325,-1,7,0,0,0
1330,1326,1327,-1,7,0,0,0
1331,1157,1045,-1,4,0,0,0
1332,1308,-1,-1,7,0,0,0
1333,1328,1329,-1,4,0,0,0
1334,1330,1331,-1,2,0,0,0
1335,1332,868,-1,7,0,0,0
1336,1333,1334,-1,6,0,0,0
1337,1335,-1,-1,7,0,0,0
1338,1336,1337,-1,4,0,0,0
1339,871,-1,-1,7,0,0,0
1340,1339,870,-1,2,0,0,0
1341,879,-1,-1,7,0,0,0
1342,1341,1187,-1,2,0,0,0
1343,425,-1,-1,7,0,0,0
1344,1343,1093,-1,2,0,0,0
1345,6,15,-1,6,0,0,0
1346,31,79,-1,4,0,0,0
1347,144,-1,-1,4,0,0,0
1348,1345,1346,-1,6,0,0,0
1349,1347,273,-1,6,0,0,0
1350,331,543,-1,2,0,0,0
1351,709,431,-1,6,0,0,0
1352,307,575,-1,4,0,0,0
1353,471,874,-1,7,0,0,0
1354,1348,1349,-1,6,0,0,0
1355,1350,1351,-1,6,0,0,0
1356,1352,1353,-1,4,0,0,0
1357,519,1072,-1,2,0,0,0
1358,866,756,-1,7,0,0,0
1359,1087,991,-1,2,0,0,0
1360,1039,890,-1,6,0,0,0
1361,970,-1,-1,4,0,0,0
1362,1354,1355,-1,6,0,0,0
1363,1356,1357,-1,6,0,0,0
1364,1358,1359,-1,2,0,0,0
1365,1360,1361,-1,6,0,0,0
1366,888,829,-1,7,0,0,0
1367,1283,-1,-1,7,0,0,0
1368,1362,1363,-1,6,0,0,0
1369,1364,1365,-1,6,0,0,0
1370,1366,1367,-1,7,0,0,0
1371,1306,-1,-1,4,0,0,0
1372,1368,1369,-1,6,0,0,0
1373,1370,1371,-1,2,0,0,0
1374,1372,1373,-1,6,0,0,0
1375,895,896,-1,6,0,0,0
1376,278,897,-1,4,0,0,0
1377,898,-1,-1,4,0,0,0
1378,1377,943,-1,6,0,0,0
1379,157,-1,-1,4,0,0,0
1380,1379,-1,-1,4,0,0,0
1381,1380,945,-1,4,0,0,0
1382,8,52,-1,2,0,0,0
1383,58,71,-1,4,0,0,0
1384,94,125,-1,4,0,0,0
1385,169,183,-1,6,0,0,0
1386,1382,1383,-1,6,0,0,0
1387,1384,1385,-1,6,0,0,0
1388,216,265,-1,4,0,0,0
1389,569,314,-1,4,0,0,0
1390,857,758,-1,6,0,0,0
1391,546,875,-1,6,0,0,0
1392,843,-1,-1,4,0,0,0
1393,1386,1387,-1,6,0,0,0
1394,1388,1389,-1,6,0,0,0
1395,1390,1391,-1,6,0,0,0
1396,1392,988,-1,6,0,0,0
1397,930,672,-1,6,0,0,0
1398,631,916,-1,2,0,0,0
1399,794,664,-1,4,0,0,0
1400,854,-1,-1,7,0,0,0
1401,1393,1394,-1,6,0,0,0
1402,1395,1396,-1,6,0,0,0
1403,1397,1398,-1,6,0,0,0
1404,1399,1400,-1,4,0,0,0
1405,465,1233,-1,2,0,0,0
1406,1276,908,-1,2,0,0,0
1407,1192,1231,-1,7,0,0,0
1408,1401,1402,-1,6,0,0,0
1409,1403,1404,-1,6,0,0,0
1410,1405,1406,-1,6,0,0,0
1411,1407,-1,-1,7,0,0,0
1412,1408,1409,-1,6,0,0,0
1413,1410,1411,-1,4,0,0,0
1414,1412,1413,-1,6,0,0,0
1415,943,774,-1,6,0,0,0
1416,46,59,-1,2,0,0,0
1417,61,-1,-1,7,0,0,0
1418,1416,1417,-1,4,0,0,0
1419,236,422,-1,4,0,0,0
1420,247,224,-1,2,0,0,0
1421,901,369,-1,4,0,0,0
1422,897,874,-1,7,0,0,0
1423,819,840,-1,2,0,0,0
1424,1418,1419,-1,6,0,0,0
1425,1420,1421,-1,6,0,0,0
1426,1422,1423,-1,2,0,0,0
1427,406,1090,-1,6,0,0,0
1428,934,870,-1,6,0,0,0
1429,850,358,-1,4,0,0,0
1430,880,913,-1,6,0,0,0
1431,904,-1,-1,4,0,0,0
1432,1424,1425,-1,6,0,0,0
1433,1426,1427,-1,6,0,0,0
1434,1428,1429,-1,6,0,0,0
1435,1430,1431,-1,6,0,0,0
1436,1204,912,-1,2,0,0,0
1437,1432,1433,-1,6,0,0,0
1438,1434,1435,-1,6,0,0,0
1439,1436,1310,-1,4,0,0,0
1440,1437,1438,-1,6,0,0,0
1441,1439,-1,-1,4,0,0,0
1442,1440,1441,-1,6,0,0,0
1443,16,71,-1,4,0,0,0
1444,96,130,-1,7,0,0,0
1445,190,-1,-1,4,0,0,0
1446,1443,1444,-1,4,0,0,0
1447,1445,230,-1,4,0,0,0
1448,901,228,-1,6,0,0,0
1449,339,-1,-1,7,0,0,0
1450,1446,1447,-1,6,0,0,0
1451,1448,1449,-1,4,0,0,0
1452,504,1056,-1,2,0,0,0
1453,861,915,-1,2,0,0,0
1454,414,882,-1,4,0,0,0
1455,729,-1,-1,4,0,0,0
1456,1450,1451,-1,6,0,0,0
1457,1452,1453,-1,6,0,0,0
1458,1454,1455,-1,6,0,0,0
1459,554,1202,-1,7,0,0,0
1460,888,892,-1,6,0,0,0
1461,1287,752,-1,6,0,0,0
1462,1456,1457,-1,6,0,0,0
1463,1458,1459,-1,4,0,0,0
1464,1460,1461,-1,6,0,0,0
1465,1271,-1,-1,4,0,0,0
1466,1462,1463,-1,6,0,0,0
1467,1464,1465,-1,6,0,0,0
1468,1466,1467,-1,6,0,0,0
1469,81,-1,-1,4,0,0,0
1470,1469,-1,-1,4,0,0,0
1471,1470,918,-1,4,0,0,0
1472,921,923,-1,4,0,0,0
1473,207,-1,-1,4,0,0,0
1474,1473,925,-1,4,0,0,0
1475,209,-1,-1,4,0,0,0
1476,1475,926,-1,4,0,0,0
1477,213,-1,-1,7,0,0,0
1478,1477,928,-1,2,0,0,0
1479,214,-1,-1,4,0,0,0
1480,1479,930,-1,4,0,0,0
1481,232,-1,-1,7,0,0,0
1482,1481,941,-1,2,0,0,0
1483,85,-1,-1,4,0,0,0
1484,1483,-1,-1,4,0,0,0
1485,1484,943,-1,4,0,0,0
1486,176,-1,-1,4,0,0,0
1487,1486,-1,-1,4,0,0,0
1488,1487,945,-1,4,0,0,0
1489,947,948,-1,4,0,0,0
1490,240,-1,-1,4,0,0,0
1491,1490,950,-1,6,0,0,0
1492,242,-1,-1,4,0,0,0
1493,1492,952,-1,6,0,0,0
1494,249,-1,-1,4,0,0,0
1495,1494,954,-1,6,0,0,0
1496,90,-1,-1,4,0,0,0
1497,1496,-1,-1,4,0,0,0
1498,1497,961,-1,4,0,0,0
1499,270,-1,-1,4,0,0,0
1500,1499,971,-1,6,0,0,0
1501,179,-1,-1,4,0,0,0
1502,1501,-1,-1,4,0,0,0
1503,1502,-1,-1,4,0,0,0
1504,1503,983,-1,4,0,0,0
1505,186,-1,-1,4,0,0,0
1506,1505,-1,-1,4,0,0,0
1507,1506,986,-1,6,0,0,0
1508,223,-1,-1,4,0,0,0
1509,1508,988,-1,6,0,0,0
1510,301,-1,-1,4,0,0,0
1511,1510,994,-1,6,0,0,0
1512,323,1004,-1,6,0,0,0
1513,87,-1,-1,4,0,0,0
1514,1513,-1,-1,4,0,0,0
1515,1514,1011,-1,4,0,0,0
1516,183,-1,-1,4,0,0,0
1517,1516,-1,-1,4,0,0,0
1518,1517,1025,-1,4,0,0,0
1519,277,-1,-1,4,0,0,0
1520,1519,-1,-1,4,0,0,0
1521,1520,1495,-1,4,0,0,0
1522,220,-1,-1,4,0,0,0
1523,1522,1027,-1,4,0,0,0
1524,365,-1,-1,4,0,0,0
1525,1524,1037,-1,4,0,0,0
1526,395,-1,-1,4,0,0,0
1527,1526,1052,-1,4,0,0,0
1528,116,-1,-1,4,0,0,0
1529,1528,-1,-1,4,0,0,0
1530,1529,1054,-1,4,0,0,0
1531,1056,1057,-1,6,0,0,0
1532,98,-1,-1,4,0,0,0
1533,1532,-1,-1,4,0,0,0
1534,1533,-1,-1,4,0,0,0
1535,1534,1480,-1,6,0,0,0
1536,276,-1,-1,4,0,0,0
1537,1536,1066,-1,4,0,0,0
1538,159,164,-1,6,0,0,0
1539,1538,225,-1,4,0,0,0
1540,229,211,-1,6,0,0,0
1541,259,424,-1,2,0,0,0
1542,425,310,-1,6,0,0,0
1543,1539,1540,-1,6,0,0,0
1544,1541,1542,-1,6,0,0,0
1545,1067,1068,-1,6,0,0,0
1546,430,1070,-1,7,0,0,0
1547,337,433,-1,2,0,0,0
1548,435,1072,-1,7,0,0,0
1549,1074,1018,-1,4,0,0,0
1550,439,1076,-1,6,0,0,0
1551,1077,447,-1,2,0,0,0
1552,1543,1544,-1,6,0,0,0
1553,1545,1546,-1,4,0,0,0
1554,1547,1548,-1,4,0,0,0
1555,1549,1550,-1,6,0,0,0
1556,1551,427,-1,6,0,0,0
1557,1078,1080,-1,2,0,0,0
1558,1083,1084,-1,6,0,0,0
1559,1552,1553,-1,6,0,0,0
1560,1554,1555,-1,6,0,0,0
1561,1556,1557,-1,6,0,0,0
1562,1558,-1,-1,4,0,0,0
1563,1559,1560,-1,6,0,0,0
1564,1561,1562,-1,6,0,0,0
1565,1563,1564,-1,6,0,0,0
1566,47,-1,-1,4,0,0,0
1567,1566,-1,-1,4,0,0,0
1568,1567,1086,-1,4,0,0,0
1569,1090,460,-1,6,0,0,0
1570,462,-1,-1,4,0,0,0
1571,1570,1092,-1,6,0,0,0
1572,392,-1,-1,4,0,0,0
1573,1572,1102,-1,4,0,0,0
1574,482,1107,-1,6,0,0,0
1575,1121,1123,-1,6,0,0,0
1576,403,-1,-1,4,0,0,0
1577,1576,1129,-1,4,0,0,0
1578,6,77,-1,7,0,0,0
1579,97,189,-1,4,0,0,0
1580,1578,1579,-1,2,0,0,0
1581,480,467,-1,6,0,0,0
1582,535,536,-1,2,0,0,0
1583,539,545,-1,7,0,0,0
1584,1580,1581,-1,6,0,0,0
1585,1582,1583,-1,4,0,0,0
1586,984,1140,-1,2,0,0,0
1587,1142,368,-1,2,0,0,0
1588,1584,1585,-1,6,0,0,0
1589,1586,1587,-1,6,0,0,0
1590,1138,542,-1,7,0,0,0
1591,1144,1146,-1,4,0,0,0
1592,1476,-1,-1,7,0,0,0
1593,1588,1589,-1,6,0,0,0
1594,1590,1591,-1,2,0,0,0
1595,1592,-1,-1,7,0,0,0
1596,1593,1594,-1,6,0,0,0
1597,1595,-1,-1,7,0,0,0
1598,1596,1597,-1,4,0,0,0
1599,25,63,-1,7,0,0,0
1600,80,121,-1,2,0,0,0
1601,135,188,-1,2,0,0,0
1602,1599,1600,-1,2,0,0,0
1603,1601,241,-1,4,0,0,0
1604,331,198,-1,2,0,0,0
1605,243,343,-1,7,0,0,0
1606,512,479,-1,4,0,0,0
1607,296,546,-1,7,0,0,0
1608,547,549,-1,6,0,0,0
1609,1602,1603,-1,6,0,0,0
1610,1604,1605,-1,4,0,0,0
1611,1606,1607,-1,4,0,0,0
1612,1608,219,-1,6,0,0,0
1613,925,1068,-1,7,0,0,0
1614,1148,439,-1,6,0,0,0
1615,990,551,-1,4,0,0,0
1616,1609,1610,-1,6,0,0,0
1617,1611,1612,-1,6,0,0,0
1618,1613,1614,-1,2,0,0,0
1619,1615,1154,-1,6,0,0,0
1620,1106,1500,-1,6,0,0,0
1621,1616,1617,-1,6,0,0,0
1622,1618,1619,-1,6,0,0,0
1623,1620,1152,-1,6,0,0,0
1624,1621,1622,-1,6,0,0,0
1625,1623,-1,-1,4,0,0,0
1626,1624,1625,-1,6,0,0,0
1627,566,-1,-1,7,0,0,0
1628,1627,-1,-1,7,0,0,0
1629,1628,1495,-1,2,0,0,0
1630,567,-1,-1,4,0,0,0
1631,1630,-1,-1,4,0,0,0
1632,1631,1160,-1,4,0,0,0
1633,428,-1,-1,4,0,0,0
1634,1633,1162,-1,6,0,0,0
1635,440,-1,-1,4,0,0,0
1636,1635,1164,-1,6,0,0,0
1637,168,-1,-1,4,0,0,0
1638,1637,-1,-1,4,0,0,0
1639,1638,-1,-1,4,0,0,0
1640,1639,1168,-1,4,0,0,0
1641,521,-1,-1,4,0,0,0
1642,1641,-1,-1,4,0,0,0
1643,1642,1181,-1,4,0,0,0
1644,0,28,-1,2,0,0,0
1645,49,50,-1,6,0,0,0
1646,59,76,-1,6,0,0,0
1647,127,-1,-1,7,0,0,0
1648,1644,1645,-1,6,0,0,0
1649,1646,1647,-1,4,0,0,0
1650,198,287,-1,4,0,0,0
1651,608,609,-1,6,0,0,0
1652,201,-1,-1,4,0,0,0
1653,1648,1649,-1,6,0,0,0
1654,1650,1651,-1,6,0,0,0
1655,1652,607,-1,6,0,0,0
1656,561,384,-1,4,0,0,0
1657,473,611,-1,4,0,0,0
1658,1653,1654,-1,6,0,0,0
1659,1655,1656,-1,6,0,0,0
1660,1657,1121,-1,4,0,0,0
1661,1187,1181,-1,6,0,0,0
1662,1080,1192,-1,2,0,0,0
1663,1194,1195,-1,2,0,0,0
1664,1658,1659,-1,6,0,0,0
1665,1660,1661,-1,6,0,0,0
1666,1662,1663,-1,6,0,0,0
1667,1189,-1,-1,4,0,0,0
1668,1664,1665,-1,6,0,0,0
1669,1666,1667,-1,6,0,0,0
1670,1668,1669,-1,6,0,0,0
1671,275,-1,-1,4,0,0,0
1672,1671,-1,-1,4,0,0,0
1673,1672,1199,-1,4,0,0,0
1674,653,-1,-1,4,0,0,0
1675,1674,1211,-1,6,0,0,0
1676,195,-1,-1,4,0,0,0
1677,1676,-1,-1,4,0,0,0
1678,1677,1215,-1,4,0,0,0
1679,671,-1,-1,4,0,0,0
1680,1679,-1,-1,4,0,0,0
1681,1680,1218,-1,4,0,0,0
1682,21,52,-1,6,0,0,0
1683,54,70,-1,4,0,0,0
1684,91,-1,-1,4,0,0,0
1685,1682,1683,-1,6,0,0,0
1686,1684,274,-1,4,0,0,0
1687,350,259,-1,6,0,0,0
1688,258,454,-1,6,0,0,0
1689,662,608,-1,2,0,0,0
1690,485,685,-1,7,0,0,0
1691,689,476,-1,2,0,0,0
1692,316,-1,-1,4,0,0,0
1693,1685,1686,-1,6,0,0,0
1694,1687,1688,-1,6,0,0,0
1695,1689,1690,-1,4,0,0,0
1696,1691,1692,-1,6,0,0,0
1697,577,1015,-1,6,0,0,0
1698,642,691,-1,7,0,0,0
1699,693,-1,-1,7,0,0,0
1700,1693,1694,-1,6,0,0,0
1701,1695,1696,-1,6,0,0,0
1702,1697,1698,-1,4,0,0,0
1703,1699,614,-1,2,0,0,0
1704,1233,1154,-1,2,0,0,0
1705,1700,1701,-1,6,0,0,0
1706,1702,1703,-1,6,0,0,0
1707,1704,688,-1,6,0,0,0
1708,1235,1238,-1,4,0,0,0
1709,1705,1706,-1,6,0,0,0
1710,1707,1708,-1,6,0,0,0
1711,1709,1710,-1,6,0,0,0
1712,3,42,-1,4,0,0,0
1713,119,-1,-1,7,0,0,0
1714,1712,1713,-1,4,0,0,0
1715,195,331,-1,4,0,0,0
1716,334,437,-1,6,0,0,0
1717,490,609,-1,7,0,0,0
1718,410,-1,-1,4,0,0,0
1719,1714,1715,-1,6,0,0,0
1720,1716,1717,-1,4,0,0,0
1721,1718,988,-1,6,0,0,0
1722,1037,938,-1,7,0,0,0
1723,1107,700,-1,2,0,0,0
1724,389,701,-1,2,0,0,0
1725,1719,1720,-1,6,0,0,0
1726,1721,1722,-1,4,0,0,0
1727,1723,1724,-1,6,0,0,0
1728,1178,1241,-1,6,0,0,0
1729,1050,1243,-1,7,0,0,0
1730,992,1249,-1,4,0,0,0
1731,1725,1726,-1,6,0,0,0
1732,1727,1728,-1,6,0,0,0
1733,1729,1730,-1,2,0,0,0
1734,1247,-1,-1,7,0,0,0
1735,1731,1732,-1,6,0,0,0
1736,1733,1734,-1,4,0,0,0
1737,1735,1736,-1,6,0,0,0
1738,78,-1,-1,4,0,0,0
1739,1738,-1,-1,4,0,0,0
1740,1739,-1,-1,4,0,0,0
1741,1740,1482,-1,6,0,0,0
1742,1254,-1,-1,4,0,0,0
1743,1742,-1,-1,4,0,0,0
1744,1743,714,-1,6,0,0,0
1745,536,-1,-1,4,0,0,0
1746,1745,1260,-1,6,0,0,0
1747,19,33,-1,6,0,0,0
1748,75,153,-1,4,0,0,0
1749,155,156,-1,7,0,0,0
1750,1747,1748,-1,6,0,0,0
1751,1749,466,-1,7,0,0,0
1752,564,319,-1,6,0,0,0
1753,224,709,-1,6,0,0,0
1754,736,629,-1,4,0,0,0
1755,1750,1751,-1,4,0,0,0
1756,1752,1753,-1,6,0,0,0
1757,1754,720,-1,6,0,0,0
1758,735,928,-1,6,0,0,0
1759,516,723,-1,4,0,0,0
1760,997,1148,-1,6,0,0,0
1761,1076,478,-1,4,0,0,0
1762,968,-1,-1,7,0,0,0
1763,1755,1756,-1,6,0,0,0
1764,1757,1758,-1,6,0,0,0
1765,1759,1760,-1,6,0,0,0
1766,1761,1762,-1,4,0,0,0
1767,1267,-1,-1,7,0,0,0
1768,1763,1764,-1,6,0,0,0
1769,1765,1766,-1,6,0,0,0
1770,1767,1264,-1,7,0,0,0
1771,1681,-1,-1,4,0,0,0
1772,1768,1769,-1,6,0,0,0
1773,1770,1771,-1,2,0,0,0
1774,1772,1773,-1,6,0,0,0
1775,32,33,-1,7,0,0,0
1776,122,-1,-1,7,0,0,0
1777,1775,1776,-1,7,0,0,0
1778,361,530,-1,4,0,0,0
1779,371,379,-1,7,0,0,0
1780,671,605,-1,4,0,0,0
1781,567,739,-1,6,0,0,0
1782,725,740,-1,7,0,0,0
1783,741,742,-1,2,0,0,0
1784,1777,1778,-1,2,0,0,0
1785,1779,1780,-1,2,0,0,0
1786,1781,1782,-1,4,0,0,0
1787,1783,558,-1,6,0,0,0
1788,625,738,-1,4,0,0,0
1789,1784,1785,-1,6,0,0,0
1790,1786,1787,-1,6,0,0,0
1791,1788,1111,-1,6,0,0,0
1792,1097,749,-1,2,0,0,0
1793,534,752,-1,2,0,0,0
1794,1789,1790,-1,6,0,0,0
1795,1791,1792,-1,6,0,0,0
1796,1793,746,-1,6,0,0,0
1797,1235,1675,-1,7,0,0,0
1798,1794,1795,-1,6,0,0,0
1799,1796,1797,-1,4,0,0,0
1800,1798,1799,-1,6,0,0,0
1801,762,-1,-1,4,0,0,0
1802,1801,1281,-1,6,0,0,0
1803,2,41,-1,2,0,0,0
1804,89,95,-1,2,0,0,0
1805,102,105,-1,2,0,0,0
1806,167,-1,-1,4,0,0,0
1807,1803,1804,-1,6,0,0,0
1808,1805,1806,-1,6,0,0,0
1809,195,423,-1,6,0,0,0
1810,521,261,-1,4,0,0,0
1811,671,436,-1,2,0,0,0
1812,264,232,-1,7,0,0,0
1813,767,740,-1,7,0,0,0
1814,1807,1808,-1,6,0,0,0
1815,1809,1810,-1,6,0,0,0
1816,1811,1812,-1,4,0,0,0
1817,1813,282,-1,7,0,0,0
1818,1129,1016,-1,6,0,0,0
1819,965,772,-1,2,0,0,0
1820,1814,1815,-1,6,0,0,0
1821,1816,1817,-1,4,0,0,0
1822,1818,1819,-1,6,0,0,0
1823,1285,1287,-1,2,0,0,0
1824,1194,1569,-1,6,0,0,0
1825,1820,1821,-1,6,0,0,0
1826,1822,1823,-1,6,0,0,0
1827,1824,-1,-1,4,0,0,0
1828,1825,1826,-1,6,0,0,0
1829,1827,-1,-1,4,0,0,0
1830,1828,1829,-1,6,0,0,0
1831,783,-1,-1,4,0,0,0
1832,1831,-1,-1,4,0,0,0
1833,1832,1293,-1,6,0,0,0
1834,794,-1,-1,4,0,0,0
1835,1834,1298,-1,6,0,0,0
1836,107,120,-1,6,0,0,0
1837,1836,246,-1,6,0,0,0
1838,205,274,-1,6,0,0,0
1839,243,207,-1,6,0,0,0
1840,589,671,-1,6,0,0,0
1841,590,757,-1,2,0,0,0
1842,213,-1,-1,4,0,0,0
1843,1837,1838,-1,6,0,0,0
1844,1839,1840,-1,6,0,0,0
1845,1841,1842,-1,6,0,0,0
1846,421,655,-1,6,0,0,0
1847,473,797,-1,4,0,0,0
1848,447,-1,-1,4,0,0,0
1849,1843,1844,-1,6,0,0,0
1850,1845,1846,-1,6,0,0,0
1851,1847,1848,-1,6,0,0,0
1852,1199,1568,-1,6,0,0,0
1853,800,1300,-1,6,0,0,0
1854,1132,1303,-1,6,0,0,0
1855,1119,-1,-1,4,0,0,0
1856,1849,1850,-1,6,0,0,0
1857,1851,1852,-1,6,0,0,0
1858,1853,1854,-1,6,0,0,0
1859,1855,-1,-1,4,0,0,0
1860,1856,1857,-1,6,0,0,0
1861,1858,1859,-1,6,0,0,0
1862,1860,1861,-1,6,0,0,0
1863,30,55,-1,6,0,0,0
1864,156,158,-1,2,0,0,0
1865,1863,1864,-1,6,0,0,0
1866,371,507,-1,7,0,0,0
1867,338,233,-1,2,0,0,0
1868,645,-1,-1,4,0,0,0
1869,1865,1866,-1,4,0,0,0
1870,1867,1868,-1,6,0,0,0
1871,716,804,-1,7,0,0,0
1872,412,806,-1,4,0,0,0
1873,808,295,-1,2,0,0,0
1874,772,1184,-1,6,0,0,0
1875,1869,1870,-1,6,0,0,0
1876,1871,1872,-1,2,0,0,0
1877,1873,1874,-1,6,0,0,0
1878,1168,1138,-1,7,0,0,0
1879,1296,-1,-1,7,0,0,0
1880,1875,1876,-1,6,0,0,0
1881,1877,1878,-1,4,0,0,0
1882,1879,640,-1,2,0,0,0
1883,1306,-1,-1,7,0,0,0
1884,1880,1881,-1,6,0,0,0
1885,1882,1883,-1,4,0,0,0
1886,1884,1885,-1,6,0,0,0
1887,115,139,-1,6,0,0,0
1888,148,163,-1,7,0,0,0
1889,178,184,-1,7,0,0,0
1890,1887,1888,-1,4,0,0,0
1891,1889,258,-1,2,0,0,0
1892,256,609,-1,7,0,0,0
1893,520,-1,-1,7,0,0,0
1894,1890,1891,-1,6,0,0,0
1895,1892,1893,-1,7,0,0,0
1896,945,504,-1,2,0,0,0
1897,1037,430,-1,4,0,0,0
1898,1142,809,-1,6,0,0,0
1899,1104,1307,-1,6,0,0,0
1900,815,-1,-1,4,0,0,0
1901,1894,1895,-1,4,0,0,0
1902,1896,1897,-1,6,0,0,0
1903,1898,1899,-1,6,0,0,0
1904,1900,696,-1,6,0,0,0
1905,1224,811,-1,2,0,0,0
1906,813,-1,-1,4,0,0,0
1907,1901,1902,-1,6,0,0,0
1908,1903,1904,-1,6,0,0,0
1909,1905,1906,-1,6,0,0,0
1910,1238,1258,-1,4,0,0,0
1911,1907,1908,-1,6,0,0,0
1912,1909,1910,-1,6,0,0,0
1913,1911,1912,-1,6,0,0,0
1914,24,-1,-1,7,0,0,0
1915,1914,401,-1,7,0,0,0
1916,364,350,-1,4,0,0,0
1917,824,825,-1,7,0,0,0
1918,754,-1,-1,7,0,0,0
1919,1915,1916,-1,2,0,0,0
1920,1917,1918,-1,7,0,0,0
1921,774,326,-1,7,0,0,0
1922,604,519,-1,6,0,0,0
1923,626,1253,-1,7,0,0,0
1924,501,827,-1,7,0,0,0
1925,394,1307,-1,7,0,0,0
1926,1919,1920,-1,4,0,0,0
1927,1921,1922,-1,2,0,0,0
1928,1923,1924,-1,7,0,0,0
1929,1925,650,-1,7,0,0,0
1930,829,1219,-1,7,0,0,0
1931,1285,-1,-1,7,0,0,0
1932,1926,1927,-1,6,0,0,0
1933,1928,1929,-1,7,0,0,0
1934,1930,1931,-1,7,0,0,0
1935,1643,832,-1,2,0,0,0
1936,1310,1835,-1,4,0,0,0
1937,1932,1933,-1,4,0,0,0
1938,1934,1935,-1,2,0,0,0
1939,1936,-1,-1,4,0,0,0
1940,1937,1938,-1,6,0,0,0
1941,1939,-1,-1,4,0,0,0
1942,1940,1941,-1,6,0,0,0
1943,12,24,-1,6,0,0,0
1944,31,76,-1,2,0,0,0
1945,147,-1,-1,7,0,0,0
1946,1943,1944,-1,6,0,0,0
1947,1945,235,-1,2,0,0,0
1948,231,327,-1,6,0,0,0
1949,470,437,-1,4,0,0,0
1950,424,204,-1,6,0,0,0
1951,763,846,-1,2,0,0,0
1952,851,676,-1,6,0,0,0
1953,1946,1947,-1,6,0,0,0
1954,1948,1949,-1,6,0,0,0
1955,1950,1951,-1,6,0,0,0
1956,1952,600,-1,6,0,0,0
1957,716,298,-1,4,0,0,0
1958,382,1015,-1,2,0,0,0
1959,766,615,-1,2,0,0,0
1960,1255,848,-1,4,0,0,0
1961,850,-1,-1,4,0,0,0
1962,1953,1954,-1,6,0,0,0
1963,1955,1956,-1,6,0,0,0
1964,1957,1958,-1,6,0,0,0
1965,1959,1960,-1,6,0,0,0
1966,1961,1111,-1,4,0,0,0
1967,1215,1315,-1,7,0,0,0
1968,1303,-1,-1,4,0,0,0
1969,1962,1963,-1,6,0,0,0
1970,1964,1965,-1,6,0,0,0
1971,1966,1967,-1,4,0,0,0
1972,1968,1264,-1,4,0,0,0
1973,528,-1,-1,7,0,0,0
1974,1969,1970,-1,6,0,0,0
1975,1971,1972,-1,6,0,0,0
1976,1973,-1,-1,7,0,0,0
1977,1974,1975,-1,6,0,0,0
1978,1976,-1,-1,7,0,0,0
1979,1977,1978,-1,4,0,0,0
1980,10,35,-1,6,0,0,0
1981,61,115,-1,4,0,0,0
1982,121,160,-1,4,0,0,0
1983,1980,1981,-1,6,0,0,0
1984,1982,221,-1,4,0,0,0
1985,205,392,-1,7,0,0,0
1986,212,211,-1,2,0,0,0
1987,857,280,-1,4,0,0,0
1988,862,726,-1,4,0,0,0
1989,1983,1984,-1,6,0,0,0
1990,1985,1986,-1,2,0,0,0
1991,1987,1988,-1,6,0,0,0
1992,475,859,-1,4,0,0,0
1993,957,861,-1,4,0,0,0
1994,691,839,-1,4,0,0,0
1995,864,-1,-1,7,0,0,0
1996,1989,1990,-1,6,0,0,0
1997,1991,1992,-1,6,0,0,0
1998,1993,1994,-1,6,0,0,0
1999,1995,1279,-1,2,0,0,0
2000,1574,-1,-1,7,0,0,0
2001,1996,1997,-1,6,0,0,0
2002,1998,1999,-1,6,0,0,0
2003,2000,1629,-1,7,0,0,0
2004,2001,2002,-1,6,0,0,0
2005,2003,-1,-1,7,0,0,0
2006,2004,2005,-1,4,0,0,0
2007,1095,-1,-1,4,0,0,0
2008,2007,1340,-1,6,0,0,0
2009,28,116,-1,4,0,0,0
2010,186,-1,-1,4,0,0,0
2011,2009,2010,-1,6,0,0,0
2012,349,312,-1,7,0,0,0
2013,450,685,-1,7,0,0,0
2014,342,741,-1,7,0,0,0
2015,2011,2012,-1,4,0,0,0
2016,2013,2014,-1,7,0,0,0
2017,572,936,-1,2,0,0,0
2018,928,1025,-1,4,0,0,0
2019,636,785,-1,2,0,0,0
2020,595,873,-1,4,0,0,0
2021,778,864,-1,2,0,0,0
2022,2015,2016,-1,4,0,0,0
2023,2017,2018,-1,6,0,0,0
2024,2019,2020,-1,6,0,0,0
2025,2021,698,-1,4,0,0,0
2026,788,1227,-1,7,0,0,0
2027,2022,2023,-1,6,0,0,0
2028,2024,2025,-1,6,0,0,0
2029,2026,1521,-1,2,0,0,0
2030,1632,-1,-1,7,0,0,0
2031,2027,2028,-1,6,0,0,0
2032,2029,2030,-1,4,0,0,0
2033,2031,2032,-1,6,0,0,0
2034,19,22,-1,4,0,0,0
2035,101,117,-1,6,0,0,0
2036,143,-1,-1,7,0,0,0
2037,2034,2035,-1,6,0,0,0
2038,2036,372,-1,7,0,0,0
2039,334,207,-1,7,0,0,0
2040,307,874,-1,6,0,0,0
2041,875,-1,-1,7,0,0,0
2042,2037,2038,-1,4,0,0,0
2043,2039,2040,-1,2,0,0,0
2044,2041,921,-1,7,0,0,0
2045,954,986,-1,7,0,0,0
2046,482,375,-1,4,0,0,0
2047,492,859,-1,4,0,0,0
2048,802,848,-1,6,0,0,0
2049,806,693,-1,6,0,0,0
2050,877,808,-1,4,0,0,0
2051,1170,-1,-1,4,0,0,0
2052,2042,2043,-1,6,0,0,0
2053,2044,2045,-1,7,0,0,0
2054,2046,2047,-1,6,0,0,0
2055,2048,2049,-1,6,0,0,0
2056,2050,2051,-1,6,0,0,0
2057,1202,800,-1,2,0,0,0
2058,1313,1196,-1,6,0,0,0
2059,1243,1183,-1,7,0,0,0
2060,2052,2053,-1,4,0,0,0
2061,2054,2055,-1,6,0,0,0
2062,2056,2057,-1,6,0,0,0
2063,2058,2059,-1,4,0,0,0
2064,1342,-1,-1,4,0,0,0
2065,2060,2061,-1,6,0,0,0
2066,2062,2063,-1,6,0,0,0
2067,2064,-1,-1,4,0,0,0
2068,2065,2066,-1,6,0,0,0
2069,2067,-1,-1,4,0,0,0
2070,2068,2069,-1,6,0,0,0
2071,4,26,-1,6,0,0,0
2072,2071,401,-1,6,0,0,0
2073,422,483,-1,2,0,0,0
2074,409,229,-1,6,0,0,0
2075,440,196,-1,7,0,0,0
2076,402,767,-1,6,0,0,0
2077,846,-1,-1,7,0,0,0
2078,2072,2073,-1,6,0,0,0
2079,2074,2075,-1,4,0,0,0
2080,2076,2077,-1,4,0,0,0
2081,720,859,-1,6,0,0,0
2082,1213,1000,-1,6,0,0,0
2083,842,880,-1,4,0,0,0
2084,2078,2079,-1,6,0,0,0
2085,2080,2081,-1,6,0,0,0
2086,2082,2083,-1,6,0,0,0
2087,1168,1274,-1,7,0,0,0
2088,1525,-1,-1,4,0,0,0
2089,2084,2085,-1,6,0,0,0
2090,2086,2087,-1,4,0,0,0
2091,2088,1673,-1,4,0,0,0
2092,868,1575,-1,6,0,0,0
2093,2089,2090,-1,6,0,0,0
2094,2091,2092,-1,6,0,0,0
2095,2093,2094,-1,6,0,0,0
2096,764,-1,-1,4,0,0,0
2097,2096,1344,-1,6,0,0,0
2098,29,86,-1,6,0,0,0
2099,126,140,-1,2,0,0,0
2100,152,-1,-1,4,0,0,0
2101,2098,2099,-1,6,0,0,0
2102,2100,378,-1,6,0,0,0
2103,708,512,-1,6,0,0,0
2104,517,767,-1,6,0,0,0
2105,591,893,-1,6,0,0,0
2106,2101,2102,-1,6,0,0,0
2107,2103,2104,-1,6,0,0,0
2108,2105,531,-1,6,0,0,0
2109,298,770,-1,4,0,0,0
2110,700,1051,-1,4,0,0,0
2111,1277,890,-1,2,0,0,0
2112,2106,2107,-1,6,0,0,0
2113,2108,2109,-1,6,0,0,0
2114,2110,2111,-1,6,0,0,0
2115,892,1116,-1,6,0,0,0
2116,885,1375,-1,6,0,0,0
2117,2112,2113,-1,6,0,0,0
2118,2114,2115,-1,6,0,0,0
2119,2116,-1,-1,4,0,0,0
2120,2117,2118,-1,6,0,0,0
2121,2119,-1,-1,4,0,0,0
2122,2120,2121,-1,6,0,0,0
2123,82,-1,-1,4,0,0,0
2124,2123,-1,-1,4,0,0,0
2125,2124,-1,-1,4,0,0,0
2126,2125,1471,-1,4,0,0,0
2127,3,109,-1,4,0,0,0
2128,136,147,-1,6,0,0,0
2129,160,-1,-1,4,0,0,0
2130,2127,2128,-1,6,0,0,0
2131,2129,708,-1,6,0,0,0
2132,407,403,-1,6,0,0,0
2133,275,264,-1,2,0,0,0
2134,547,455,-1,2,0,0,0
2135,2130,2131,-1,6,0,0,0
2136,2132,2133,-1,6,0,0,0
2137,2134,219,-1,6,0,0,0
2138,932,583,-1,4,0,0,0
2139,877,1077,-1,7,0,0,0
2140,809,900,-1,2,0,0,0
2141,2135,2136,-1,6,0,0,0
2142,2137,2138,-1,6,0,0,0
2143,2139,2140,-1,2,0,0,0
2144,1267,1478,-1,2,0,0,0
2145,1195,-1,-1,4,0,0,0
2146,2141,2142,-1,6,0,0,0
2147,2143,2144,-1,6,0,0,0
2148,2145,2126,-1,6,0,0,0
2149,2146,2147,-1,6,0,0,0
2150,2148,-1,-1,4,0,0,0
2151,2149,2150,-1,6,0,0,0
2152,66,74,-1,7,0,0,0
2153,143,173,-1,4,0,0,0
2154,177,-1,-1,4,0,0,0
2155,2152,2153,-1,2,0,0,0
2156,2154,248,-1,4,0,0,0
2157,289,671,-1,6,0,0,0
2158,824,490,-1,2,0,0,0
2159,901,395,-1,4,0,0,0
2160,689,592,-1,7,0,0,0
2161,675,644,-1,7,0,0,0
2162,2155,2156,-1,6,0,0,0
2163,2157,2158,-1,6,0,0,0
2164,2159,2160,-1,4,0,0,0
2165,2161,330,-1,2,0,0,0
2166,1162,823,-1,4,0,0,0
2167,1086,873,-1,2,0,0,0
2168,903,-1,-1,7,0,0,0
2169,2162,2163,-1,6,0,0,0
2170,2164,2165,-1,6,0,0,0
2171,2166,2167,-1,6,0,0,0
2172,2168,704,-1,7,0,0,0
2173,1577,-1,-1,7,0,0,0
2174,2169,2170,-1,6,0,0,0
2175,2171,2172,-1,4,0,0,0
2176,2173,2097,-1,7,0,0,0
2177,2008,-1,-1,7,0,0,0
2178,2174,2175,-1,6,0,0,0
2179,2176,2177,-1,7,0,0,0
2180,2178,2179,-1,4,0,0,0
2181,39,44,-1,4,0,0,0
2182,68,106,-1,2,0,0,0
2183,2181,2182,-1,6,0,0,0
2184,250,235,-1,2,0,0,0
2185,365,289,-1,2,0,0,0
2186,484,367,-1,4,0,0,0
2187,627,387,-1,6,0,0,0
2188,707,-1,-1,7,0,0,0
2189,2183,2184,-1,6,0,0,0
2190,2185,2186,-1,6,0,0,0
2191,2187,2188,-1,4,0,0,0
2192,285,672,-1,2,0,0,0
2193,668,516,-1,6,0,0,0
2194,957,354,-1,6,0,0,0
2195,853,790,-1,2,0,0,0
2196,815,-1,-1,4,0,0,0
2197,2189,2190,-1,6,0,0,0
2198,2191,2192,-1,6,0,0,0
2199,2193,2194,-1,6,0,0,0
2200,2195,2196,-1,6,0,0,0
2201,1224,1381,-1,6,0,0,0
2202,1489,845,-1,6,0,0,0
2203,2197,2198,-1,6,0,0,0
2204,2199,2200,-1,6,0,0,0
2205,2201,2202,-1,6,0,0,0
2206,1342,1152,-1,7,0,0,0
2207,2203,2204,-1,6,0,0,0
2208,2205,2206,-1,4,0,0,0
2209,2207,2208,-1,6,0,0,0
2210,29,53,-1,4,0,0,0
2211,155,158,-1,7,0,0,0
2212,2210,2211,-1,4,0,0,0
2213,477,253,-1,6,0,0,0
2214,237,261,-1,7,0,0,0
2215,634,239,-1,4,0,0,0
2216,370,883,-1,7,0,0,0
2217,905,-1,-1,4,0,0,0
2218,2212,2213,-1,6,0,0,0
2219,2214,2215,-1,2,0,0,0
2220,2216,2217,-1,2,0,0,0
2221,1054,1066,-1,2,0,0,0
2222,720,998,-1,7,0,0,0
2223,903,904,-1,4,0,0,0
2224,398,-1,-1,7,0,0,0
2225,2218,2219,-1,6,0,0,0
2226,2220,2221,-1,6,0,0,0
2227,2222,2223,-1,2,0,0,0
2228,2224,650,-1,2,0,0,0
2229,585,811,-1,4,0,0,0
2230,2225,2226,-1,6,0,0,0
2231,2227,2228,-1,6,0,0,0
2232,2229,1504,-1,4,0,0,0
2233,1833,-1,-1,4,0,0,0
2234,2230,2231,-1,6,0,0,0
2235,2232,2233,-1,6,0,0,0
2236,2234,2235,-1,6,0,0,0
2237,1,5,-1,7,0,0,0
2238,48,97,-1,7,0,0,0
2239,117,124,-1,6,0,0,0
2240,2237,2238,-1,7,0,0,0
2241,2239,290,-1,6,0,0,0
2242,216,272,-1,7,0,0,0
2243,247,736,-1,7,0,0,0
2244,202,-1,-1,4,0,0,0
2245,2240,2241,-1,2,0,0,0
2246,2242,2243,-1,7,0,0,0
2247,2244,723,-1,4,0,0,0
2248,636,1127,-1,2,0,0,0
2249,797,679,-1,6,0,0,0
2250,1103,900,-1,7,0,0,0
2251,2245,2246,-1,4,0,0,0
2252,2247,2248,-1,6,0,0,0
2253,2249,2250,-1,4,0,0,0
2254,908,1511,-1,4,0,0,0
2255,1531,1375,-1,7,0,0,0
2256,2251,2252,-1,6,0,0,0
2257,2253,2254,-1,6,0,0,0
2258,2255,-1,-1,7,0,0,0
2259,2256,2257,-1,6,0,0,0
2260,2258,-1,-1,7,0,0,0
2261,2259,2260,-1,4,0,0,0
2262,20,114,-1,2,0,0,0
2263,121,127,-1,7,0,0,0
2264,179,191,-1,7,0,0,0
2265,2262,2263,-1,4,0,0,0
2266,2264,212,-1,7,0,0,0
2267,309,313,-1,4,0,0,0
2268,680,292,-1,7,0,0,0
2269,851,893,-1,7,0,0,0
2270,905,-1,-1,7,0,0,0
2271,2265,2266,-1,4,0,0,0
2272,2267,2268,-1,4,0,0,0
2273,2269,2270,-1,7,0,0,0
2274,1027,572,-1,7,0,0,0
2275,488,538,-1,2,0,0,0
2276,337,495,-1,2,0,0,0
2277,866,910,-1,7,0,0,0
2278,827,651,-1,4,0,0,0
2279,2271,2272,-1,6,0,0,0
2280,2273,2274,-1,7,0,0,0
2281,2275,2276,-1,6,0,0,0
2282,2277,2278,-1,2,0,0,0
2283,1100,912,-1,7,0,0,0
2284,1378,-1,-1,7,0,0,0
2285,2279,2280,-1,4,0,0,0
2286,2281,2282,-1,6,0,0,0
2287,2283,2284,-1,7,0,0,0
2288,1802,-1,-1,4,0,0,0
2289,2285,2286,-1,6,0,0,0
2290,2287,2288,-1,2,0,0,0
2291,2289,2290,-1,6,0,0,0
2292,42,128,-1,2,0,0,0
2293,161,-1,-1,7,0,0,0
2294,2292,2293,-1,4,0,0,0
2295,241,346,-1,6,0,0,0
2296,634,436,-1,2,0,0,0
2297,507,559,-1,7,0,0,0
2298,2294,2295,-1,6,0,0,0
2299,2296,2297,-1,4,0,0,0
2300,668,923,-1,2,0,0,0
2301,514,356,-1,6,0,0,0
2302,382,834,-1,6,0,0,0
2303,1251,728,-1,2,0,0,0
2304,913,701,-1,4,0,0,0
2305,1376,953,-1,6,0,0,0
2306,2298,2299,-1,6,0,0,0
2307,2300,2301,-1,6,0,0,0
2308,2302,2303,-1,6,0,0,0
2309,2304,2305,-1,6,0,0,0
2310,1381,1113,-1,6,0,0,0
2311,1084,1415,-1,2,0,0,0
2312,2306,2307,-1,6,0,0,0
2313,2308,2309,-1,6,0,0,0
2314,2310,2311,-1,6,0,0,0
2315,2312,2313,-1,6,0,0,0
2316,2314,-1,-1,4,0,0,0
2317,2315,2316,-1,6,0,0,0
2318,2,-1,-1,4,0,0,0
2319,2318,-1,-1,4,0,0,0
2320,2319,-1,-1,4,0,0,0
2321,2320,1480,-1,6,0,0,0
2322,38,47,-1,2,0,0,0
2323,68,-1,-1,7,0,0,0
2324,2322,2323,-1,4,0,0,0
2325,216,214,-1,7,0,0,0
2326,208,217,-1,2,0,0,0
2327,211,220,-1,4,0,0,0
2328,222,224,-1,7,0,0,0
2329,227,228,-1,7,0,0,0
2330,233,234,-1,4,0,0,0
2331,2324,2325,-1,4,0,0,0
2332,2326,2327,-1,6,0,0,0
2333,2328,2329,-1,7,0,0,0
2334,2330,219,-1,6,0,0,0
2335,932,934,-1,2,0,0,0
2336,936,938,-1,6,0,0,0
2337,939,953,-1,2,0,0,0
2338,2331,2332,-1,6,0,0,0
2339,2333,2334,-1,2,0,0,0
2340,2335,2336,-1,6,0,0,0
2341,2337,1482,-1,6,0,0,0
2342,1485,1488,-1,7,0,0,0
2343,1489,1491,-1,7,0,0,0
2344,1493,-1,-1,4,0,0,0
2345,2338,2339,-1,6,0,0,0
2346,2340,2341,-1,6,0,0,0
2347,2342,2343,-1,7,0,0,0
2348,2344,-1,-1,4,0,0,0
2349,2345,2346,-1,6,0,0,0
2350,2347,2348,-1,2,0,0,0
2351,2349,2350,-1,6,0,0,0
2352,42,78,-1,7,0,0,0
2353,187,-1,-1,7,0,0,0
2354,2352,2353,-1,7,0,0,0
2355,215,246,-1,4,0,0,0
2356,247,248,-1,7,0,0,0
2357,252,255,-1,4,0,0,0
2358,199,-1,-1,7,0,0,0
2359,2354,2355,-1,2,0,0,0
2360,2356,2357,-1,2,0,0,0
2361,2358,950,-1,7,0,0,0
2362,955,957,-1,4,0,0,0
2363,959,963,-1,7,0,0,0
2364,965,966,-1,7,0,0,0
2365,919,967,-1,7,0,0,0
2366,968,969,-1,4,0,0,0
2367,970,-1,-1,4,0,0,0
2368,2359,2360,-1,6,0,0,0
2369,2361,2362,-1,2,0,0,0
2370,2363,2364,-1,7,0,0,0
2371,2365,2366,-1,2,0,0,0
2372,2367,1495,-1,4,0,0,0
2373,1498,1500,-1,7,0,0,0
2374,2368,2369,-1,6,0,0,0
2375,2370,2371,-1,2,0,0,0
2376,2372,2373,-1,4,0,0,0
2377,2374,2375,-1,6,0,0,0
2378,2376,-1,-1,4,0,0,0
2379,2377,2378,-1,6,0,0,0
2380,88,106,-1,6,0,0,0
2381,2380,271,-1,4,0,0,0
2382,272,275,-1,7,0,0,0
2383,278,280,-1,4,0,0,0
2384,291,292,-1,6,0,0,0
2385,294,-1,-1,7,0,0,0
2386,2381,2382,-1,4,0,0,0
2387,2383,2384,-1,6,0,0,0
2388,2385,973,-1,7,0,0,0
2389,975,977,-1,7,0,0,0
2390,979,981,-1,6,0,0,0
2391,282,984,-1,2,0,0,0
2392,288,990,-1,2,0,0,0
2393,295,991,-1,2,0,0,0
2394,967,-1,-1,7,0,0,0
2395,2386,2387,-1,6,0,0,0
2396,2388,2389,-1,7,0,0,0
2397,2390,2391,-1,6,0,0,0
2398,2392,2393,-1,6,0,0,0
2399,2394,1507,-1,7,0,0,0
2400,1509,992,-1,4,0,0,0
2401,1511,-1,-1,4,0,0,0
2402,2395,2396,-1,4,0,0,0
2403,2397,2398,-1,6,0,0,0
2404,2399,2400,-1,2,0,0,0
2405,2401,1504,-1,4,0,0,0
2406,2402,2403,-1,6,0,0,0
2407,2404,2405,-1,6,0,0,0
2408,2406,2407,-1,6,0,0,0
2409,1512,1006,-1,4,0,0,0
2410,327,-1,-1,4,0,0,0
2411,2410,-1,-1,4,0,0,0
2412,2411,1515,-1,6,0,0,0
2413,60,106,-1,6,0,0,0
2414,182,-1,-1,4,0,0,0
2415,2413,2414,-1,6,0,0,0
2416,331,194,-1,4,0,0,0
2417,333,308,-1,7,0,0,0
2418,335,338,-1,6,0,0,0
2419,339,342,-1,6,0,0,0
2420,347,-1,-1,4,0,0,0
2421,2415,2416,-1,6,0,0,0
2422,2417,2418,-1,2,0,0,0
2423,2419,2420,-1,6,0,0,0
2424,332,1015,-1,6,0,0,0
2425,337,1016,-1,6,0,0,0
2426,1018,1023,-1,7,0,0,0
2427,1029,-1,-1,4,0,0,0
2428,2421,2422,-1,6,0,0,0
2429,2423,2424,-1,6,0,0,0
2430,2425,2426,-1,4,0,0,0
2431,2427,1021,-1,4,0,0,0
2432,1518,1523,-1,6,0,0,0
2433,2428,2429,-1,6,0,0,0
2434,2430,2431,-1,6,0,0,0
2435,2432,1521,-1,6,0,0,0
2436,2433,2434,-1,6,0,0,0
2437,2435,-1,-1,4,0,0,0
2438,2436,2437,-1,6,0,0,0
2439,349,350,-1,6,0,0,0
2440,351,278,-1,2,0,0,0
2441,318,-1,-1,7,0,0,0
2442,2439,2440,-1,6,0,0,0
2443,2441,352,-1,7,0,0,0
2444,938,354,-1,2,0,0,0
2445,358,360,-1,2,0,0,0
2446,1034,363,-1,4,0,0,0
2447,1035,1038,-1,6,0,0,0
2448,368,1039,-1,7,0,0,0
2449,1041,1043,-1,6,0,0,0
2450,2442,2443,-1,4,0,0,0
2451,2444,2445,-1,6,0,0,0
2452,2446,2447,-1,6,0,0,0
2453,2448,2449,-1,2,0,0,0
2454,1507,1032,-1,4,0,0,0
2455,1525,1045,-1,6,0,0,0
2456,2450,2451,-1,6,0,0,0
2457,2452,2453,-1,6,0,0,0
2458,2454,2455,-1,6,0,0,0
2459,2456,2457,-1,6,0,0,0
2460,2458,-1,-1,4,0,0,0
2461,2459,2460,-1,6,0,0,0
2462,400,-1,-1,4,0,0,0
2463,2462,1530,-1,6,0,0,0
2464,1064,1537,-1,6,0,0,0
2465,16,21,-1,6,0,0,0
2466,122,127,-1,2,0,0,0
2467,129,-1,-1,4,0,0,0
2468,2465,2466,-1,6,0,0,0
2469,2467,448,-1,4,0,0,0
2470,449,450,-1,6,0,0,0
2471,380,335,-1,4,0,0,0
2472,453,200,-1,6,0,0,0
2473,455,-1,-1,7,0,0,0
2474,2468,2469,-1,6,0,0,0
2475,2470,2471,-1,6,0,0,0
2476,2472,2473,-1,4,0,0,0
2477,452,457,-1,7,0,0,0
2478,1087,1029,-1,2,0,0,0
2479,2474,2475,-1,6,0,0,0
2480,2476,2477,-1,4,0,0,0
2481,2478,1568,-1,6,0,0,0
2482,1088,1569,-1,2,0,0,0
2483,1571,-1,-1,7,0,0,0
2484,2479,2480,-1,6,0,0,0
2485,2481,2482,-1,6,0,0,0
2486,2483,1061,-1,7,0,0,0
2487,2484,2485,-1,6,0,0,0
2488,2486,-1,-1,7,0,0,0
2489,2487,2488,-1,4,0,0,0
2490,102,-1,-1,4,0,0,0
2491,2490,-1,-1,4,0,0,0
2492,2491,-1,-1,4,0,0,0
2493,2492,1573,-1,4,0,0,0
2494,82,166,-1,2,0,0,0
2495,2494,216,-1,6,0,0,0
2496,226,483,-1,4,0,0,0
2497,489,490,-1,6,0,0,0
2498,493,-1,-1,7,0,0,0
2499,2495,2496,-1,6,0,0,0
2500,2497,2498,-1,4,0,0,0
2501,492,984,-1,6,0,0,0
2502,495,497,-1,2,0,0,0
2503,499,1023,-1,7,0,0,0
2504,501,363,-1,6,0,0,0
2505,1108,-1,-1,4,0,0,0
2506,2499,2500,-1,6,0,0,0
2507,2501,2502,-1,6,0,0,0
2508,2503,2504,-1,2,0,0,0
2509,2505,1111,-1,6,0,0,0
2510,1032,1113,-1,2,0,0,0
2511,1116,1119,-1,4,0,0,0
2512,1125,-1,-1,4,0,0,0
2513,2506,2507,-1,6,0,0,0
2514,2508,2509,-1,6,0,0,0
2515,2510,2511,-1,6,0,0,0
2516,2512,1575,-1,6,0,0,0
2517,2513,2514,-1,6,0,0,0
2518,2515,2516,-1,6,0,0,0
2519,2517,2518,-1,6,0,0,0
2520,477,377,-1,6,0,0,0
2521,511,512,-1,6,0,0,0
2522,309,252,-1,4,0,0,0
2523,517,310,-1,2,0,0,0
2524,520,199,-1,7,0,0,0
2525,524,-1,-1,7,0,0,0
2526,2520,2521,-1,6,0,0,0
2527,2522,2523,-1,6,0,0,0
2528,2524,2525,-1,7,0,0,0
2529,514,516,-1,2,0,0,0
2530,519,1127,-1,7,0,0,0
2531,523,529,-1,6,0,0,0
2532,2526,2527,-1,6,0,0,0
2533,2528,2529,-1,2,0,0,0
2534,2530,2531,-1,2,0,0,0
2535,1002,1577,-1,6,0,0,0
2536,1132,534,-1,6,0,0,0
2537,2532,2533,-1,6,0,0,0
2538,2534,2535,-1,6,0,0,0
2539,2536,528,-1,4,0,0,0
2540,1135,-1,-1,4,0,0,0
2541,2537,2538,-1,6,0,0,0
2542,2539,2540,-1,6,0,0,0
2543,2541,2542,-1,6,0,0,0
2544,67,70,-1,2,0,0,0
2545,148,158,-1,6,0,0,0
2546,162,-1,-1,4,0,0,0
2547,2544,2545,-1,6,0,0,0
2548,2546,423,-1,4,0,0,0
2549,377,557,-1,7,0,0,0
2550,441,559,-1,4,0,0,0
2551,2547,2548,-1,6,0,0,0
2552,2549,2550,-1,2,0,0,0
2553,558,497,-1,7,0,0,0
2554,563,1158,-1,7,0,0,0
2555,1161,-1,-1,7,0,0,0
2556,2551,2552,-1,6,0,0,0
2557,2553,2554,-1,7,0,0,0
2558,2555,465,-1,7,0,0,0
2559,1157,1146,-1,7,0,0,0
2560,1634,1636,-1,7,0,0,0
2561,1571,-1,-1,7,0,0,0
2562,2556,2557,-1,4,0,0,0
2563,2558,2559,-1,7,0,0,0
2564,2560,2561,-1,7,0,0,0
2565,1629,1632,-1,6,0,0,0
2566,2562,2563,-1,4,0,0,0
2567,2564,2565,-1,2,0,0,0
2568,2566,2567,-1,6,0,0,0
2569,33,46,-1,2,0,0,0
2570,2569,195,-1,4,0,0,0
2571,404,302,-1,6,0,0,0
2572,428,568,-1,7,0,0,0
2573,575,520,-1,2,0,0,0
2574,471,-1,-1,4,0,0,0
2575,2570,2571,-1,6,0,0,0
2576,2572,2573,-1,2,0,0,0
2577,2574,330,-1,4,0,0,0
2578,572,516,-1,6,0,0,0
2579,574,384,-1,2,0,0,0
2580,1052,579,-1,4,0,0,0
2581,581,583,-1,4,0,0,0
2582,1038,586,-1,7,0,0,0
2583,1170,-1,-1,4,0,0,0
2584,2575,2576,-1,6,0,0,0
2585,2577,2578,-1,6,0,0,0
2586,2579,2580,-1,6,0,0,0
2587,2581,2582,-1,4,0,0,0
2588,2583,1165,-1,4,0,0,0
2589,585,1172,-1,4,0,0,0
2590,2584,2585,-1,6,0,0,0
2591,2586,2587,-1,6,0,0,0
2592,2588,2589,-1,6,0,0,0
2593,1504,1640,-1,6,0,0,0
2594,1175,-1,-1,7,0,0,0
2595,2590,2591,-1,6,0,0,0
2596,2592,2593,-1,6,0,0,0
2597,2594,-1,-1,7,0,0,0
2598,2595,2596,-1,6,0,0,0
2599,2597,-1,-1,7,0,0,0
2600,2598,2599,-1,4,0,0,0
2601,36,62,-1,2,0,0,0
2602,159,-1,-1,7,0,0,0
2603,2601,2602,-1,4,0,0,0
2604,231,589,-1,6,0,0,0
2605,590,591,-1,6,0,0,0
2606,592,593,-1,2,0,0,0
2607,549,598,-1,4,0,0,0
2608,294,-1,-1,7,0,0,0
2609,2603,2604,-1,6,0,0,0
2610,2605,2606,-1,6,0,0,0
2611,2607,2608,-1,4,0,0,0
2612,444,595,-1,6,0,0,0
2613,597,1161,-1,6,0,0,0
2614,1184,-1,-1,4,0,0,0
2615,2609,2610,-1,6,0,0,0
2616,2611,2612,-1,6,0,0,0
2617,2613,2614,-1,6,0,0,0
2618,1178,1518,-1,2,0,0,0
2619,1474,602,-1,2,0,0,0
2620,1183,-1,-1,7,0,0,0
2621,2615,2616,-1,6,0,0,0
2622,2617,2618,-1,6,0,0,0
2623,2619,2620,-1,4,0,0,0
2624,1643,1535,-1,7,0,0,0
2625,2621,2622,-1,6,0,0,0
2626,2623,2624,-1,4,0,0,0
2627,2625,2626,-1,6,0,0,0
2628,28,55,-1,4,0,0,0
2629,180,-1,-1,4,0,0,0
2630,2628,2629,-1,6,0,0,0
2631,214,248,-1,7,0,0,0
2632,480,245,-1,4,0,0,0
2633,213,627,-1,2,0,0,0
2634,385,453,-1,2,0,0,0
2635,628,629,-1,2,0,0,0
2636,347,-1,-1,4,0,0,0
2637,2630,2631,-1,4,0,0,0
2638,2632,2633,-1,6,0,0,0
2639,2634,2635,-1,6,0,0,0
2640,2636,285,-1,6,0,0,0
2641,446,538,-1,2,0,0,0
2642,918,625,-1,6,0,0,0
2643,626,633,-1,4,0,0,0
2644,2637,2638,-1,6,0,0,0
2645,2639,2640,-1,6,0,0,0
2646,2641,2642,-1,6,0,0,0
2647,2643,623,-1,4,0,0,0
2648,1178,1196,-1,4,0,0,0
2649,1527,-1,-1,4,0,0,0
2650,2644,2645,-1,6,0,0,0
2651,2646,2647,-1,6,0,0,0
2652,2648,2649,-1,6,0,0,0
2653,1673,-1,-1,7,0,0,0
2654,2650,2651,-1,6,0,0,0
2655,2652,2653,-1,4,0,0,0
2656,2654,2655,-1,6,0,0,0
2657,133,-1,-1,4,0,0,0
2658,2657,236,-1,6,0,0,0
2659,367,634,-1,6,0,0,0
2660,454,373,-1,6,0,0,0
2661,627,644,-1,4,0,0,0
2662,645,-1,-1,7,0,0,0
2663,2658,2659,-1,6,0,0,0
2664,2660,2661,-1,6,0,0,0
2665,2662,975,-1,2,0,0,0
2666,321,923,-1,6,0,0,0
2667,430,1070,-1,4,0,0,0
2668,588,636,-1,2,0,0,0
2669,642,1206,-1,6,0,0,0
2670,647,963,-1,6,0,0,0
2671,633,651,-1,6,0,0,0
2672,2663,2664,-1,6,0,0,0
2673,2665,2666,-1,6,0,0,0
2674,2667,2668,-1,6,0,0,0
2675,2669,2670,-1,6,0,0,0
2676,2671,1202,-1,4,0,0,0
2677,1204,1509,-1,6,0,0,0
2678,2672,2673,-1,6,0,0,0
2679,2674,2675,-1,6,0,0,0
2680,2676,2677,-1,6,0,0,0
2681,640,1210,-1,6,0,0,0
2682,1675,-1,-1,7,0,0,0
2683,2678,2679,-1,6,0,0,0
2684,2680,2681,-1,6,0,0,0
2685,2682,-1,-1,7,0,0,0
2686,2683,2684,-1,6,0,0,0
2687,2685,-1,-1,7,0,0,0
2688,2686,2687,-1,4,0,0,0
2689,84,97,-1,6,0,0,0
2690,100,-1,-1,7,0,0,0
2691,2689,2690,-1,4,0,0,0
2692,286,253,-1,4,0,0,0
2693,198,239,-1,7,0,0,0
2694,517,335,-1,2,0,0,0
2695,291,-1,-1,7,0,0,0
2696,2691,2692,-1,6,0,0,0
2697,2693,2694,-1,2,0,0,0
2698,2695,1027,-1,2,0,0,0
2699,475,657,-1,4,0,0,0
2700,659,509,-1,6,0,0,0
2701,661,1213,-1,6,0,0,0
2702,664,666,-1,7,0,0,0
2703,673,-1,-1,4,0,0,0
2704,2696,2697,-1,6,0,0,0
2705,2698,2699,-1,6,0,0,0
2706,2700,2701,-1,6,0,0,0
2707,2702,2703,-1,2,0,0,0
2708,554,1204,-1,7,0,0,0
2709,1138,670,-1,4,0,0,0
2710,1219,-1,-1,4,0,0,0
2711,2704,2705,-1,6,0,0,0
2712,2706,2707,-1,6,0,0,0
2713,2708,2709,-1,2,0,0,0
2714,2710,1678,-1,4,0,0,0
2715,1681,1222,-1,7,0,0,0
2716,2711,2712,-1,6,0,0,0
2717,2713,2714,-1,6,0,0,0
2718,2715,-1,-1,7,0,0,0
2719,2716,2717,-1,6,0,0,0
2720,2718,-1,-1,7,0,0,0
2721,2719,2720,-1,4,0,0,0
2722,24,47,-1,4,0,0,0
2723,71,111,-1,7,0,0,0
2724,2722,2723,-1,4,0,0,0
2725,274,247,-1,6,0,0,0
2726,283,483,-1,6,0,0,0
2727,379,238,-1,7,0,0,0
2728,280,575,-1,6,0,0,0
2729,674,675,-1,7,0,0,0
2730,539,676,-1,7,0,0,0
2731,677,-1,-1,4,0,0,0
2732,2724,2725,-1,6,0,0,0
2733,2726,2727,-1,4,0,0,0
2734,2728,2729,-1,4,0,0,0
2735,2730,2731,-1,2,0,0,0
2736,941,607,-1,2,0,0,0
2737,492,282,-1,4,0,0,0
2738,1074,679,-1,6,0,0,0
2739,1225,1229,-1,6,0,0,0
2740,2732,2733,-1,6,0,0,0
2741,2734,2735,-1,6,0,0,0
2742,2736,2737,-1,6,0,0,0
2743,2738,2739,-1,6,0,0,0
2744,1224,1227,-1,6,0,0,0
2745,1009,1231,-1,2,0,0,0
2746,2740,2741,-1,6,0,0,0
2747,2742,2743,-1,6,0,0,0
2748,2744,2745,-1,6,0,0,0
2749,1640,2409,-1,4,0,0,0
2750,2746,2747,-1,6,0,0,0
2751,2748,2749,-1,6,0,0,0
2752,2750,2751,-1,6,0,0,0
2753,710,-1,-1,4,0,0,0
2754,2753,-1,-1,4,0,0,0
2755,2754,-1,-1,4,0,0,0
2756,2755,1741,-1,6,0,0,0
2757,13,49,-1,7,0,0,0
2758,2757,463,-1,7,0,0,0
2759,312,263,-1,6,0,0,0
2760,351,566,-1,7,0,0,0
2761,721,315,-1,7,0,0,0
2762,386,725,-1,7,0,0,0
2763,726,-1,-1,4,0,0,0
2764,2758,2759,-1,2,0,0,0
2765,2760,2761,-1,7,0,0,0
2766,2762,2763,-1,2,0,0,0
2767,930,577,-1,4,0,0,0
2768,720,482,-1,7,0,0,0
2769,375,657,-1,7,0,0,0
2770,723,435,-1,7,0,0,0
2771,1255,728,-1,6,0,0,0
2772,666,729,-1,6,0,0,0
2773,2764,2765,-1,4,0,0,0
2774,2766,2767,-1,6,0,0,0
2775,2768,2769,-1,7,0,0,0
2776,2770,2771,-1,2,0,0,0
2777,2772,1746,-1,4,0,0,0
2778,2773,2774,-1,6,0,0,0
2779,2775,2776,-1,2,0,0,0
2780,2777,1258,-1,4,0,0,0
2781,1210,1175,-1,7,0,0,0
2782,2778,2779,-1,6,0,0,0
2783,2780,2781,-1,4,0,0,0
2784,2782,2783,-1,6,0,0,0
2785,12,95,-1,2,0,0,0
2786,133,139,-1,2,0,0,0
2787,169,173,-1,6,0,0,0
2788,2785,2786,-1,6,0,0,0
2789,2787,396,-1,6,0,0,0
2790,196,258,-1,7,0,0,0
2791,255,754,-1,4,0,0,0
2792,2788,2789,-1,6,0,0,0
2793,2790,2791,-1,2,0,0,0
2794,921,574,-1,6,0,0,0
2795,753,1277,-1,2,0,0,0
2796,2792,2793,-1,6,0,0,0
2797,2794,2795,-1,6,0,0,0
2798,1181,542,-1,6,0,0,0
2799,1274,1276,-1,6,0,0,0
2800,1523,749,-1,6,0,0,0
2801,1279,-1,-1,4,0,0,0
2802,2796,2797,-1,6,0,0,0
2803,2798,2799,-1,6,0,0,0
2804,2800,2801,-1,6,0,0,0
2805,1271,1802,-1,6,0,0,0
2806,2802,2803,-1,6,0,0,0
2807,2804,2805,-1,6,0,0,0
2808,2806,2807,-1,6,0,0,0
2809,3,44,-1,7,0,0,0
2810,67,95,-1,7,0,0,0
2811,103,122,-1,7,0,0,0
2812,138,-1,-1,7,0,0,0
2813,2809,2810,-1,7,0,0,0
2814,2811,2812,-1,7,0,0,0
2815,251,212,-1,7,0,0,0
2816,548,269,-1,4,0,0,0
2817,442,721,-1,4,0,0,0
2818,763,546,-1,2,0,0,0
2819,2813,2814,-1,7,0,0,0
2820,2815,2816,-1,2,0,0,0
2821,2817,2818,-1,6,0,0,0
2822,446,352,-1,7,0,0,0
2823,764,495,-1,7,0,0,0
2824,1158,-1,-1,4,0,0,0
2825,2819,2820,-1,2,0,0,0
2826,2821,2822,-1,4,0,0,0
2827,2823,2824,-1,2,0,0,0
2828,1144,1283,-1,4,0,0,0
2829,1013,1493,-1,7,0,0,0
2830,2825,2826,-1,6,0,0,0
2831,2827,2828,-1,6,0,0,0
2832,2829,2463,-1,2,0,0,0
2833,2830,2831,-1,6,0,0,0
2834,2832,-1,-1,4,0,0,0
2835,2833,2834,-1,6,0,0,0
2836,18,50,-1,2,0,0,0
2837,74,75,-1,2,0,0,0
2838,76,97,-1,7,0,0,0
2839,114,-1,-1,7,0,0,0
2840,2836,2837,-1,6,0,0,0
2841,2838,2839,-1,7,0,0,0
2842,449,257,-1,7,0,0,0
2843,569,367,-1,7,0,0,0
2844,313,662,-1,7,0,0,0
2845,306,765,-1,7,0,0,0
2846,775,545,-1,4,0,0,0
2847,2840,2841,-1,4,0,0,0
2848,2842,2843,-1,7,0,0,0
2849,2844,2845,-1,7,0,0,0
2850,2846,945,-1,6,0,0,0
2851,219,977,-1,6,0,0,0
2852,774,657,-1,7,0,0,0
2853,597,777,-1,4,0,0,0
2854,778,-1,-1,7,0,0,0
2855,2847,2848,-1,4,0,0,0
2856,2849,2850,-1,2,0,0,0
2857,2851,2852,-1,4,0,0,0
2858,2853,2854,-1,4,0,0,0
2859,623,1088,-1,7,0,0,0
2860,2855,2856,-1,6,0,0,0
2861,2857,2858,-1,6,0,0,0
2862,2859,1290,-1,7,0,0,0
2863,1833,-1,-1,7,0,0,0
2864,2860,2861,-1,6,0,0,0
2865,2862,2863,-1,7,0,0,0
2866,2864,2865,-1,4,0,0,0
2867,20,53,-1,7,0,0,0
2868,95,171,-1,6,0,0,0
2869,2867,2868,-1,2,0,0,0
2870,530,263,-1,2,0,0,0
2871,402,268,-1,2,0,0,0
2872,543,209,-1,7,0,0,0
2873,730,308,-1,4,0,0,0
2874,462,739,-1,4,0,0,0
2875,2869,2870,-1,6,0,0,0
2876,2871,2872,-1,4,0,0,0
2877,2873,2874,-1,6,0,0,0
2878,1162,785,-1,4,0,0,0
2879,959,790,-1,6,0,0,0
2880,792,-1,-1,7,0,0,0
2881,2875,2876,-1,6,0,0,0
2882,2877,2878,-1,6,0,0,0
2883,2879,2880,-1,4,0,0,0
2884,1573,788,-1,7,0,0,0
2885,1296,1241,-1,2,0,0,0
2886,1078,-1,-1,7,0,0,0
2887,2881,2882,-1,6,0,0,0
2888,2883,2884,-1,4,0,0,0
2889,2885,2886,-1,4,0,0,0
2890,1835,-1,-1,7,0,0,0
2891,2887,2888,-1,6,0,0,0
2892,2889,2890,-1,4,0,0,0
2893,2891,2892,-1,6,0,0,0
2894,101,110,-1,7,0,0,0
2895,170,188,-1,7,0,0,0
2896,2894,2895,-1,7,0,0,0
2897,223,392,-1,2,0,0,0
2898,230,819,-1,4,0,0,0
2899,2896,2897,-1,2,0,0,0
2900,2898,668,-1,4,0,0,0
2901,1070,506,-1,2,0,0,0
2902,1255,579,-1,4,0,0,0
2903,1041,-1,-1,7,0,0,0
2904,2899,2900,-1,6,0,0,0
2905,2901,2902,-1,6,0,0,0
2906,2903,818,-1,7,0,0,0
2907,1488,1083,-1,7,0,0,0
2908,821,1308,-1,7,0,0,0
2909,1746,1249,-1,6,0,0,0
2910,2904,2905,-1,6,0,0,0
2911,2906,2907,-1,7,0,0,0
2912,2908,2909,-1,2,0,0,0
2913,2910,2911,-1,4,0,0,0
2914,2912,2756,-1,4,0,0,0
2915,2913,2914,-1,6,0,0,0
2916,19,27,-1,7,0,0,0
2917,82,124,-1,2,0,0,0
2918,183,184,-1,4,0,0,0
2919,2916,2917,-1,2,0,0,0
2920,2918,250,-1,4,0,0,0
2921,241,287,-1,4,0,0,0
2922,267,502,-1,4,0,0,0
2923,458,779,-1,7,0,0,0
2924,685,410,-1,2,0,0,0
2925,840,843,-1,4,0,0,0
2926,2919,2920,-1,6,0,0,0
2927,2921,2922,-1,6,0,0,0
2928,2923,2924,-1,2,0,0,0
2929,2925,488,-1,4,0,0,0
2930,558,795,-1,2,0,0,0
2931,1016,360,-1,4,0,0,0
2932,1140,839,-1,2,0,0,0
2933,563,842,-1,6,0,0,0
2934,2926,2927,-1,6,0,0,0
2935,2928,2929,-1,6,0,0,0
2936,2930,2931,-1,6,0,0,0
2937,2932,2933,-1,6,0,0,0
2938,1313,602,-1,4,0,0,0
2939,1172,845,-1,7,0,0,0
2940,2934,2935,-1,6,0,0,0
2941,2936,2937,-1,6,0,0,0
2942,2938,2939,-1,4,0,0,0
2943,2493,-1,-1,7,0,0,0
2944,2940,2941,-1,6,0,0,0
2945,2942,2943,-1,4,0,0,0
2946,2944,2945,-1,6,0,0,0
2947,1744,-1,-1,7,0,0,0
2948,2946,2947,-1,4,0,0,0
2949,23,88,-1,4,0,0,0
2950,127,164,-1,6,0,0,0
2951,180,-1,-1,4,0,0,0
2952,2949,2950,-1,6,0,0,0
2953,2951,195,-1,6,0,0,0
2954,223,459,-1,2,0,0,0
2955,254,564,-1,7,0,0,0
2956,480,757,-1,2,0,0,0
2957,763,-1,-1,7,0,0,0
2958,2952,2953,-1,6,0,0,0
2959,2954,2955,-1,4,0,0,0
2960,2956,2957,-1,4,0,0,0
2961,332,356,-1,4,0,0,0
2962,382,617,-1,6,0,0,0
2963,853,854,-1,4,0,0,0
2964,529,-1,-1,7,0,0,0
2965,2958,2959,-1,6,0,0,0
2966,2960,2961,-1,6,0,0,0
2967,2962,2963,-1,6,0,0,0
2968,2964,856,-1,2,0,0,0
2969,813,1636,-1,6,0,0,0
2970,1125,-1,-1,4,0,0,0
2971,2965,2966,-1,6,0,0,0
2972,2967,2968,-1,6,0,0,0
2973,2969,2970,-1,6,0,0,0
2974,746,832,-1,4,0,0,0
2975,2321,1135,-1,6,0,0,0
2976,1290,-1,-1,7,0,0,0
2977,2971,2972,-1,6,0,0,0
2978,2973,2974,-1,6,0,0,0
2979,2975,2976,-1,4,0,0,0
2980,2977,2978,-1,6,0,0,0
2981,2979,-1,-1,4,0,0,0
2982,2980,2981,-1,6,0,0,0
2983,14,85,-1,4,0,0,0
2984,133,-1,-1,7,0,0,0
2985,2983,2984,-1,4,0,0,0
2986,215,251,-1,4,0,0,0
2987,236,423,-1,6,0,0,0
2988,461,319,-1,6,0,0,0
2989,862,593,-1,7,0,0,0
2990,677,742,-1,2,0,0,0
2991,2985,2986,-1,6,0,0,0
2992,2987,2988,-1,6,0,0,0
2993,2989,2990,-1,2,0,0,0
2994,1054,934,-1,7,0,0,0
2995,1260,661,-1,7,0,0,0
2996,499,1034,-1,7,0,0,0
2997,792,1229,-1,2,0,0,0
2998,2991,2992,-1,6,0,0,0
2999,2993,2994,-1,4,0,0,0
3000,2995,2996,-1,7,0,0,0
3001,2997,1111,-1,4,0,0,0
3002,2998,2999,-1,6,0,0,0
3003,3000,3001,-1,2,0,0,0
3004,2008,2464,-1,4,0,0,0
3005,3002,3003,-1,6,0,0,0
3006,3004,-1,-1,4,0,0,0
3007,3005,3006,-1,6,0,0,0
3008,4,14,-1,6,0,0,0
3009,61,104,-1,6,0,0,0
3010,173,178,-1,4,0,0,0
3011,187,-1,-1,7,0,0,0
3012,3008,3009,-1,6,0,0,0
3013,3010,3011,-1,4,0,0,0
3014,210,223,-1,6,0,0,0
3015,229,261,-1,7,0,0,0
3016,339,883,-1,2,0,0,0
3017,3012,3013,-1,6,0,0,0
3018,3014,3015,-1,4,0,0,0
3019,3016,523,-1,6,0,0,0
3020,1206,882,-1,6,0,0,0
3021,777,457,-1,4,0,0,0
3022,1035,1225,-1,6,0,0,0
3023,586,-1,-1,4,0,0,0
3024,3017,3018,-1,6,0,0,0
3025,3019,3020,-1,6,0,0,0
3026,3021,3022,-1,6,0,0,0
3027,3023,856,-1,6,0,0,0
3028,885,1491,-1,6,0,0,0
3029,3024,3025,-1,6,0,0,0
3030,3026,3027,-1,6,0,0,0
3031,3028,1247,-1,6,0,0,0
3032,2097,-1,-1,7,0,0,0
3033,3029,3030,-1,6,0,0,0
3034,3031,3032,-1,4,0,0,0
3035,3033,3034,-1,6,0,0,0
3036,18,96,-1,4,0,0,0
3037,145,150,-1,6,0,0,0
3038,152,167,-1,4,0,0,0
3039,3036,3037,-1,6,0,0,0
3040,3038,286,-1,6,0,0,0
3041,260,345,-1,4,0,0,0
3042,307,262,-1,6,0,0,0
3043,721,825,-1,2,0,0,0
3044,3039,3040,-1,6,0,0,0
3045,3041,3042,-1,6,0,0,0
3046,3043,354,-1,4,0,0,0
3047,619,581,-1,6,0,0,0
3048,647,1376,-1,6,0,0,0
3049,3044,3045,-1,6,0,0,0
3050,3046,3047,-1,6,0,0,0
3051,3048,1507,-1,6,0,0,0
3052,1097,1512,-1,2,0,0,0
3053,1315,1300,-1,6,0,0,0
3054,1378,-1,-1,7,0,0,0
3055,3049,3050,-1,6,0,0,0
3056,3051,3052,-1,6,0,0,0
3057,3053,3054,-1,4,0,0,0
3058,2126,1678,-1,2,0,0,0
3059,1189,-1,-1,4,0,0,0
3060,3055,3056,-1,6,0,0,0
3061,3057,3058,-1,6,0,0,0
3062,3059,-1,-1,4,0,0,0
3063,3060,3061,-1,6,0,0,0
3064,3062,-1,-1,4,0,0,0
3065,3063,3064,-1,6,0,0,0
3066,72,84,-1,2,0,0,0
3067,119,-1,-1,4,0,0,0
3068,3066,3067,-1,6,0,0,0
3069,274,344,-1,4,0,0,0
3070,857,559,-1,7,0,0,0
3071,234,-1,-1,4,0,0,0
3072,3068,3069,-1,6,0,0,0
3073,3070,3071,-1,2,0,0,0
3074,321,435,-1,4,0,0,0
3075,626,998,-1,4,0,0,0
3076,915,910,-1,2,0,0,0
3077,1043,-1,-1,4,0,0,0
3078,3072,3073,-1,6,0,0,0
3079,3074,3075,-1,6,0,0,0
3080,3076,3077,-1,6,0,0,0
3081,782,1498,-1,6,0,0,0
3082,821,1415,-1,7,0,0,0
3083,3078,3079,-1,6,0,0,0
3084,3080,3081,-1,6,0,0,0
3085,3082,2412,-1,7,0,0,0
3086,1222,-1,-1,4,0,0,0
3087,3083,3084,-1,6,0,0,0
3088,3085,3086,-1,2,0,0,0
3089,3087,3088,-1,6,0,0,0
3090,63,131,-1,2,0,0,0
3091,139,140,-1,6,0,0,0
3092,149,162,-1,7,0,0,0
3093,165,183,-1,2,0,0,0
3094,184,-1,-1,4,0,0,0
3095,3090,3091,-1,6,0,0,0
3096,3092,3093,-1,2,0,0,0
3097,3094,192,-1,6,0,0,0
3098,193,194,-1,2,0,0,0
3099,197,199,-1,6,0,0,0
3100,200,201,-1,2,0,0,0
3101,202,-1,-1,7,0,0,0
3102,3095,3096,-1,6,0,0,0
3103,3097,3098,-1,6,0,0,0
3104,3099,3100,-1,6,0,0,0
3105,3101,916,-1,7,0,0,0
3106,919,-1,-1,7,0,0,0
3107,3102,3103,-1,6,0,0,0
3108,3104,3105,-1,4,0,0,0
3109,3106,1471,-1,7,0,0,0
3110,1472,1474,-1,6,0,0,0
3111,1476,1478,-1,6,0,0,0
3112,3107,3108,-1,6,0,0,0
3113,3109,3110,-1,2,0,0,0
3114,3111,2321,-1,6,0,0,0
3115,3112,3113,-1,6,0,0,0
3116,3114,-1,-1,4,0,0,0
3117,3115,3116,-1,6,0,0,0
3118,33,113,-1,4,0,0,0
3119,126,128,-1,6,0,0,0
3120,135,176,-1,4,0,0,0
3121,3118,3119,-1,6,0,0,0
3122,3120,303,-1,4,0,0,0
3123,306,307,-1,4,0,0,0
3124,308,310,-1,2,0,0,0
3125,311,315,-1,4,0,0,0
3126,316,318,-1,2,0,0,0
3127,3121,3122,-1,6,0,0,0
3128,3123,3124,-1,6,0,0,0
3129,3125,3126,-1,6,0,0,0
3130,305,979,-1,7,0,0,0
3131,996,971,-1,6,0,0,0
3132,997,998,-1,7,0,0,0
3133,1000,966,-1,2,0,0,0
3134,3127,3128,-1,6,0,0,0
3135,3129,3130,-1,4,0,0,0
3136,3131,3132,-1,4,0,0,0
3137,3133,1002,-1,4,0,0,0
3138,1009,1013,-1,7,0,0,0
3139,3134,3135,-1,6,0,0,0
3140,3136,3137,-1,6,0,0,0
3141,3138,2409,-1,2,0,0,0
3142,2412,-1,-1,4,0,0,0
3143,3139,3140,-1,6,0,0,0
3144,3141,3142,-1,6,0,0,0
3145,3143,3144,-1,6,0,0,0
3146,27,66,-1,6,0,0,0
3147,3146,221,-1,4,0,0,0
3148,249,376,-1,7,0,0,0
3149,377,207,-1,6,0,0,0
3150,350,378,-1,4,0,0,0
3151,379,209,-1,7,0,0,0
3152,380,344,-1,2,0,0,0
3153,385,386,-1,4,0,0,0
3154,387,-1,-1,7,0,0,0
3155,3147,3148,-1,4,0,0,0
3156,3149,3150,-1,6,0,0,0
3157,3151,3152,-1,2,0,0,0
3158,3153,3154,-1,4,0,0,0
3159,382,384,-1,7,0,0,0
3160,961,1011,-1,7,0,0,0
3161,389,1051,-1,7,0,0,0
3162,394,398,-1,2,0,0,0
3163,3155,3156,-1,6,0,0,0
3164,3157,3158,-1,6,0,0,0
3165,3159,3160,-1,7,0,0,0
3166,3161,3162,-1,2,0,0,0
3167,1047,1485,-1,7,0,0,0
3168,1050,1527,-1,6,0,0,0
3169,1531,-1,-1,4,0,0,0
3170,3163,3164,-1,6,0,0,0
3171,3165,3166,-1,2,0,0,0
3172,3167,3168,-1,2,0,0,0
3173,3169,2463,-1,6,0,0,0
3174,3170,3171,-1,6,0,0,0
3175,3172,3173,-1,6,0,0,0
3176,3174,3175,-1,6,0,0,0
3177,34,150,-1,6,0,0,0
3178,3177,404,-1,6,0,0,0
3179,212,407,-1,6,0,0,0
3180,238,408,-1,7,0,0,0
3181,228,410,-1,7,0,0,0
3182,3178,3179,-1,6,0,0,0
3183,3180,3181,-1,7,0,0,0
3184,406,391,-1,2,0,0,0
3185,288,1059,-1,4,0,0,0
3186,997,412,-1,2,0,0,0
3187,414,-1,-1,4,0,0,0
3188,3182,3183,-1,4,0,0,0
3189,3184,3185,-1,6,0,0,0
3190,3186,3187,-1,6,0,0,0
3191,1021,1472,-1,6,0,0,0
3192,3188,3189,-1,6,0,0,0
3193,3190,3191,-1,6,0,0,0
3194,1535,1061,-1,6,0,0,0
3195,2464,-1,-1,4,0,0,0
3196,3192,3193,-1,6,0,0,0
3197,3194,3195,-1,6,0,0,0
3198,3196,3197,-1,6,0,0,0
3199,65,151,-1,2,0,0,0
3200,3199,463,-1,4,0,0,0
3201,293,217,-1,2,0,0,0
3202,343,367,-1,6,0,0,0
3203,467,425,-1,2,0,0,0
3204,471,476,-1,6,0,0,0
3205,3200,3201,-1,6,0,0,0
3206,3202,3203,-1,6,0,0,0
3207,3204,918,-1,4,0,0,0
3208,1093,955,-1,6,0,0,0
3209,300,469,-1,6,0,0,0
3210,1095,473,-1,6,0,0,0
3211,478,1103,-1,4,0,0,0
3212,1104,1108,-1,6,0,0,0
3213,3205,3206,-1,6,0,0,0
3214,3207,3208,-1,6,0,0,0
3215,3209,3210,-1,6,0,0,0
3216,3211,3212,-1,6,0,0,0
3217,465,1097,-1,7,0,0,0
3218,1100,1106,-1,6,0,0,0
3219,1574,-1,-1,4,0,0,0
3220,3213,3214,-1,6,0,0,0
3221,3215,3216,-1,6,0,0,0
3222,3217,3218,-1,2,0,0,0
3223,3219,2493,-1,6,0,0,0
3224,3220,3221,-1,6,0,0,0
3225,3222,3223,-1,6,0,0,0
3226,3224,3225,-1,6,0,0,0
3227,111,175,-1,6,0,0,0
3228,3227,463,-1,6,0,0,0
3229,409,511,-1,2,0,0,0
3230,222,608,-1,7,0,0,0
3231,255,707,-1,7,0,0,0
3232,3228,3229,-1,6,0,0,0
3233,3230,3231,-1,7,0,0,0
3234,607,986,-1,6,0,0,0
3235,994,1251,-1,7,0,0,0
3236,1253,551,-1,6,0,0,0
3237,3232,3233,-1,4,0,0,0
3238,3234,3235,-1,4,0,0,0
3239,3236,623,-1,4,0,0,0
3240,704,1530,-1,7,0,0,0
3241,1509,670,-1,7,0,0,0
3242,1634,-1,-1,7,0,0,0
3243,3237,3238,-1,6,0,0,0
3244,3239,3240,-1,4,0,0,0
3245,3241,3242,-1,7,0,0,0
3246,3243,3244,-1,6,0,0,0
3247,3245,2756,-1,7,0,0,0
3248,3246,3247,-1,4,0,0,0
3249,1744,-1,-1,7,0,0,0
3250,3248,3249,-1,4,0,0,0
