2959,2977,2346,2389,3012,3197,3087,2430,3194,2461,1306,2493,3118,2530,2563,2594,1362,2633,2650,1405,2682,2721,2747,1450,3159,2780,1495,1528,1558,1591,1616,1646,2806,1690,1724,1764,1794,1817,2833,1856,1889,1919,1947,1974,1019,1056,1086,1113,2002,1143,2867,2033,2066,3195,2093,2118,3196,2181,2212,2242,2894,2277,2307,2920
192,90,107,-1,6,0,0,0
193,46,58,-1,4,0,0,0
194,25,35,-1,6,0,0,0
195,10,48,-1,4,0,0,0
196,74,85,-1,6,0,0,0
197,89,94,-1,4,0,0,0
198,118,120,-1,6,0,0,0
199,65,98,-1,6,0,0,0
200,7,40,-1,4,0,0,0
201,140,148,-1,6,0,0,0
202,33,63,-1,4,0,0,0
203,6,16,-1,4,0,0,0
204,1,127,-1,4,0,0,0
205,153,158,-1,4,0,0,0
206,167,184,-1,4,0,0,0
207,109,133,-1,6,0,0,0
208,96,185,-1,6,0,0,0
209,30,31,-1,4,0,0,0
210,50,51,-1,6,0,0,0
211,3,42,-1,4,0,0,0
212,182,188,-1,6,0,0,0
213,22,166,-1,4,0,0,0
214,126,131,-1,6,0,0,0
215,95,117,-1,6,0,0,0
216,136,160,-1,6,0,0,0
217,145,171,-1,6,0,0,0
218,73,189,-1,6,0,0,0
219,21,41,-1,6,0,0,0
220,166,174,-1,4,0,0,0
221,33,52,-1,6,0,0,0
222,71,103,-1,6,0,0,0
223,100,126,-1,4,0,0,0
224,104,134,-1,4,0,0,0
225,158,-1,-1,4,0,0,0
226,225,210,-1,4,0,0,0
227,114,115,-1,6,0,0,0
228,67,79,-1,6,0,0,0
229,26,63,-1,4,0,0,0
230,87,121,-1,6,0,0,0
231,88,177,-1,6,0,0,0
232,81,109,-1,6,0,0,0
233,25,30,-1,4,0,0,0
234,91,-1,-1,4,0,0,0
235,234,217,-1,4,0,0,0
236,38,61,-1,4,0,0,0
237,86,-1,-1,4,0,0,0
238,237,205,-1,4,0,0,0
239,129,168,-1,6,0,0,0
240,174,186,-1,4,0,0,0
241,72,96,-1,6,0,0,0
242,105,110,-1,4,0,0,0
243,69,-1,-1,4,0,0,0
244,243,210,-1,4,0,0,0
245,88,127,-1,4,0,0,0
246,95,-1,-1,4,0,0,0
247,246,222,-1,4,0,0,0
248,135,167,-1,6,0,0,0
249,10,82,-1,4,0,0,0
250,161,169,-1,6,0,0,0
251,29,155,-1,6,0,0,0
252,76,-1,-1,4,0,0,0
253,252,218,-1,6,0,0,0
254,7,157,-1,6,0,0,0
255,28,59,-1,6,0,0,0
256,9,54,-1,6,0,0,0
257,64,92,-1,6,0,0,0
258,83,124,-1,6,0,0,0
259,27,39,-1,6,0,0,0
260,112,131,-1,6,0,0,0
261,10,101,-1,4,0,0,0
262,85,110,-1,4,0,0,0
263,142,169,-1,4,0,0,0
264,2,90,-1,6,0,0,0
265,66,170,-1,6,0,0,0
266,78,80,-1,6,0,0,0
267,181,191,-1,6,0,0,0
268,84,126,-1,6,0,0,0
269,132,190,-1,6,0,0,0
270,130,-1,-1,4,0,0,0
271,270,198,-1,6,0,0,0
272,106,-1,-1,4,0,0,0
273,272,248,-1,6,0,0,0
274,100,139,-1,6,0,0,0
275,183,185,-1,6,0,0,0
276,151,178,-1,6,0,0,0
277,143,179,-1,6,0,0,0
278,129,140,-1,4,0,0,0
279,12,42,-1,4,0,0,0
280,97,116,-1,6,0,0,0
281,57,119,-1,6,0,0,0
282,22,101,-1,4,0,0,0
283,122,-1,-1,4,0,0,0
284,283,192,-1,6,0,0,0
285,23,55,-1,6,0,0,0
286,94,-1,-1,4,0,0,0
287,286,215,-1,4,0,0,0
288,86,102,-1,6,0,0,0
289,0,164,-1,4,0,0,0
290,156,165,-1,6,0,0,0
291,112,149,-1,4,0,0,0
292,21,51,-1,4,0,0,0
293,24,143,-1,4,0,0,0
294,6,61,-1,4,0,0,0
295,20,151,-1,4,0,0,0
296,28,113,-1,4,0,0,0
297,69,104,-1,6,0,0,0
298,1,-1,-1,4,0,0,0
299,298,193,-1,4,0,0,0
300,134,150,-1,6,0,0,0
301,163,170,-1,4,0,0,0
302,77,141,-1,6,0,0,0
303,47,70,-1,4,0,0,0
304,7,62,-1,4,0,0,0
305,8,18,-1,6,0,0,0
306,17,39,-1,4,0,0,0
307,148,174,-1,4,0,0,0
308,54,135,-1,4,0,0,0
309,76,116,-1,6,0,0,0
310,146,162,-1,6,0,0,0
311,5,-1,-1,4,0,0,0
312,311,228,-1,4,0,0,0
313,1,82,-1,6,0,0,0
314,19,144,-1,6,0,0,0
315,74,-1,-1,4,0,0,0
316,315,288,-1,6,0,0,0
317,133,143,-1,4,0,0,0
318,4,68,-1,6,0,0,0
319,187,-1,-1,4,0,0,0
320,319,216,-1,6,0,0,0
321,128,154,-1,6,0,0,0
322,15,179,-1,4,0,0,0
323,17,187,-1,4,0,0,0
324,77,178,-1,4,0,0,0
325,94,173,-1,4,0,0,0
326,285,281,-1,6,0,0,0
327,11,181,-1,4,0,0,0
328,34,174,-1,4,0,0,0
329,10,63,-1,6,0,0,0
330,99,110,-1,6,0,0,0
331,142,159,-1,6,0,0,0
332,180,189,-1,4,0,0,0
333,134,-1,-1,4,0,0,0
334,333,290,-1,4,0,0,0
335,119,130,-1,4,0,0,0
336,117,129,-1,4,0,0,0
337,138,176,-1,4,0,0,0
338,127,161,-1,4,0,0,0
339,46,171,-1,4,0,0,0
340,36,49,-1,6,0,0,0
341,66,106,-1,4,0,0,0
342,9,183,-1,4,0,0,0
343,11,165,-1,4,0,0,0
344,18,50,-1,4,0,0,0
345,24,172,-1,4,0,0,0
346,195,281,-1,4,0,0,0
347,144,147,-1,6,0,0,0
348,36,111,-1,4,0,0,0
349,17,-1,-1,4,0,0,0
350,349,205,-1,4,0,0,0
351,75,177,-1,4,0,0,0
352,45,155,-1,4,0,0,0
353,101,-1,-1,4,0,0,0
354,353,-1,-1,4,0,0,0
355,354,299,-1,4,0,0,0
356,82,-1,-1,4,0,0,0
357,356,280,-1,6,0,0,0
358,212,-1,-1,4,0,0,0
359,358,284,-1,4,0,0,0
360,254,308,-1,4,0,0,0
361,115,139,-1,4,0,0,0
362,70,-1,-1,4,0,0,0
363,362,310,-1,4,0,0,0
364,99,113,-1,4,0,0,0
365,131,-1,-1,4,0,0,0
366,365,267,-1,4,0,0,0
367,152,-1,-1,4,0,0,0
368,367,331,-1,4,0,0,0
369,176,-1,-1,4,0,0,0
370,369,220,-1,4,0,0,0
371,62,-1,-1,4,0,0,0
372,371,301,-1,4,0,0,0
373,79,185,-1,4,0,0,0
374,16,22,-1,6,0,0,0
375,227,-1,-1,4,0,0,0
376,375,253,-1,4,0,0,0
377,40,43,-1,6,0,0,0
378,13,-1,-1,4,0,0,0
379,378,285,-1,4,0,0,0
380,64,170,-1,4,0,0,0
381,19,121,-1,4,0,0,0
382,117,152,-1,4,0,0,0
383,56,100,-1,4,0,0,0
384,4,70,-1,4,0,0,0
385,12,15,-1,4,0,0,0
386,26,-1,-1,4,0,0,0
387,386,233,-1,4,0,0,0
388,34,45,-1,6,0,0,0
389,69,142,-1,4,0,0,0
390,147,-1,-1,4,0,0,0
391,390,199,-1,4,0,0,0
392,160,165,-1,4,0,0,0
393,63,-1,-1,4,0,0,0
394,393,-1,-1,4,0,0,0
395,394,366,-1,4,0,0,0
396,70,112,-1,4,0,0,0
397,53,-1,-1,4,0,0,0
398,397,194,-1,6,0,0,0
399,13,78,-1,4,0,0,0
400,67,-1,-1,4,0,0,0
401,400,239,-1,4,0,0,0
402,121,124,-1,4,0,0,0
403,55,68,-1,6,0,0,0
404,280,207,-1,6,0,0,0
405,27,-1,-1,4,0,0,0
406,405,300,-1,4,0,0,0
407,44,182,-1,4,0,0,0
408,26,-1,-1,4,0,0,0
409,408,255,-1,6,0,0,0
410,256,305,-1,6,0,0,0
411,17,125,-1,6,0,0,0
412,302,-1,-1,4,0,0,0
413,412,357,-1,6,0,0,0
414,84,-1,-1,4,0,0,0
415,414,230,-1,4,0,0,0
416,156,-1,-1,4,0,0,0
417,416,260,-1,4,0,0,0
418,251,364,-1,4,0,0,0
419,12,190,-1,6,0,0,0
420,32,60,-1,6,0,0,0
421,12,-1,-1,4,0,0,0
422,421,291,-1,4,0,0,0
423,83,155,-1,4,0,0,0
424,143,-1,-1,4,0,0,0
425,424,201,-1,4,0,0,0
426,276,-1,-1,4,0,0,0
427,426,357,-1,4,0,0,0
428,196,254,-1,4,0,0,0
429,57,153,-1,4,0,0,0
430,2,30,-1,4,0,0,0
431,3,34,-1,4,0,0,0
432,147,-1,-1,4,0,0,0
433,432,221,-1,4,0,0,0
434,137,184,-1,6,0,0,0
435,215,323,-1,4,0,0,0
436,140,-1,-1,4,0,0,0
437,436,258,-1,6,0,0,0
438,0,160,-1,4,0,0,0
439,45,159,-1,4,0,0,0
440,3,177,-1,4,0,0,0
441,41,115,-1,6,0,0,0
442,47,58,-1,6,0,0,0
443,23,173,-1,4,0,0,0
444,102,-1,-1,4,0,0,0
445,444,-1,-1,4,0,0,0
446,445,435,-1,4,0,0,0
447,125,-1,-1,4,0,0,0
448,447,210,-1,4,0,0,0
449,137,-1,-1,4,0,0,0
450,449,254,-1,4,0,0,0
451,48,128,-1,4,0,0,0
452,73,-1,-1,4,0,0,0
453,452,-1,-1,4,0,0,0
454,453,363,-1,4,0,0,0
455,152,-1,-1,4,0,0,0
456,455,257,-1,4,0,0,0
457,5,-1,-1,4,0,0,0
458,457,221,-1,6,0,0,0
459,105,132,-1,4,0,0,0
460,58,168,-1,4,0,0,0
461,259,-1,-1,7,0,0,0
462,461,370,-1,2,0,0,0
463,142,-1,-1,4,0,0,0
464,463,-1,-1,4,0,0,0
465,464,287,-1,4,0,0,0
466,55,-1,-1,4,0,0,0
467,466,222,-1,4,0,0,0
468,23,78,-1,4,0,0,0
469,383,420,-1,6,0,0,0
470,123,150,-1,4,0,0,0
471,27,162,-1,4,0,0,0
472,10,181,-1,6,0,0,0
473,25,43,-1,4,0,0,0
474,69,107,-1,6,0,0,0
475,42,-1,-1,4,0,0,0
476,475,341,-1,4,0,0,0
477,0,102,-1,4,0,0,0
478,123,-1,-1,4,0,0,0
479,478,-1,-1,4,0,0,0
480,479,368,-1,4,0,0,0
481,57,107,-1,4,0,0,0
482,92,-1,-1,4,0,0,0
483,482,348,-1,4,0,0,0
484,18,180,-1,4,0,0,0
485,46,-1,-1,4,0,0,0
486,485,267,-1,4,0,0,0
487,49,-1,-1,4,0,0,0
488,487,301,-1,4,0,0,0
489,14,-1,-1,4,0,0,0
490,489,347,-1,4,0,0,0
491,72,158,-1,4,0,0,0
492,89,-1,-1,4,0,0,0
493,492,227,-1,4,0,0,0
494,74,-1,-1,4,0,0,0
495,494,-1,-1,4,0,0,0
496,495,458,-1,6,0,0,0
497,108,-1,-1,4,0,0,0
498,497,-1,-1,4,0,0,0
499,498,235,-1,4,0,0,0
500,122,184,-1,4,0,0,0
501,41,121,-1,4,0,0,0
502,183,-1,-1,4,0,0,0
503,502,-1,-1,4,0,0,0
504,503,422,-1,4,0,0,0
505,255,282,-1,4,0,0,0
506,184,-1,-1,4,0,0,0
507,506,275,-1,4,0,0,0
508,74,163,-1,4,0,0,0
509,75,-1,-1,4,0,0,0
510,509,212,-1,4,0,0,0
511,114,156,-1,4,0,0,0
512,15,-1,-1,4,0,0,0
513,512,310,-1,4,0,0,0
514,48,191,-1,4,0,0,0
515,118,-1,-1,4,0,0,0
516,515,-1,-1,4,0,0,0
517,516,235,-1,4,0,0,0
518,470,-1,-1,4,0,0,0
519,518,-1,-1,4,0,0,0
520,519,413,-1,4,0,0,0
521,166,-1,-1,4,0,0,0
522,521,-1,-1,4,0,0,0
523,522,406,-1,4,0,0,0
524,187,-1,-1,4,0,0,0
525,524,-1,-1,4,0,0,0
526,525,476,-1,4,0,0,0
527,76,190,-1,4,0,0,0
528,477,264,-1,6,0,0,0
529,36,-1,-1,4,0,0,0
530,529,440,-1,4,0,0,0
531,141,176,-1,4,0,0,0
532,317,276,-1,4,0,0,0
533,78,-1,-1,4,0,0,0
534,533,200,-1,4,0,0,0
535,101,-1,-1,4,0,0,0
536,535,-1,-1,4,0,0,0
537,536,238,-1,4,0,0,0
538,218,-1,-1,4,0,0,0
539,538,334,-1,4,0,0,0
540,70,-1,-1,4,0,0,0
541,540,201,-1,4,0,0,0
542,46,137,-1,4,0,0,0
543,6,-1,-1,4,0,0,0
544,543,236,-1,4,0,0,0
545,168,177,-1,4,0,0,0
546,217,-1,-1,7,0,0,0
547,546,370,-1,2,0,0,0
548,15,66,-1,4,0,0,0
549,161,-1,-1,4,0,0,0
550,549,257,-1,4,0,0,0
551,89,-1,-1,4,0,0,0
552,551,317,-1,4,0,0,0
553,138,-1,-1,4,0,0,0
554,553,251,-1,4,0,0,0
555,165,172,-1,4,0,0,0
556,2,81,-1,4,0,0,0
557,4,162,-1,4,0,0,0
558,43,127,-1,4,0,0,0
559,242,322,-1,4,0,0,0
560,61,98,-1,4,0,0,0
561,183,-1,-1,4,0,0,0
562,561,392,-1,4,0,0,0
563,267,258,-1,4,0,0,0
564,68,172,-1,4,0,0,0
565,17,158,-1,4,0,0,0
566,102,187,-1,6,0,0,0
567,185,-1,-1,4,0,0,0
568,567,269,-1,4,0,0,0
569,62,-1,-1,4,0,0,0
570,569,268,-1,6,0,0,0
571,105,-1,-1,4,0,0,0
572,571,297,-1,6,0,0,0
573,13,19,-1,6,0,0,0
574,95,-1,-1,4,0,0,0
575,574,294,-1,4,0,0,0
576,127,-1,-1,4,0,0,0
577,576,202,-1,4,0,0,0
578,14,55,-1,4,0,0,0
579,59,-1,-1,4,0,0,0
580,579,282,-1,4,0,0,0
581,97,-1,-1,4,0,0,0
582,581,310,-1,4,0,0,0
583,219,388,-1,6,0,0,0
584,3,131,-1,4,0,0,0
585,450,-1,-1,7,0,0,0
586,585,376,-1,2,0,0,0
587,27,96,-1,4,0,0,0
588,34,107,-1,4,0,0,0
589,230,245,-1,4,0,0,0
590,260,-1,-1,4,0,0,0
591,590,244,-1,4,0,0,0
592,79,-1,-1,4,0,0,0
593,592,321,-1,4,0,0,0
594,85,118,-1,6,0,0,0
595,41,-1,-1,4,0,0,0
596,595,281,-1,4,0,0,0
597,66,151,-1,4,0,0,0
598,11,42,-1,4,0,0,0
599,49,86,-1,4,0,0,0
600,131,167,-1,4,0,0,0
601,156,-1,-1,4,0,0,0
602,601,233,-1,4,0,0,0
603,236,351,-1,4,0,0,0
604,65,172,-1,4,0,0,0
605,24,67,-1,4,0,0,0
606,37,149,-1,4,0,0,0
607,20,31,-1,6,0,0,0
608,65,-1,-1,4,0,0,0
609,608,250,-1,4,0,0,0
610,323,203,-1,4,0,0,0
611,112,191,-1,4,0,0,0
612,61,-1,-1,4,0,0,0
613,612,322,-1,4,0,0,0
614,23,-1,-1,4,0,0,0
615,614,343,-1,6,0,0,0
616,10,103,-1,4,0,0,0
617,159,-1,-1,4,0,0,0
618,617,508,-1,4,0,0,0
619,0,98,-1,6,0,0,0
620,90,-1,-1,4,0,0,0
621,620,228,-1,4,0,0,0
622,78,145,-1,4,0,0,0
623,94,-1,-1,4,0,0,0
624,623,212,-1,4,0,0,0
625,121,175,-1,4,0,0,0
626,153,189,-1,4,0,0,0
627,27,134,-1,4,0,0,0
628,90,-1,-1,4,0,0,0
629,628,564,-1,4,0,0,0
630,148,-1,-1,4,0,0,0
631,630,347,-1,4,0,0,0
632,451,309,-1,4,0,0,0
633,28,-1,-1,4,0,0,0
634,633,331,-1,6,0,0,0
635,56,-1,-1,4,0,0,0
636,635,200,-1,4,0,0,0
637,93,104,-1,4,0,0,0
638,114,122,-1,4,0,0,0
639,51,-1,-1,4,0,0,0
640,639,257,-1,4,0,0,0
641,41,53,-1,4,0,0,0
642,507,532,-1,6,0,0,0
643,81,-1,-1,4,0,0,0
644,643,-1,-1,4,0,0,0
645,644,-1,-1,4,0,0,0
646,645,547,-1,4,0,0,0
647,115,-1,-1,4,0,0,0
648,647,241,-1,4,0,0,0
649,36,120,-1,4,0,0,0
650,146,-1,-1,4,0,0,0
651,650,-1,-1,4,0,0,0
652,651,370,-1,4,0,0,0
653,43,167,-1,4,0,0,0
654,40,-1,-1,4,0,0,0
655,654,193,-1,4,0,0,0
656,177,-1,-1,4,0,0,0
657,656,219,-1,4,0,0,0
658,6,140,-1,4,0,0,0
659,157,-1,-1,4,0,0,0
660,659,281,-1,4,0,0,0
661,68,-1,-1,4,0,0,0
662,661,-1,-1,4,0,0,0
663,662,467,-1,4,0,0,0
664,548,-1,-1,7,0,0,0
665,664,490,-1,2,0,0,0
666,124,-1,-1,4,0,0,0
667,666,325,-1,4,0,0,0
668,93,182,-1,4,0,0,0
669,147,164,-1,4,0,0,0
670,163,178,-1,4,0,0,0
671,58,154,-1,4,0,0,0
672,0,-1,-1,4,0,0,0
673,672,255,-1,6,0,0,0
674,50,-1,-1,4,0,0,0
675,674,259,-1,4,0,0,0
676,83,91,-1,4,0,0,0
677,132,-1,-1,4,0,0,0
678,677,232,-1,4,0,0,0
679,230,204,-1,4,0,0,0
680,9,110,-1,4,0,0,0
681,113,-1,-1,4,0,0,0
682,681,275,-1,4,0,0,0
683,649,531,-1,4,0,0,0
684,4,91,-1,4,0,0,0
685,87,89,-1,4,0,0,0
686,71,78,-1,4,0,0,0
687,38,-1,-1,4,0,0,0
688,687,321,-1,4,0,0,0
689,64,-1,-1,4,0,0,0
690,689,331,-1,4,0,0,0
691,52,136,-1,4,0,0,0
692,49,-1,-1,4,0,0,0
693,692,194,-1,4,0,0,0
694,37,-1,-1,4,0,0,0
695,694,195,-1,4,0,0,0
696,196,197,-1,4,0,0,0
697,198,199,-1,6,0,0,0
698,186,-1,-1,4,0,0,0
699,698,201,-1,6,0,0,0
700,138,-1,-1,4,0,0,0
701,700,203,-1,4,0,0,0
702,75,-1,-1,4,0,0,0
703,702,204,-1,4,0,0,0
704,108,-1,-1,4,0,0,0
705,704,205,-1,4,0,0,0
706,190,-1,-1,4,0,0,0
707,706,206,-1,4,0,0,0
708,2,-1,-1,4,0,0,0
709,708,209,-1,4,0,0,0
710,19,-1,-1,4,0,0,0
711,710,210,-1,4,0,0,0
712,80,-1,-1,4,0,0,0
713,712,211,-1,4,0,0,0
714,175,-1,-1,4,0,0,0
715,714,212,-1,6,0,0,0
716,103,-1,-1,4,0,0,0
717,716,215,-1,6,0,0,0
718,180,-1,-1,4,0,0,0
719,718,216,-1,6,0,0,0
720,149,-1,-1,4,0,0,0
721,720,217,-1,6,0,0,0
722,4,-1,-1,4,0,0,0
723,722,219,-1,4,0,0,0
724,106,-1,-1,4,0,0,0
725,724,222,-1,6,0,0,0
726,43,-1,-1,4,0,0,0
727,726,-1,-1,4,0,0,0
728,727,695,-1,4,0,0,0
729,227,228,-1,6,0,0,0
730,209,-1,-1,4,0,0,0
731,730,723,-1,4,0,0,0
732,230,193,-1,4,0,0,0
733,173,-1,-1,4,0,0,0
734,733,239,-1,6,0,0,0
735,241,-1,-1,4,0,0,0
736,735,697,-1,6,0,0,0
737,119,-1,-1,4,0,0,0
738,737,242,-1,4,0,0,0
739,245,-1,-1,4,0,0,0
740,739,247,-1,4,0,0,0
741,75,-1,-1,4,0,0,0
742,741,248,-1,6,0,0,0
743,138,-1,-1,4,0,0,0
744,743,250,-1,6,0,0,0
745,257,258,-1,6,0,0,0
746,93,-1,-1,4,0,0,0
747,746,259,-1,6,0,0,0
748,176,-1,-1,4,0,0,0
749,748,261,-1,4,0,0,0
750,87,-1,-1,4,0,0,0
751,750,267,-1,6,0,0,0
752,123,-1,-1,4,0,0,0
753,752,268,-1,6,0,0,0
754,127,-1,-1,4,0,0,0
755,754,269,-1,6,0,0,0
756,274,-1,-1,4,0,0,0
757,756,273,-1,6,0,0,0
758,275,276,-1,6,0,0,0
759,16,-1,-1,4,0,0,0
760,759,278,-1,4,0,0,0
761,25,-1,-1,4,0,0,0
762,761,279,-1,4,0,0,0
763,232,-1,-1,4,0,0,0
764,763,284,-1,6,0,0,0
765,38,-1,-1,4,0,0,0
766,765,285,-1,6,0,0,0
767,251,289,-1,4,0,0,0
768,37,-1,-1,4,0,0,0
769,768,290,-1,4,0,0,0
770,199,291,-1,4,0,0,0
771,294,279,-1,4,0,0,0
772,166,-1,-1,4,0,0,0
773,772,297,-1,4,0,0,0
774,196,-1,-1,4,0,0,0
775,774,299,-1,4,0,0,0
776,300,301,-1,4,0,0,0
777,139,-1,-1,4,0,0,0
778,777,302,-1,4,0,0,0
779,303,304,-1,4,0,0,0
780,150,-1,-1,4,0,0,0
781,780,310,-1,6,0,0,0
782,111,-1,-1,4,0,0,0
783,782,-1,-1,4,0,0,0
784,783,312,-1,6,0,0,0
785,317,290,-1,6,0,0,0
786,745,-1,-1,4,0,0,0
787,786,764,-1,6,0,0,0
788,38,-1,-1,4,0,0,0
789,788,318,-1,6,0,0,0
790,321,-1,-1,4,0,0,0
791,790,734,-1,6,0,0,0
792,130,-1,-1,4,0,0,0
793,792,-1,-1,4,0,0,0
794,793,744,-1,4,0,0,0
795,24,-1,-1,4,0,0,0
796,795,-1,-1,4,0,0,0
797,796,709,-1,4,0,0,0
798,94,-1,-1,4,0,0,0
799,798,-1,-1,4,0,0,0
800,799,758,-1,4,0,0,0
801,137,-1,-1,4,0,0,0
802,801,337,-1,4,0,0,0
803,229,339,-1,4,0,0,0
804,132,-1,-1,4,0,0,0
805,804,-1,-1,4,0,0,0
806,805,346,-1,4,0,0,0
807,218,347,-1,4,0,0,0
808,297,348,-1,4,0,0,0
809,40,-1,-1,4,0,0,0
810,809,351,-1,4,0,0,0
811,217,-1,-1,4,0,0,0
812,811,357,-1,4,0,0,0
813,361,-1,-1,7,0,0,0
814,813,747,-1,2,0,0,0
815,364,-1,-1,4,0,0,0
816,815,696,-1,4,0,0,0
817,125,-1,-1,4,0,0,0
818,817,-1,-1,4,0,0,0
819,818,366,-1,4,0,0,0
820,300,-1,-1,7,0,0,0
821,820,370,-1,2,0,0,0
822,81,-1,-1,4,0,0,0
823,822,-1,-1,4,0,0,0
824,823,734,-1,4,0,0,0
825,96,-1,-1,4,0,0,0
826,825,374,-1,6,0,0,0
827,111,-1,-1,4,0,0,0
828,827,-1,-1,4,0,0,0
829,828,-1,-1,4,0,0,0
830,829,376,-1,4,0,0,0
831,251,388,-1,4,0,0,0
832,169,-1,-1,4,0,0,0
833,832,-1,-1,4,0,0,0
834,833,-1,-1,4,0,0,0
835,834,821,-1,4,0,0,0
836,192,-1,-1,4,0,0,0
837,836,-1,-1,4,0,0,0
838,837,806,-1,4,0,0,0
839,290,-1,-1,4,0,0,0
840,839,391,-1,4,0,0,0
841,45,-1,-1,4,0,0,0
842,841,399,-1,4,0,0,0
843,84,-1,-1,4,0,0,0
844,843,-1,-1,4,0,0,0
845,844,401,-1,4,0,0,0
846,154,-1,-1,4,0,0,0
847,846,402,-1,4,0,0,0
848,14,-1,-1,4,0,0,0
849,848,-1,-1,4,0,0,0
850,849,773,-1,4,0,0,0
851,1,-1,-1,4,0,0,0
852,851,-1,-1,4,0,0,0
853,852,409,-1,6,0,0,0
854,56,-1,-1,4,0,0,0
855,854,-1,-1,4,0,0,0
856,855,410,-1,6,0,0,0
857,196,-1,-1,4,0,0,0
858,857,-1,-1,4,0,0,0
859,858,413,-1,6,0,0,0
860,183,-1,-1,4,0,0,0
861,860,-1,-1,4,0,0,0
862,861,415,-1,4,0,0,0
863,240,-1,-1,4,0,0,0
864,863,417,-1,4,0,0,0
865,738,418,-1,4,0,0,0
866,420,377,-1,6,0,0,0
867,374,-1,-1,4,0,0,0
868,867,-1,-1,4,0,0,0
869,868,-1,-1,4,0,0,0
870,869,830,-1,6,0,0,0
871,154,-1,-1,4,0,0,0
872,871,-1,-1,4,0,0,0
873,872,425,-1,4,0,0,0
874,744,-1,-1,4,0,0,0
875,874,376,-1,4,0,0,0
876,15,-1,-1,4,0,0,0
877,876,-1,-1,4,0,0,0
878,877,711,-1,4,0,0,0
879,232,-1,-1,4,0,0,0
880,879,-1,-1,4,0,0,0
881,880,728,-1,4,0,0,0
882,693,-1,-1,4,0,0,0
883,882,-1,-1,4,0,0,0
884,883,830,-1,4,0,0,0
885,54,-1,-1,4,0,0,0
886,885,-1,-1,4,0,0,0
887,886,715,-1,4,0,0,0
888,158,-1,-1,4,0,0,0
889,888,440,-1,4,0,0,0
890,8,-1,-1,4,0,0,0
891,890,-1,-1,4,0,0,0
892,891,699,-1,4,0,0,0
893,29,-1,-1,4,0,0,0
894,893,-1,-1,4,0,0,0
895,894,450,-1,4,0,0,0
896,451,-1,-1,4,0,0,0
897,896,-1,-1,4,0,0,0
898,897,454,-1,4,0,0,0
899,749,456,-1,4,0,0,0
900,253,831,-1,4,0,0,0
901,91,-1,-1,4,0,0,0
902,901,-1,-1,4,0,0,0
903,902,-1,-1,4,0,0,0
904,903,462,-1,4,0,0,0
905,182,-1,-1,4,0,0,0
906,905,-1,-1,4,0,0,0
907,906,-1,-1,4,0,0,0
908,907,819,-1,4,0,0,0
909,468,-1,-1,7,0,0,0
910,909,467,-1,2,0,0,0
911,155,-1,-1,4,0,0,0
912,911,473,-1,4,0,0,0
913,51,-1,-1,4,0,0,0
914,913,-1,-1,4,0,0,0
915,914,-1,-1,4,0,0,0
916,915,480,-1,4,0,0,0
917,88,-1,-1,4,0,0,0
918,917,-1,-1,4,0,0,0
919,918,483,-1,4,0,0,0
920,80,-1,-1,4,0,0,0
921,920,-1,-1,4,0,0,0
922,921,490,-1,4,0,0,0
923,130,-1,-1,4,0,0,0
924,923,501,-1,4,0,0,0
925,766,505,-1,4,0,0,0
926,50,-1,-1,4,0,0,0
927,926,-1,-1,4,0,0,0
928,927,744,-1,4,0,0,0
929,517,-1,-1,4,0,0,0
930,929,520,-1,4,0,0,0
931,157,-1,-1,4,0,0,0
932,931,527,-1,4,0,0,0
933,39,-1,-1,4,0,0,0
934,933,-1,-1,4,0,0,0
935,934,532,-1,4,0,0,0
936,163,-1,-1,4,0,0,0
937,936,-1,-1,4,0,0,0
938,937,-1,-1,4,0,0,0
939,938,-1,-1,4,0,0,0
940,939,916,-1,4,0,0,0
941,415,541,-1,4,0,0,0
942,542,-1,-1,4,0,0,0
943,942,433,-1,4,0,0,0
944,19,-1,-1,4,0,0,0
945,944,-1,-1,4,0,0,0
946,945,-1,-1,4,0,0,0
947,946,731,-1,4,0,0,0
948,9,-1,-1,4,0,0,0
949,948,548,-1,4,0,0,0
950,45,-1,-1,4,0,0,0
951,950,-1,-1,4,0,0,0
952,951,550,-1,4,0,0,0
953,332,-1,-1,7,0,0,0
954,953,-1,-1,7,0,0,0
955,954,821,-1,2,0,0,0
956,153,-1,-1,4,0,0,0
957,956,-1,-1,4,0,0,0
958,957,559,-1,4,0,0,0
959,280,560,-1,4,0,0,0
960,259,-1,-1,4,0,0,0
961,960,734,-1,4,0,0,0
962,715,273,-1,4,0,0,0
963,194,564,-1,4,0,0,0
964,568,-1,-1,7,0,0,0
965,964,853,-1,2,0,0,0
966,570,572,-1,6,0,0,0
967,573,441,-1,6,0,0,0
968,318,-1,-1,4,0,0,0
969,968,582,-1,4,0,0,0
970,98,-1,-1,4,0,0,0
971,970,-1,-1,4,0,0,0
972,971,593,-1,4,0,0,0
973,97,-1,-1,4,0,0,0
974,973,599,-1,4,0,0,0
975,604,605,-1,4,0,0,0
976,611,-1,-1,7,0,0,0
977,976,583,-1,2,0,0,0
978,613,570,-1,4,0,0,0
979,133,-1,-1,4,0,0,0
980,979,-1,-1,4,0,0,0
981,980,781,-1,6,0,0,0
982,771,425,-1,4,0,0,0
983,136,-1,-1,4,0,0,0
984,983,-1,-1,4,0,0,0
985,984,-1,-1,4,0,0,0
986,985,819,-1,4,0,0,0
987,723,778,-1,4,0,0,0
988,607,641,-1,4,0,0,0
989,594,-1,-1,7,0,0,0
990,989,648,-1,2,0,0,0
991,653,-1,-1,7,0,0,0
992,991,575,-1,2,0,0,0
993,5,12,-1,7,0,0,0
994,14,21,-1,4,0,0,0
995,46,73,-1,6,0,0,0
996,121,179,-1,7,0,0,0
997,993,994,-1,2,0,0,0
998,995,996,-1,4,0,0,0
999,227,198,-1,2,0,0,0
1000,258,399,-1,4,0,0,0
1001,429,338,-1,4,0,0,0
1002,600,-1,-1,7,0,0,0
1003,997,998,-1,6,0,0,0
1004,999,1000,-1,6,0,0,0
1005,1001,1002,-1,4,0,0,0
1006,709,747,-1,6,0,0,0
1007,695,701,-1,6,0,0,0
1008,541,398,-1,2,0,0,0
1009,624,615,-1,2,0,0,0
1010,1003,1004,-1,6,0,0,0
1011,1005,1006,-1,6,0,0,0
1012,1007,1008,-1,6,0,0,0
1013,1009,642,-1,6,0,0,0
1014,1010,1011,-1,6,0,0,0
1015,1012,1013,-1,6,0,0,0
1016,646,-1,-1,4,0,0,0
1017,1014,1015,-1,6,0,0,0
1018,1016,-1,-1,4,0,0,0
1019,1017,1018,-1,6,0,0,0
1020,13,42,-1,6,0,0,0
1021,84,95,-1,6,0,0,0
1022,103,122,-1,6,0,0,0
1023,139,141,-1,4,0,0,0
1024,164,-1,-1,4,0,0,0
1025,1020,1021,-1,6,0,0,0
1026,1022,1023,-1,6,0,0,0
1027,1024,259,-1,6,0,0,0
1028,210,285,-1,6,0,0,0
1029,221,331,-1,6,0,0,0
1030,440,248,-1,6,0,0,0
1031,470,305,-1,6,0,0,0
1032,377,342,-1,6,0,0,0
1033,606,411,-1,6,0,0,0
1034,265,460,-1,6,0,0,0
1035,622,670,-1,6,0,0,0
1036,340,-1,-1,4,0,0,0
1037,1025,1026,-1,6,0,0,0
1038,1027,1028,-1,6,0,0,0
1039,1029,1030,-1,6,0,0,0
1040,1031,1032,-1,6,0,0,0
1041,1033,1034,-1,6,0,0,0
1042,1035,1036,-1,6,0,0,0
1043,744,583,-1,2,0,0,0
1044,826,528,-1,6,0,0,0
1045,1037,1038,-1,6,0,0,0
1046,1039,1040,-1,6,0,0,0
1047,1041,1042,-1,6,0,0,0
1048,1043,1044,-1,6,0,0,0
1049,895,853,-1,6,0,0,0
1050,537,-1,-1,4,0,0,0
1051,1045,1046,-1,6,0,0,0
1052,1047,1048,-1,6,0,0,0
1053,1049,1050,-1,6,0,0,0
1054,1051,1052,-1,6,0,0,0
1055,1053,-1,-1,4,0,0,0
1056,1054,1055,-1,6,0,0,0
1057,87,-1,-1,7,0,0,0
1058,1057,281,-1,7,0,0,0
1059,228,248,-1,7,0,0,0
1060,204,256,-1,7,0,0,0
1061,303,545,-1,2,0,0,0
1062,626,607,-1,7,0,0,0
1063,557,671,-1,7,0,0,0
1064,329,314,-1,7,0,0,0
1065,1058,1059,-1,7,0,0,0
1066,1060,1061,-1,2,0,0,0
1067,1062,1063,-1,7,0,0,0
1068,1064,766,-1,7,0,0,0
1069,758,476,-1,4,0,0,0
1070,334,583,-1,7,0,0,0
1071,486,372,-1,7,0,0,0
1072,963,866,-1,7,0,0,0
1073,610,673,-1,7,0,0,0
1074,1065,1066,-1,2,0,0,0
1075,1067,1068,-1,7,0,0,0
1076,1069,1070,-1,4,0,0,0
1077,1071,1072,-1,7,0,0,0
1078,1073,496,-1,7,0,0,0
1079,892,-1,-1,7,0,0,0
1080,1074,1075,-1,4,0,0,0
1081,1076,1077,-1,4,0,0,0
1082,1078,1079,-1,7,0,0,0
1083,916,904,-1,7,0,0,0
1084,1080,1081,-1,6,0,0,0
1085,1082,1083,-1,7,0,0,0
1086,1084,1085,-1,4,0,0,0
1087,23,71,-1,4,0,0,0
1088,120,160,-1,6,0,0,0
1089,188,-1,-1,4,0,0,0
1090,1087,1088,-1,6,0,0,0
1091,1089,291,-1,4,0,0,0
1092,233,261,-1,4,0,0,0
1093,307,584,-1,6,0,0,0
1094,345,669,-1,2,0,0,0
1095,676,-1,-1,4,0,0,0
1096,1090,1091,-1,6,0,0,0
1097,1092,1093,-1,6,0,0,0
1098,1094,1095,-1,6,0,0,0
1099,738,621,-1,2,0,0,0
1100,634,675,-1,6,0,0,0
1101,974,678,-1,4,0,0,0
1102,554,679,-1,4,0,0,0
1103,1096,1097,-1,6,0,0,0
1104,1098,1099,-1,6,0,0,0
1105,1100,1101,-1,6,0,0,0
1106,1102,919,-1,4,0,0,0
1107,642,-1,-1,4,0,0,0
1108,1103,1104,-1,6,0,0,0
1109,1105,1106,-1,6,0,0,0
1110,1107,586,-1,4,0,0,0
1111,1108,1109,-1,6,0,0,0
1112,1110,-1,-1,4,0,0,0
1113,1111,1112,-1,6,0,0,0
1114,14,48,-1,7,0,0,0
1115,57,93,-1,2,0,0,0
1116,128,147,-1,7,0,0,0
1117,169,180,-1,7,0,0,0
1118,1114,1115,-1,2,0,0,0
1119,1116,1117,-1,7,0,0,0
1120,310,285,-1,7,0,0,0
1121,297,201,-1,7,0,0,0
1122,205,229,-1,2,0,0,0
1123,233,431,-1,7,0,0,0
1124,381,598,-1,2,0,0,0
1125,336,-1,-1,4,0,0,0
1126,1118,1119,-1,4,0,0,0
1127,1120,1121,-1,7,0,0,0
1128,1122,1123,-1,4,0,0,0
1129,1124,1125,-1,6,0,0,0
1130,450,613,-1,2,0,0,0
1131,682,563,-1,2,0,0,0
1132,683,-1,-1,4,0,0,0
1133,1126,1127,-1,4,0,0,0
1134,1128,1129,-1,6,0,0,0
1135,1130,1131,-1,6,0,0,0
1136,1132,935,-1,6,0,0,0
1137,775,864,-1,2,0,0,0
1138,1133,1134,-1,6,0,0,0
1139,1135,1136,-1,6,0,0,0
1140,1137,-1,-1,4,0,0,0
1141,1138,1139,-1,6,0,0,0
1142,1140,-1,-1,4,0,0,0
1143,1141,1142,-1,6,0,0,0
1144,686,-1,-1,7,0,0,0
1145,1144,-1,-1,7,0,0,0
1146,1145,-1,-1,7,0,0,0
1147,1146,955,-1,2,0,0,0
1148,84,-1,-1,4,0,0,0
1149,1148,-1,-1,4,0,0,0
1150,1149,769,-1,4,0,0,0
1151,297,-1,-1,4,0,0,0
1152,1151,-1,-1,4,0,0,0
1153,1152,-1,-1,4,0,0,0
1154,1153,986,-1,4,0,0,0
1155,6,30,-1,7,0,0,0
1156,53,60,-1,7,0,0,0
1157,77,104,-1,7,0,0,0
1158,116,122,-1,7,0,0,0
1159,180,-1,-1,7,0,0,0
1160,1155,1156,-1,7,0,0,0
1161,1157,1158,-1,7,0,0,0
1162,1159,218,-1,7,0,0,0
1163,198,239,-1,7,0,0,0
1164,196,684,-1,7,0,0,0
1165,307,472,-1,7,0,0,0
1166,573,680,-1,7,0,0,0
1167,1160,1161,-1,7,0,0,0
1168,1162,1163,-1,7,0,0,0
1169,1164,1165,-1,7,0,0,0
1170,1166,415,-1,7,0,0,0
1171,745,766,-1,7,0,0,0
1172,247,417,-1,7,0,0,0
1173,493,675,-1,7,0,0,0
1174,1167,1168,-1,7,0,0,0
1175,1169,1170,-1,7,0,0,0
1176,1171,1172,-1,7,0,0,0
1177,1173,972,-1,7,0,0,0
1178,642,-1,-1,7,0,0,0
1179,1174,1175,-1,7,0,0,0
1180,1176,1177,-1,7,0,0,0
1181,1178,-1,-1,7,0,0,0
1182,1179,1180,-1,7,0,0,0
1183,1181,-1,-1,7,0,0,0
1184,1182,1183,-1,7,0,0,0
1185,684,-1,-1,7,0,0,0
1186,1185,771,-1,2,0,0,0
1187,67,-1,-1,4,0,0,0
1188,1187,-1,-1,4,0,0,0
1189,1188,-1,-1,4,0,0,0
1190,1189,928,-1,4,0,0,0
1191,53,-1,-1,4,0,0,0
1192,1191,-1,-1,4,0,0,0
1193,1192,693,-1,4,0,0,0
1194,709,711,-1,6,0,0,0
1195,213,-1,-1,7,0,0,0
1196,1195,715,-1,2,0,0,0
1197,162,-1,-1,4,0,0,0
1198,1197,-1,-1,4,0,0,0
1199,1198,717,-1,6,0,0,0
1200,719,721,-1,6,0,0,0
1201,218,-1,-1,4,0,0,0
1202,1201,723,-1,6,0,0,0
1203,42,-1,-1,4,0,0,0
1204,1203,-1,-1,4,0,0,0
1205,1204,-1,-1,4,0,0,0
1206,1205,728,-1,4,0,0,0
1207,170,-1,-1,4,0,0,0
1208,1207,-1,-1,4,0,0,0
1209,1208,729,-1,4,0,0,0
1210,229,-1,-1,7,0,0,0
1211,1210,-1,-1,7,0,0,0
1212,1211,1193,-1,2,0,0,0
1213,231,-1,-1,7,0,0,0
1214,1213,732,-1,2,0,0,0
1215,240,-1,-1,7,0,0,0
1216,1215,734,-1,2,0,0,0
1217,37,-1,-1,4,0,0,0
1218,1217,-1,-1,4,0,0,0
1219,1218,738,-1,4,0,0,0
1220,139,-1,-1,4,0,0,0
1221,1220,-1,-1,4,0,0,0
1222,1221,744,-1,6,0,0,0
1223,91,-1,-1,4,0,0,0
1224,1223,-1,-1,4,0,0,0
1225,1224,747,-1,6,0,0,0
1226,277,-1,-1,4,0,0,0
1227,1226,758,-1,6,0,0,0
1228,120,-1,-1,4,0,0,0
1229,1228,-1,-1,4,0,0,0
1230,1229,769,-1,4,0,0,0
1231,295,-1,-1,7,0,0,0
1232,1231,771,-1,2,0,0,0
1233,209,-1,-1,4,0,0,0
1234,1233,773,-1,4,0,0,0
1235,747,778,-1,4,0,0,0
1236,779,725,-1,4,0,0,0
1237,250,-1,-1,4,0,0,0
1238,1237,785,-1,6,0,0,0
1239,736,-1,-1,4,0,0,0
1240,1239,787,-1,6,0,0,0
1241,320,-1,-1,4,0,0,0
1242,1241,791,-1,6,0,0,0
1243,13,-1,-1,4,0,0,0
1244,1243,-1,-1,4,0,0,0
1245,1244,-1,-1,4,0,0,0
1246,1245,794,-1,4,0,0,0
1247,92,-1,-1,4,0,0,0
1248,1247,-1,-1,4,0,0,0
1249,1248,-1,-1,4,0,0,0
1250,1249,797,-1,4,0,0,0
1251,338,-1,-1,4,0,0,0
1252,1251,803,-1,4,0,0,0
1253,363,-1,-1,4,0,0,0
1254,1253,816,-1,4,0,0,0
1255,277,-1,-1,7,0,0,0
1256,1255,-1,-1,7,0,0,0
1257,1256,819,-1,2,0,0,0
1258,141,-1,-1,4,0,0,0
1259,1258,-1,-1,4,0,0,0
1260,1259,-1,-1,4,0,0,0
1261,1260,821,-1,4,0,0,0
1262,745,-1,-1,4,0,0,0
1263,1262,-1,-1,4,0,0,0
1264,1263,1246,-1,4,0,0,0
1265,372,-1,-1,7,0,0,0
1266,1265,824,-1,2,0,0,0
1267,56,-1,-1,4,0,0,0
1268,1267,-1,-1,4,0,0,0
1269,1268,-1,-1,4,0,0,0
1270,1269,1232,-1,4,0,0,0
1271,383,-1,-1,4,0,0,0
1272,1271,-1,-1,4,0,0,0
1273,1272,1225,-1,4,0,0,0
1274,32,-1,-1,4,0,0,0
1275,1274,-1,-1,4,0,0,0
1276,1275,831,-1,4,0,0,0
1277,37,39,-1,7,0,0,0
1278,46,76,-1,7,0,0,0
1279,80,166,-1,7,0,0,0
1280,171,175,-1,7,0,0,0
1281,1277,1278,-1,7,0,0,0
1282,1279,1280,-1,7,0,0,0
1283,310,242,-1,7,0,0,0
1284,331,347,-1,7,0,0,0
1285,269,361,-1,2,0,0,0
1286,392,396,-1,7,0,0,0
1287,403,-1,-1,7,0,0,0
1288,1281,1282,-1,7,0,0,0
1289,1283,1284,-1,7,0,0,0
1290,1285,1286,-1,4,0,0,0
1291,1287,744,-1,7,0,0,0
1292,284,697,-1,7,0,0,0
1293,699,398,-1,7,0,0,0
1294,842,847,-1,7,0,0,0
1295,316,404,-1,7,0,0,0
1296,1288,1289,-1,7,0,0,0
1297,1290,1291,-1,4,0,0,0
1298,1292,1293,-1,7,0,0,0
1299,1294,1295,-1,7,0,0,0
1300,395,845,-1,7,0,0,0
1301,1296,1297,-1,2,0,0,0
1302,1298,1299,-1,7,0,0,0
1303,1300,-1,-1,7,0,0,0
1304,1301,1302,-1,4,0,0,0
1305,1303,-1,-1,7,0,0,0
1306,1304,1305,-1,4,0,0,0
1307,0,-1,-1,4,0,0,0
1308,1307,-1,-1,4,0,0,0
1309,1308,-1,-1,4,0,0,0
1310,1309,856,-1,6,0,0,0
1311,25,-1,-1,4,0,0,0
1312,1311,-1,-1,4,0,0,0
1313,1312,-1,-1,4,0,0,0
1314,1313,862,-1,4,0,0,0
1315,123,-1,-1,4,0,0,0
1316,1315,-1,-1,4,0,0,0
1317,1316,866,-1,6,0,0,0
1318,428,-1,-1,4,0,0,0
1319,1318,878,-1,4,0,0,0
1320,435,-1,-1,4,0,0,0
1321,1320,-1,-1,4,0,0,0
1322,1321,-1,-1,4,0,0,0
1323,1322,884,-1,4,0,0,0
1324,276,-1,-1,4,0,0,0
1325,1324,-1,-1,4,0,0,0
1326,1325,895,-1,4,0,0,0
1327,1,8,-1,6,0,0,0
1328,11,58,-1,6,0,0,0
1329,68,78,-1,6,0,0,0
1330,91,99,-1,6,0,0,0
1331,117,121,-1,6,0,0,0
1332,142,147,-1,6,0,0,0
1333,163,174,-1,6,0,0,0
1334,1327,1328,-1,6,0,0,0
1335,1329,1330,-1,6,0,0,0
1336,1331,1332,-1,6,0,0,0
1337,1333,217,-1,6,0,0,0
1338,275,241,-1,6,0,0,0
1339,303,470,-1,6,0,0,0
1340,471,207,-1,6,0,0,0
1341,472,411,-1,6,0,0,0
1342,474,-1,-1,4,0,0,0
1343,1334,1335,-1,6,0,0,0
1344,1336,1337,-1,6,0,0,0
1345,1338,1339,-1,6,0,0,0
1346,1340,1341,-1,6,0,0,0
1347,1342,253,-1,6,0,0,0
1348,771,742,-1,2,0,0,0
1349,755,271,-1,6,0,0,0
1350,802,912,-1,6,0,0,0
1351,437,469,-1,6,0,0,0
1352,1343,1344,-1,6,0,0,0
1353,1345,1346,-1,6,0,0,0
1354,1347,1348,-1,6,0,0,0
1355,1349,1350,-1,6,0,0,0
1356,1351,-1,-1,4,0,0,0
1357,1352,1353,-1,6,0,0,0
1358,1354,1355,-1,6,0,0,0
1359,1356,-1,-1,4,0,0,0
1360,1357,1358,-1,6,0,0,0
1361,1359,-1,-1,4,0,0,0
1362,1360,1361,-1,6,0,0,0
1363,63,-1,-1,4,0,0,0
1364,1363,-1,-1,4,0,0,0
1365,1364,-1,-1,4,0,0,0
1366,1365,922,-1,4,0,0,0
1367,513,-1,-1,7,0,0,0
1368,1367,1216,-1,2,0,0,0
1369,514,-1,-1,4,0,0,0
1370,1369,-1,-1,4,0,0,0
1371,1370,928,-1,4,0,0,0
1372,21,37,-1,6,0,0,0
1373,57,72,-1,6,0,0,0
1374,73,79,-1,4,0,0,0
1375,85,99,-1,6,0,0,0
1376,109,122,-1,6,0,0,0
1377,148,154,-1,6,0,0,0
1378,173,181,-1,6,0,0,0
1379,1372,1373,-1,6,0,0,0
1380,1374,1375,-1,6,0,0,0
1381,1376,1377,-1,6,0,0,0
1382,1378,255,-1,6,0,0,0
1383,205,440,-1,6,0,0,0
1384,206,274,-1,6,0,0,0
1385,339,324,-1,6,0,0,0
1386,278,396,-1,4,0,0,0
1387,423,-1,-1,7,0,0,0
1388,1379,1380,-1,6,0,0,0
1389,1381,1382,-1,6,0,0,0
1390,1383,1384,-1,6,0,0,0
1391,1385,1386,-1,6,0,0,0
1392,1387,753,-1,2,0,0,0
1393,932,528,-1,6,0,0,0
1394,1388,1389,-1,6,0,0,0
1395,1390,1391,-1,6,0,0,0
1396,1392,1393,-1,6,0,0,0
1397,794,523,-1,4,0,0,0
1398,526,840,-1,6,0,0,0
1399,899,1199,-1,6,0,0,0
1400,1394,1395,-1,6,0,0,0
1401,1396,1397,-1,6,0,0,0
1402,1398,1399,-1,6,0,0,0
1403,1400,1401,-1,6,0,0,0
1404,1402,-1,-1,4,0,0,0
1405,1403,1404,-1,6,0,0,0
1406,544,-1,-1,7,0,0,0
1407,1406,-1,-1,7,0,0,0
1408,1407,947,-1,2,0,0,0
1409,1193,797,-1,4,0,0,0
1410,163,-1,-1,4,0,0,0
1411,1410,-1,-1,4,0,0,0
1412,1411,959,-1,4,0,0,0
1413,530,963,-1,4,0,0,0
1414,22,27,-1,6,0,0,0
1415,38,75,-1,6,0,0,0
1416,113,140,-1,6,0,0,0
1417,142,145,-1,6,0,0,0
1418,146,154,-1,6,0,0,0
1419,186,189,-1,6,0,0,0
1420,1414,1415,-1,6,0,0,0
1421,1416,1417,-1,6,0,0,0
1422,1418,1419,-1,6,0,0,0
1423,212,251,-1,6,0,0,0
1424,431,565,-1,2,0,0,0
1425,566,472,-1,6,0,0,0
1426,293,340,-1,6,0,0,0
1427,1420,1421,-1,6,0,0,0
1428,1422,1423,-1,6,0,0,0
1429,1424,1425,-1,6,0,0,0
1430,1426,744,-1,6,0,0,0
1431,734,769,-1,4,0,0,0
1432,696,719,-1,6,0,0,0
1433,458,422,-1,6,0,0,0
1434,967,-1,-1,4,0,0,0
1435,1427,1428,-1,6,0,0,0
1436,1429,1430,-1,6,0,0,0
1437,1431,1432,-1,6,0,0,0
1438,1433,1434,-1,6,0,0,0
1439,413,1317,-1,6,0,0,0
1440,966,-1,-1,4,0,0,0
1441,1435,1436,-1,6,0,0,0
1442,1437,1438,-1,6,0,0,0
1443,1439,1440,-1,6,0,0,0
1444,1310,965,-1,6,0,0,0
1445,1441,1442,-1,6,0,0,0
1446,1443,1444,-1,6,0,0,0
1447,1240,-1,-1,4,0,0,0
1448,1445,1446,-1,6,0,0,0
1449,1447,-1,-1,4,0,0,0
1450,1448,1449,-1,6,0,0,0
1451,47,-1,-1,4,0,0,0
1452,1451,-1,-1,4,0,0,0
1453,1452,-1,-1,4,0,0,0
1454,1453,-1,-1,4,0,0,0
1455,1454,1310,-1,6,0,0,0
1456,13,14,-1,6,0,0,0
1457,15,20,-1,6,0,0,0
1458,49,61,-1,6,0,0,0
1459,66,130,-1,6,0,0,0
1460,136,153,-1,6,0,0,0
1461,165,166,-1,6,0,0,0
1462,169,173,-1,6,0,0,0
1463,174,180,-1,6,0,0,0
1464,182,187,-1,6,0,0,0
1465,1456,1457,-1,6,0,0,0
1466,1458,1459,-1,6,0,0,0
1467,1460,1461,-1,6,0,0,0
1468,1462,1463,-1,6,0,0,0
1469,1464,218,-1,4,0,0,0
1470,219,221,-1,6,0,0,0
1471,301,269,-1,6,0,0,0
1472,262,545,-1,2,0,0,0
1473,382,442,-1,6,0,0,0
1474,587,588,-1,6,0,0,0
1475,329,-1,-1,4,0,0,0
1476,1465,1466,-1,6,0,0,0
1477,1467,1468,-1,6,0,0,0
1478,1469,1470,-1,6,0,0,0
1479,1471,1472,-1,6,0,0,0
1480,1473,1474,-1,6,0,0,0
1481,1475,709,-1,4,0,0,0
1482,729,326,-1,6,0,0,0
1483,912,589,-1,6,0,0,0
1484,1476,1477,-1,6,0,0,0
1485,1478,1479,-1,6,0,0,0
1486,1480,1481,-1,6,0,0,0
1487,1482,1483,-1,6,0,0,0
1488,1227,969,-1,6,0,0,0
1489,591,-1,-1,4,0,0,0
1490,1484,1485,-1,6,0,0,0
1491,1486,1487,-1,6,0,0,0
1492,1488,1489,-1,6,0,0,0
1493,1490,1491,-1,6,0,0,0
1494,1492,-1,-1,4,0,0,0
1495,1493,1494,-1,6,0,0,0
1496,33,39,-1,2,0,0,0
1497,54,56,-1,7,0,0,0
1498,84,90,-1,7,0,0,0
1499,106,108,-1,4,0,0,0
1500,109,141,-1,7,0,0,0
1501,156,188,-1,7,0,0,0
1502,1496,1497,-1,4,0,0,0
1503,1498,1499,-1,2,0,0,0
1504,1500,1501,-1,7,0,0,0
1505,217,239,-1,7,0,0,0
1506,317,347,-1,7,0,0,0
1507,241,420,-1,7,0,0,0
1508,542,307,-1,4,0,0,0
1509,594,566,-1,7,0,0,0
1510,472,-1,-1,7,0,0,0
1511,1502,1503,-1,6,0,0,0
1512,1504,1505,-1,7,0,0,0
1513,1506,1507,-1,7,0,0,0
1514,1508,1509,-1,4,0,0,0
1515,1510,357,-1,7,0,0,0
1516,719,707,-1,7,0,0,0
1517,572,596,-1,7,0,0,0
1518,1511,1512,-1,4,0,0,0
1519,1513,1514,-1,2,0,0,0
1520,1515,1516,-1,7,0,0,0
1521,1517,972,-1,7,0,0,0
1522,1199,-1,-1,7,0,0,0
1523,1518,1519,-1,6,0,0,0
1524,1520,1521,-1,7,0,0,0
1525,1522,-1,-1,7,0,0,0
1526,1523,1524,-1,4,0,0,0
1527,1525,870,-1,7,0,0,0
1528,1526,1527,-1,4,0,0,0
1529,8,53,-1,4,0,0,0
1530,60,77,-1,7,0,0,0
1531,81,-1,-1,7,0,0,0
1532,1529,1530,-1,4,0,0,0
1533,1531,195,-1,7,0,0,0
1534,230,255,-1,2,0,0,0
1535,364,459,-1,4,0,0,0
1536,439,597,-1,2,0,0,0
1537,594,598,-1,2,0,0,0
1538,600,-1,-1,7,0,0,0
1539,1532,1533,-1,4,0,0,0
1540,1534,1535,-1,6,0,0,0
1541,1536,1537,-1,6,0,0,0
1542,1538,284,-1,7,0,0,0
1543,507,467,-1,4,0,0,0
1544,287,974,-1,7,0,0,0
1545,602,603,-1,4,0,0,0
1546,975,-1,-1,7,0,0,0
1547,1539,1540,-1,6,0,0,0
1548,1541,1542,-1,4,0,0,0
1549,1543,1544,-1,4,0,0,0
1550,1545,1546,-1,4,0,0,0
1551,873,814,-1,6,0,0,0
1552,1196,943,-1,4,0,0,0
1553,1547,1548,-1,6,0,0,0
1554,1549,1550,-1,6,0,0,0
1555,1551,1552,-1,6,0,0,0
1556,1553,1554,-1,6,0,0,0
1557,1555,-1,-1,4,0,0,0
1558,1556,1557,-1,6,0,0,0
1559,13,33,-1,6,0,0,0
1560,35,36,-1,6,0,0,0
1561,83,106,-1,6,0,0,0
1562,116,167,-1,6,0,0,0
1563,1559,1560,-1,6,0,0,0
1564,1561,1562,-1,6,0,0,0
1565,210,420,-1,6,0,0,0
1566,429,262,-1,6,0,0,0
1567,606,607,-1,6,0,0,0
1568,208,558,-1,6,0,0,0
1569,1563,1564,-1,6,0,0,0
1570,1565,1566,-1,6,0,0,0
1571,1567,1568,-1,6,0,0,0
1572,253,409,-1,6,0,0,0
1573,593,510,-1,6,0,0,0
1574,609,610,-1,6,0,0,0
1575,615,-1,-1,4,0,0,0
1576,1569,1570,-1,6,0,0,0
1577,1571,1572,-1,6,0,0,0
1578,1573,1574,-1,6,0,0,0
1579,1575,764,-1,6,0,0,0
1580,961,977,-1,6,0,0,0
1581,978,981,-1,7,0,0,0
1582,1576,1577,-1,6,0,0,0
1583,1578,1579,-1,6,0,0,0
1584,1580,1581,-1,4,0,0,0
1585,1326,-1,-1,7,0,0,0
1586,1582,1583,-1,6,0,0,0
1587,1584,1585,-1,4,0,0,0
1588,1455,-1,-1,4,0,0,0
1589,1586,1587,-1,6,0,0,0
1590,1588,-1,-1,4,0,0,0
1591,1589,1590,-1,6,0,0,0
1592,5,34,-1,7,0,0,0
1593,41,135,-1,2,0,0,0
1594,144,149,-1,7,0,0,0
1595,162,-1,-1,7,0,0,0
1596,1592,1593,-1,2,0,0,0
1597,1594,1595,-1,7,0,0,0
1598,220,440,-1,2,0,0,0
1599,364,245,-1,4,0,0,0
1600,616,344,-1,7,0,0,0
1601,265,619,-1,4,0,0,0
1602,1596,1597,-1,4,0,0,0
1603,1598,1599,-1,6,0,0,0
1604,1600,1601,-1,2,0,0,0
1605,238,719,-1,7,0,0,0
1606,559,618,-1,2,0,0,0
1607,1602,1603,-1,6,0,0,0
1608,1604,1605,-1,4,0,0,0
1609,1606,800,-1,6,0,0,0
1610,446,982,-1,2,0,0,0
1611,1607,1608,-1,6,0,0,0
1612,1609,1610,-1,6,0,0,0
1613,1246,908,-1,7,0,0,0
1614,1611,1612,-1,6,0,0,0
1615,1613,930,-1,7,0,0,0
1616,1614,1615,-1,4,0,0,0
1617,17,44,-1,7,0,0,0
1618,45,54,-1,7,0,0,0
1619,79,94,-1,7,0,0,0
1620,119,158,-1,7,0,0,0
1621,1617,1618,-1,7,0,0,0
1622,1619,1620,-1,7,0,0,0
1623,198,275,-1,7,0,0,0
1624,282,289,-1,7,0,0,0
1625,277,309,-1,7,0,0,0
1626,214,-1,-1,7,0,0,0
1627,1621,1622,-1,7,0,0,0
1628,1623,1624,-1,7,0,0,0
1629,1625,1626,-1,7,0,0,0
1630,284,490,-1,7,0,0,0
1631,778,732,-1,4,0,0,0
1632,789,762,-1,2,0,0,0
1633,534,469,-1,7,0,0,0
1634,967,-1,-1,7,0,0,0
1635,1627,1628,-1,7,0,0,0
1636,1629,1630,-1,7,0,0,0
1637,1631,1632,-1,6,0,0,0
1638,1633,1634,-1,7,0,0,0
1639,728,496,-1,7,0,0,0
1640,1234,-1,-1,7,0,0,0
1641,1635,1636,-1,7,0,0,0
1642,1637,1638,-1,4,0,0,0
1643,1639,1640,-1,7,0,0,0
1644,1641,1642,-1,2,0,0,0
1645,1643,-1,-1,7,0,0,0
1646,1644,1645,-1,4,0,0,0
1647,108,-1,-1,4,0,0,0
1648,1647,-1,-1,4,0,0,0
1649,1648,-1,-1,4,0,0,0
1650,1649,-1,-1,4,0,0,0
1651,1650,986,-1,4,0,0,0
1652,374,-1,-1,4,0,0,0
1653,1652,-1,-1,4,0,0,0
1654,1653,987,-1,4,0,0,0
1655,33,43,-1,7,0,0,0
1656,50,110,-1,4,0,0,0
1657,119,121,-1,7,0,0,0
1658,131,137,-1,2,0,0,0
1659,158,-1,-1,7,0,0,0
1660,1655,1656,-1,2,0,0,0
1661,1657,1658,-1,2,0,0,0
1662,1659,323,-1,7,0,0,0
1663,364,240,-1,7,0,0,0
1664,438,351,-1,7,0,0,0
1665,380,263,-1,4,0,0,0
1666,616,626,-1,7,0,0,0
1667,266,443,-1,7,0,0,0
1668,627,-1,-1,4,0,0,0
1669,1660,1661,-1,6,0,0,0
1670,1662,1663,-1,7,0,0,0
1671,1664,1665,-1,2,0,0,0
1672,1666,1667,-1,7,0,0,0
1673,1668,363,-1,4,0,0,0
1674,769,773,-1,7,0,0,0
1675,299,409,-1,7,0,0,0
1676,629,631,-1,2,0,0,0
1677,632,-1,-1,7,0,0,0
1678,1669,1670,-1,4,0,0,0
1679,1671,1672,-1,4,0,0,0
1680,1673,1674,-1,4,0,0,0
1681,1675,1676,-1,2,0,0,0
1682,1677,856,-1,7,0,0,0
1683,1276,504,-1,7,0,0,0
1684,1678,1679,-1,6,0,0,0
1685,1680,1681,-1,6,0,0,0
1686,1682,1683,-1,7,0,0,0
1687,1654,-1,-1,7,0,0,0
1688,1684,1685,-1,6,0,0,0
1689,1686,1687,-1,7,0,0,0
1690,1688,1689,-1,4,0,0,0
1691,94,101,-1,6,0,0,0
1692,108,158,-1,6,0,0,0
1693,171,176,-1,2,0,0,0
1694,178,-1,-1,4,0,0,0
1695,1691,1692,-1,6,0,0,0
1696,1693,1694,-1,6,0,0,0
1697,194,341,-1,6,0,0,0
1698,236,256,-1,6,0,0,0
1699,318,306,-1,6,0,0,0
1700,213,407,-1,6,0,0,0
1701,278,637,-1,7,0,0,0
1702,638,-1,-1,7,0,0,0
1703,1695,1696,-1,6,0,0,0
1704,1697,1698,-1,6,0,0,0
1705,1699,1700,-1,6,0,0,0
1706,1701,1702,-1,7,0,0,0
1707,415,312,-1,6,0,0,0
1708,559,379,-1,6,0,0,0
1709,486,550,-1,7,0,0,0
1710,807,634,-1,6,0,0,0
1711,596,636,-1,6,0,0,0
1712,713,562,-1,6,0,0,0
1713,1703,1704,-1,6,0,0,0
1714,1705,1706,-1,4,0,0,0
1715,1707,1708,-1,6,0,0,0
1716,1709,1710,-1,2,0,0,0
1717,1711,1712,-1,6,0,0,0
1718,1194,981,-1,4,0,0,0
1719,1713,1714,-1,6,0,0,0
1720,1715,1716,-1,6,0,0,0
1721,1717,1718,-1,6,0,0,0
1722,1719,1720,-1,6,0,0,0
1723,1721,-1,-1,4,0,0,0
1724,1722,1723,-1,6,0,0,0
1725,5,12,-1,6,0,0,0
1726,19,32,-1,6,0,0,0
1727,54,63,-1,6,0,0,0
1728,65,89,-1,4,0,0,0
1729,91,93,-1,6,0,0,0
1730,111,124,-1,4,0,0,0
1731,131,148,-1,6,0,0,0
1732,155,156,-1,6,0,0,0
1733,167,-1,-1,4,0,0,0
1734,1725,1726,-1,6,0,0,0
1735,1727,1728,-1,6,0,0,0
1736,1729,1730,-1,6,0,0,0
1737,1731,1732,-1,6,0,0,0
1738,1733,267,-1,6,0,0,0
1739,241,470,-1,6,0,0,0
1740,318,565,-1,6,0,0,0
1741,468,556,-1,7,0,0,0
1742,588,313,-1,2,0,0,0
1743,1734,1735,-1,6,0,0,0
1744,1736,1737,-1,6,0,0,0
1745,1738,1739,-1,6,0,0,0
1746,1740,1741,-1,4,0,0,0
1747,1742,758,-1,6,0,0,0
1748,287,401,-1,7,0,0,0
1749,570,634,-1,6,0,0,0
1750,755,320,-1,6,0,0,0
1751,640,632,-1,7,0,0,0
1752,988,-1,-1,4,0,0,0
1753,1743,1744,-1,6,0,0,0
1754,1745,1746,-1,6,0,0,0
1755,1747,1748,-1,4,0,0,0
1756,1749,1750,-1,6,0,0,0
1757,1751,1752,-1,2,0,0,0
1758,850,-1,-1,4,0,0,0
1759,1753,1754,-1,6,0,0,0
1760,1755,1756,-1,6,0,0,0
1761,1757,1758,-1,6,0,0,0
1762,1759,1760,-1,6,0,0,0
1763,1761,-1,-1,4,0,0,0
1764,1762,1763,-1,6,0,0,0
1765,16,18,-1,7,0,0,0
1766,25,30,-1,7,0,0,0
1767,37,105,-1,7,0,0,0
1768,126,147,-1,7,0,0,0
1769,170,172,-1,7,0,0,0
1770,188,-1,-1,7,0,0,0
1771,1765,1766,-1,7,0,0,0
1772,1767,1768,-1,7,0,0,0
1773,1769,1770,-1,7,0,0,0
1774,210,294,-1,7,0,0,0
1775,205,440,-1,7,0,0,0
1776,501,392,-1,7,0,0,0
1777,385,627,-1,4,0,0,0
1778,313,474,-1,7,0,0,0
1779,1771,1772,-1,7,0,0,0
1780,1773,1774,-1,7,0,0,0
1781,1775,1776,-1,7,0,0,0
1782,1777,1778,-1,4,0,0,0
1783,770,326,-1,7,0,0,0
1784,437,-1,-1,7,0,0,0
1785,1779,1780,-1,7,0,0,0
1786,1781,1782,-1,2,0,0,0
1787,1783,1784,-1,7,0,0,0
1788,642,990,-1,2,0,0,0
1789,1785,1786,-1,2,0,0,0
1790,1787,1788,-1,2,0,0,0
1791,646,-1,-1,7,0,0,0
1792,1789,1790,-1,6,0,0,0
1793,1791,-1,-1,7,0,0,0
1794,1792,1793,-1,4,0,0,0
1795,22,65,-1,6,0,0,0
1796,87,104,-1,2,0,0,0
1797,106,130,-1,6,0,0,0
1798,1795,1796,-1,6,0,0,0
1799,1797,195,-1,6,0,0,0
1800,280,222,-1,4,0,0,0
1801,233,256,-1,2,0,0,0
1802,200,380,-1,2,0,0,0
1803,361,649,-1,4,0,0,0
1804,1798,1799,-1,6,0,0,0
1805,1800,1801,-1,6,0,0,0
1806,1802,1803,-1,6,0,0,0
1807,767,615,-1,7,0,0,0
1808,1804,1805,-1,6,0,0,0
1809,1806,1807,-1,4,0,0,0
1810,764,816,-1,4,0,0,0
1811,652,992,-1,7,0,0,0
1812,1808,1809,-1,6,0,0,0
1813,1810,1811,-1,4,0,0,0
1814,1273,-1,-1,4,0,0,0
1815,1812,1813,-1,6,0,0,0
1816,1814,-1,-1,4,0,0,0
1817,1815,1816,-1,6,0,0,0
1818,658,-1,-1,7,0,0,0
1819,1818,-1,-1,7,0,0,0
1820,1819,-1,-1,7,0,0,0
1821,1820,1212,-1,2,0,0,0
1822,33,58,-1,7,0,0,0
1823,112,185,-1,2,0,0,0
1824,1822,1823,-1,2,0,0,0
1825,242,317,-1,6,0,0,0
1826,228,229,-1,7,0,0,0
1827,383,211,-1,7,0,0,0
1828,288,407,-1,6,0,0,0
1829,491,352,-1,4,0,0,0
1830,1824,1825,-1,6,0,0,0
1831,1826,1827,-1,7,0,0,0
1832,1828,1829,-1,6,0,0,0
1833,284,235,-1,6,0,0,0
1834,773,406,-1,2,0,0,0
1835,749,660,-1,6,0,0,0
1836,703,959,-1,6,0,0,0
1837,1830,1831,-1,4,0,0,0
1838,1832,1833,-1,6,0,0,0
1839,1834,1835,-1,6,0,0,0
1840,1836,1230,-1,6,0,0,0
1841,663,941,-1,6,0,0,0
1842,665,-1,-1,4,0,0,0
1843,1837,1838,-1,6,0,0,0
1844,1839,1840,-1,6,0,0,0
1845,1841,1842,-1,6,0,0,0
1846,947,-1,-1,4,0,0,0
1847,1843,1844,-1,6,0,0,0
1848,1845,1846,-1,6,0,0,0
1849,1651,940,-1,6,0,0,0
1850,1264,-1,-1,4,0,0,0
1851,1847,1848,-1,6,0,0,0
1852,1849,1850,-1,6,0,0,0
1853,1323,-1,-1,4,0,0,0
1854,1851,1852,-1,6,0,0,0
1855,1853,-1,-1,4,0,0,0
1856,1854,1855,-1,6,0,0,0
1857,12,13,-1,6,0,0,0
1858,44,68,-1,6,0,0,0
1859,85,117,-1,6,0,0,0
1860,132,155,-1,6,0,0,0
1861,167,-1,-1,4,0,0,0
1862,1857,1858,-1,6,0,0,0
1863,1859,1860,-1,6,0,0,0
1864,1861,192,-1,6,0,0,0
1865,257,331,-1,6,0,0,0
1866,205,301,-1,6,0,0,0
1867,438,306,-1,6,0,0,0
1868,324,616,-1,6,0,0,0
1869,566,442,-1,6,0,0,0
1870,1862,1863,-1,6,0,0,0
1871,1864,1865,-1,6,0,0,0
1872,1866,1867,-1,6,0,0,0
1873,1868,1869,-1,6,0,0,0
1874,370,697,-1,6,0,0,0
1875,458,583,-1,6,0,0,0
1876,866,-1,-1,4,0,0,0
1877,1870,1871,-1,6,0,0,0
1878,1872,1873,-1,6,0,0,0
1879,1874,1875,-1,6,0,0,0
1880,1876,794,-1,6,0,0,0
1881,856,853,-1,6,0,0,0
1882,539,966,-1,6,0,0,0
1883,1877,1878,-1,6,0,0,0
1884,1879,1880,-1,6,0,0,0
1885,1881,1882,-1,6,0,0,0
1886,1257,-1,-1,4,0,0,0
1887,1883,1884,-1,6,0,0,0
1888,1885,1886,-1,6,0,0,0
1889,1887,1888,-1,6,0,0,0
1890,28,49,-1,7,0,0,0
1891,98,144,-1,7,0,0,0
1892,156,-1,-1,7,0,0,0
1893,1890,1891,-1,7,0,0,0
1894,1892,227,-1,2,0,0,0
1895,302,321,-1,7,0,0,0
1896,399,380,-1,7,0,0,0
1897,262,545,-1,7,0,0,0
1898,344,411,-1,7,0,0,0
1899,668,-1,-1,4,0,0,0
1900,1893,1894,-1,2,0,0,0
1901,1895,1896,-1,7,0,0,0
1902,1897,1898,-1,7,0,0,0
1903,1899,284,-1,4,0,0,0
1904,346,719,-1,7,0,0,0
1905,667,866,-1,7,0,0,0
1906,826,404,-1,7,0,0,0
1907,1900,1901,-1,4,0,0,0
1908,1902,1903,-1,2,0,0,0
1909,1904,1905,-1,7,0,0,0
1910,1906,454,-1,7,0,0,0
1911,523,784,-1,7,0,0,0
1912,977,1252,-1,2,0,0,0
1913,1907,1908,-1,6,0,0,0
1914,1909,1910,-1,7,0,0,0
1915,1911,1912,-1,2,0,0,0
1916,1314,-1,-1,7,0,0,0
1917,1913,1914,-1,4,0,0,0
1918,1915,1916,-1,4,0,0,0
1919,1917,1918,-1,6,0,0,0
1920,14,105,-1,4,0,0,0
1921,1920,317,-1,6,0,0,0
1922,388,323,-1,7,0,0,0
1923,429,597,-1,6,0,0,0
1924,669,511,-1,4,0,0,0
1925,1921,1922,-1,4,0,0,0
1926,1923,1924,-1,6,0,0,0
1927,744,379,-1,4,0,0,0
1928,699,575,-1,6,0,0,0
1929,577,707,-1,6,0,0,0
1930,505,655,-1,4,0,0,0
1931,1925,1926,-1,6,0,0,0
1932,1927,1928,-1,6,0,0,0
1933,1929,1930,-1,6,0,0,0
1934,887,862,-1,7,0,0,0
1935,462,1200,-1,2,0,0,0
1936,1202,-1,-1,4,0,0,0
1937,1931,1932,-1,6,0,0,0
1938,1933,1934,-1,4,0,0,0
1939,1935,1936,-1,6,0,0,0
1940,1409,1206,-1,6,0,0,0
1941,1254,1266,-1,7,0,0,0
1942,1937,1938,-1,6,0,0,0
1943,1939,1940,-1,6,0,0,0
1944,1941,-1,-1,7,0,0,0
1945,1942,1943,-1,6,0,0,0
1946,1944,-1,-1,7,0,0,0
1947,1945,1946,-1,4,0,0,0
1948,25,153,-1,7,0,0,0
1949,170,177,-1,7,0,0,0
1950,182,-1,-1,4,0,0,0
1951,1948,1949,-1,7,0,0,0
1952,1950,281,-1,4,0,0,0
1953,222,302,-1,2,0,0,0
1954,658,402,-1,7,0,0,0
1955,330,-1,-1,7,0,0,0
1956,1951,1952,-1,2,0,0,0
1957,1953,1954,-1,4,0,0,0
1958,1955,747,-1,7,0,0,0
1959,235,648,-1,7,0,0,0
1960,577,742,-1,7,0,0,0
1961,552,-1,-1,7,0,0,0
1962,1956,1957,-1,6,0,0,0
1963,1958,1959,-1,7,0,0,0
1964,1960,1961,-1,7,0,0,0
1965,895,919,-1,7,0,0,0
1966,878,845,-1,2,0,0,0
1967,1412,-1,-1,7,0,0,0
1968,1962,1963,-1,4,0,0,0
1969,1964,1965,-1,7,0,0,0
1970,1966,1967,-1,4,0,0,0
1971,898,-1,-1,7,0,0,0
1972,1968,1969,-1,4,0,0,0
1973,1970,1971,-1,4,0,0,0
1974,1972,1973,-1,6,0,0,0
1975,20,30,-1,4,0,0,0
1976,52,64,-1,6,0,0,0
1977,96,125,-1,6,0,0,0
1978,134,-1,-1,7,0,0,0
1979,1975,1976,-1,6,0,0,0
1980,1977,1978,-1,4,0,0,0
1981,275,193,-1,7,0,0,0
1982,229,303,-1,6,0,0,0
1983,565,626,-1,4,0,0,0
1984,680,578,-1,6,0,0,0
1985,296,328,-1,6,0,0,0
1986,619,-1,-1,4,0,0,0
1987,1979,1980,-1,6,0,0,0
1988,1981,1982,-1,2,0,0,0
1989,1983,1984,-1,6,0,0,0
1990,1985,1986,-1,6,0,0,0
1991,667,636,-1,6,0,0,0
1992,657,679,-1,7,0,0,0
1993,1987,1988,-1,6,0,0,0
1994,1989,1990,-1,6,0,0,0
1995,1991,1992,-1,4,0,0,0
1996,1209,591,-1,4,0,0,0
1997,1993,1994,-1,6,0,0,0
1998,1995,1996,-1,6,0,0,0
1999,838,-1,-1,4,0,0,0
2000,1997,1998,-1,6,0,0,0
2001,1999,-1,-1,4,0,0,0
2002,2000,2001,-1,6,0,0,0
2003,32,97,-1,7,0,0,0
2004,140,162,-1,2,0,0,0
2005,191,-1,-1,7,0,0,0
2006,2003,2004,-1,2,0,0,0
2007,2005,300,-1,2,0,0,0
2008,204,438,-1,7,0,0,0
2009,304,263,-1,4,0,0,0
2010,430,337,-1,2,0,0,0
2011,594,676,-1,7,0,0,0
2012,500,555,-1,2,0,0,0
2013,2006,2007,-1,6,0,0,0
2014,2008,2009,-1,2,0,0,0
2015,2010,2011,-1,4,0,0,0
2016,2012,711,-1,4,0,0,0
2017,415,409,-1,7,0,0,0
2018,410,766,-1,7,0,0,0
2019,273,583,-1,7,0,0,0
2020,621,398,-1,7,0,0,0
2021,350,-1,-1,7,0,0,0
2022,2013,2014,-1,6,0,0,0
2023,2015,2016,-1,6,0,0,0
2024,2017,2018,-1,7,0,0,0
2025,2019,2020,-1,7,0,0,0
2026,2021,824,-1,7,0,0,0
2027,1219,-1,-1,7,0,0,0
2028,2022,2023,-1,6,0,0,0
2029,2024,2025,-1,7,0,0,0
2030,2026,2027,-1,7,0,0,0
2031,2028,2029,-1,4,0,0,0
2032,2030,870,-1,7,0,0,0
2033,2031,2032,-1,4,0,0,0
2034,31,44,-1,7,0,0,0
2035,55,112,-1,7,0,0,0
2036,114,148,-1,4,0,0,0
2037,179,185,-1,7,0,0,0
2038,2034,2035,-1,7,0,0,0
2039,2036,2037,-1,4,0,0,0
2040,280,257,-1,7,0,0,0
2041,215,221,-1,7,0,0,0
2042,279,341,-1,7,0,0,0
2043,564,339,-1,7,0,0,0
2044,527,338,-1,7,0,0,0
2045,625,330,-1,7,0,0,0
2046,2038,2039,-1,2,0,0,0
2047,2040,2041,-1,7,0,0,0
2048,2042,2043,-1,7,0,0,0
2049,2044,2045,-1,7,0,0,0
2050,711,779,-1,7,0,0,0
2051,398,271,-1,7,0,0,0
2052,603,-1,-1,7,0,0,0
2053,2046,2047,-1,4,0,0,0
2054,2048,2049,-1,7,0,0,0
2055,2050,2051,-1,7,0,0,0
2056,2052,987,-1,7,0,0,0
2057,784,1150,-1,7,0,0,0
2058,2053,2054,-1,4,0,0,0
2059,2055,2056,-1,7,0,0,0
2060,2057,1366,-1,7,0,0,0
2061,2058,2059,-1,4,0,0,0
2062,2060,1154,-1,7,0,0,0
2063,1147,-1,-1,7,0,0,0
2064,2061,2062,-1,4,0,0,0
2065,2063,-1,-1,7,0,0,0
2066,2064,2065,-1,4,0,0,0
2067,22,85,-1,7,0,0,0
2068,86,158,-1,2,0,0,0
2069,185,190,-1,7,0,0,0
2070,2067,2068,-1,2,0,0,0
2071,2069,322,-1,7,0,0,0
2072,584,484,-1,7,0,0,0
2073,668,638,-1,2,0,0,0
2074,670,-1,-1,7,0,0,0
2075,2070,2071,-1,4,0,0,0
2076,2072,2073,-1,2,0,0,0
2077,2074,363,-1,7,0,0,0
2078,660,767,-1,7,0,0,0
2079,387,688,-1,4,0,0,0
2080,842,690,-1,2,0,0,0
2081,629,988,-1,2,0,0,0
2082,2075,2076,-1,6,0,0,0
2083,2077,2078,-1,7,0,0,0
2084,2079,2080,-1,6,0,0,0
2085,2081,824,-1,4,0,0,0
2086,757,1186,-1,7,0,0,0
2087,2082,2083,-1,4,0,0,0
2088,2084,2085,-1,6,0,0,0
2089,2086,1261,-1,2,0,0,0
2090,1371,-1,-1,4,0,0,0
2091,2087,2088,-1,6,0,0,0
2092,2089,2090,-1,6,0,0,0
2093,2091,2092,-1,6,0,0,0
2094,5,42,-1,2,0,0,0
2095,50,69,-1,7,0,0,0
2096,73,82,-1,7,0,0,0
2097,122,-1,-1,7,0,0,0
2098,2094,2095,-1,4,0,0,0
2099,2096,2097,-1,7,0,0,0
2100,193,301,-1,2,0,0,0
2101,514,527,-1,7,0,0,0
2102,566,691,-1,4,0,0,0
2103,2098,2099,-1,4,0,0,0
2104,2100,2101,-1,4,0,0,0
2105,2102,490,-1,4,0,0,0
2106,417,326,-1,7,0,0,0
2107,690,683,-1,2,0,0,0
2108,975,-1,-1,7,0,0,0
2109,2103,2104,-1,6,0,0,0
2110,2105,2106,-1,4,0,0,0
2111,2107,2108,-1,4,0,0,0
2112,1227,1236,-1,4,0,0,0
2113,2109,2110,-1,6,0,0,0
2114,2111,2112,-1,6,0,0,0
2115,1212,-1,-1,7,0,0,0
2116,2113,2114,-1,6,0,0,0
2117,2115,1408,-1,7,0,0,0
2118,2116,2117,-1,4,0,0,0
2119,27,57,-1,7,0,0,0
2120,64,72,-1,7,0,0,0
2121,81,83,-1,7,0,0,0
2122,88,89,-1,7,0,0,0
2123,91,99,-1,7,0,0,0
2124,113,120,-1,7,0,0,0
2125,122,152,-1,7,0,0,0
2126,173,186,-1,7,0,0,0
2127,188,-1,-1,7,0,0,0
2128,2119,2120,-1,7,0,0,0
2129,2121,2122,-1,7,0,0,0
2130,2123,2124,-1,7,0,0,0
2131,2125,2126,-1,7,0,0,0
2132,2127,220,-1,7,0,0,0
2133,514,566,-1,7,0,0,0
2134,434,389,-1,7,0,0,0
2135,314,403,-1,7,0,0,0
2136,2128,2129,-1,7,0,0,0
2137,2130,2131,-1,7,0,0,0
2138,2132,2133,-1,7,0,0,0
2139,2134,2135,-1,7,0,0,0
2140,781,-1,-1,7,0,0,0
2141,2136,2137,-1,7,0,0,0
2142,2138,2139,-1,7,0,0,0
2143,2140,972,-1,7,0,0,0
2144,1200,1238,-1,7,0,0,0
2145,2141,2142,-1,7,0,0,0
2146,2143,2144,-1,7,0,0,0
2147,859,-1,-1,7,0,0,0
2148,2145,2146,-1,7,0,0,0
2149,2147,-1,-1,7,0,0,0
2150,2148,2149,-1,7,0,0,0
2151,21,30,-1,2,0,0,0
2152,48,60,-1,2,0,0,0
2153,80,159,-1,2,0,0,0
2154,2151,2152,-1,6,0,0,0
2155,2153,192,-1,6,0,0,0
2156,199,204,-1,6,0,0,0
2157,564,407,-1,6,0,0,0
2158,382,-1,-1,4,0,0,0
2159,2154,2155,-1,6,0,0,0
2160,2156,2157,-1,6,0,0,0
2161,2158,467,-1,6,0,0,0
2162,458,428,-1,6,0,0,0
2163,488,682,-1,7,0,0,0
2164,889,631,-1,2,0,0,0
2165,2159,2160,-1,6,0,0,0
2166,2161,2162,-1,6,0,0,0
2167,2163,2164,-1,2,0,0,0
2168,821,1225,-1,4,0,0,0
2169,919,1230,-1,2,0,0,0
2170,900,757,-1,4,0,0,0
2171,812,978,-1,7,0,0,0
2172,2165,2166,-1,6,0,0,0
2173,2167,2168,-1,6,0,0,0
2174,2169,2170,-1,6,0,0,0
2175,2171,1190,-1,7,0,0,0
2176,2172,2173,-1,6,0,0,0
2177,2174,2175,-1,4,0,0,0
2178,1154,-1,-1,4,0,0,0
2179,2176,2177,-1,6,0,0,0
2180,2178,-1,-1,4,0,0,0
2181,2179,2180,-1,6,0,0,0
2182,34,73,-1,6,0,0,0
2183,83,99,-1,6,0,0,0
2184,115,121,-1,6,0,0,0
2185,141,179,-1,6,0,0,0
2186,2182,2183,-1,6,0,0,0
2187,2184,2185,-1,6,0,0,0
2188,310,276,-1,6,0,0,0
2189,257,215,-1,6,0,0,0
2190,347,332,-1,6,0,0,0
2191,434,474,-1,6,0,0,0
2192,214,-1,-1,4,0,0,0
2193,2186,2187,-1,6,0,0,0
2194,2188,2189,-1,6,0,0,0
2195,2190,2191,-1,6,0,0,0
2196,2192,721,-1,6,0,0,0
2197,699,660,-1,4,0,0,0
2198,755,602,-1,6,0,0,0
2199,404,-1,-1,4,0,0,0
2200,2193,2194,-1,6,0,0,0
2201,2195,2196,-1,6,0,0,0
2202,2197,2198,-1,6,0,0,0
2203,2199,736,-1,6,0,0,0
2204,523,962,-1,6,0,0,0
2205,1222,-1,-1,4,0,0,0
2206,2200,2201,-1,6,0,0,0
2207,2202,2203,-1,6,0,0,0
2208,2204,2205,-1,6,0,0,0
2209,1242,-1,-1,4,0,0,0
2210,2206,2207,-1,6,0,0,0
2211,2208,2209,-1,6,0,0,0
2212,2210,2211,-1,6,0,0,0
2213,1,5,-1,6,0,0,0
2214,22,52,-1,6,0,0,0
2215,68,80,-1,6,0,0,0
2216,111,147,-1,6,0,0,0
2217,156,184,-1,6,0,0,0
2218,2213,2214,-1,6,0,0,0
2219,2215,2216,-1,6,0,0,0
2220,2217,388,-1,6,0,0,0
2221,269,288,-1,6,0,0,0
2222,2218,2219,-1,6,0,0,0
2223,2220,2221,-1,6,0,0,0
2224,253,715,-1,6,0,0,0
2225,699,751,-1,6,0,0,0
2226,967,-1,-1,4,0,0,0
2227,2222,2223,-1,6,0,0,0
2228,2224,2225,-1,6,0,0,0
2229,2226,1193,-1,6,0,0,0
2230,1200,791,-1,6,0,0,0
2231,1317,981,-1,6,0,0,0
2232,966,-1,-1,4,0,0,0
2233,2227,2228,-1,6,0,0,0
2234,2229,2230,-1,6,0,0,0
2235,2231,2232,-1,6,0,0,0
2236,859,1190,-1,6,0,0,0
2237,2233,2234,-1,6,0,0,0
2238,2235,2236,-1,6,0,0,0
2239,1240,1455,-1,6,0,0,0
2240,2237,2238,-1,6,0,0,0
2241,2239,-1,-1,4,0,0,0
2242,2240,2241,-1,6,0,0,0
2243,20,37,-1,6,0,0,0
2244,39,136,-1,7,0,0,0
2245,170,173,-1,4,0,0,0
2246,2243,2244,-1,4,0,0,0
2247,2245,198,-1,6,0,0,0
2248,254,440,-1,7,0,0,0
2249,248,332,-1,7,0,0,0
2250,260,274,-1,4,0,0,0
2251,481,604,-1,2,0,0,0
2252,249,637,-1,7,0,0,0
2253,2246,2247,-1,6,0,0,0
2254,2248,2249,-1,7,0,0,0
2255,2250,2251,-1,6,0,0,0
2256,2252,532,-1,7,0,0,0
2257,715,767,-1,7,0,0,0
2258,493,682,-1,7,0,0,0
2259,448,678,-1,4,0,0,0
2260,2253,2254,-1,4,0,0,0
2261,2255,2256,-1,4,0,0,0
2262,2257,2258,-1,7,0,0,0
2263,2259,740,-1,4,0,0,0
2264,952,652,-1,4,0,0,0
2265,958,1186,-1,7,0,0,0
2266,925,-1,-1,7,0,0,0
2267,2260,2261,-1,6,0,0,0
2268,2262,2263,-1,2,0,0,0
2269,2264,2265,-1,4,0,0,0
2270,2266,1366,-1,2,0,0,0
2271,1409,-1,-1,4,0,0,0
2272,2267,2268,-1,6,0,0,0
2273,2269,2270,-1,6,0,0,0
2274,2271,-1,-1,4,0,0,0
2275,2272,2273,-1,6,0,0,0
2276,2274,-1,-1,4,0,0,0
2277,2275,2276,-1,6,0,0,0
2278,31,62,-1,7,0,0,0
2279,83,104,-1,2,0,0,0
2280,115,169,-1,2,0,0,0
2281,2278,2279,-1,2,0,0,0
2282,2280,302,-1,6,0,0,0
2283,481,491,-1,6,0,0,0
2284,669,434,-1,2,0,0,0
2285,691,-1,-1,7,0,0,0
2286,2281,2282,-1,6,0,0,0
2287,2283,2284,-1,6,0,0,0
2288,2285,693,-1,2,0,0,0
2289,831,749,-1,6,0,0,0
2290,667,760,-1,4,0,0,0
2291,688,640,-1,7,0,0,0
2292,924,932,-1,6,0,0,0
2293,618,528,-1,6,0,0,0
2294,2286,2287,-1,6,0,0,0
2295,2288,2289,-1,6,0,0,0
2296,2290,2291,-1,4,0,0,0
2297,2292,2293,-1,6,0,0,0
2298,1225,454,-1,6,0,0,0
2299,526,663,-1,6,0,0,0
2300,1150,992,-1,6,0,0,0
2301,2294,2295,-1,6,0,0,0
2302,2296,2297,-1,6,0,0,0
2303,2298,2299,-1,6,0,0,0
2304,2300,-1,-1,4,0,0,0
2305,2301,2302,-1,6,0,0,0
2306,2303,2304,-1,6,0,0,0
2307,2305,2306,-1,6,0,0,0
2308,181,-1,-1,4,0,0,0
2309,2308,-1,-1,4,0,0,0
2310,2309,-1,-1,4,0,0,0
2311,2310,1200,-1,6,0,0,0
2312,731,-1,-1,4,0,0,0
2313,2312,1212,-1,4,0,0,0
2314,29,42,-1,7,0,0,0
2315,80,85,-1,7,0,0,0
2316,90,122,-1,7,0,0,0
2317,124,126,-1,7,0,0,0
2318,133,134,-1,7,0,0,0
2319,147,151,-1,7,0,0,0
2320,179,184,-1,7,0,0,0
2321,190,-1,-1,7,0,0,0
2322,2314,2315,-1,7,0,0,0
2323,2316,2317,-1,7,0,0,0
2324,2318,2319,-1,7,0,0,0
2325,2320,2321,-1,7,0,0,0
2326,212,232,-1,7,0,0,0
2327,233,236,-1,7,0,0,0
2328,249,-1,-1,4,0,0,0
2329,2322,2323,-1,7,0,0,0
2330,2324,2325,-1,7,0,0,0
2331,2326,2327,-1,7,0,0,0
2332,2328,235,-1,6,0,0,0
2333,238,244,-1,7,0,0,0
2334,742,-1,-1,7,0,0,0
2335,2329,2330,-1,7,0,0,0
2336,2331,2332,-1,2,0,0,0
2337,2333,2334,-1,7,0,0,0
2338,1216,736,-1,7,0,0,0
2339,1219,740,-1,7,0,0,0
2340,1222,-1,-1,7,0,0,0
2341,2335,2336,-1,2,0,0,0
2342,2337,2338,-1,7,0,0,0
2343,2339,2340,-1,7,0,0,0
2344,2341,2342,-1,4,0,0,0
2345,2343,-1,-1,7,0,0,0
2346,2344,2345,-1,4,0,0,0
2347,6,11,-1,7,0,0,0
2348,36,40,-1,7,0,0,0
2349,44,70,-1,7,0,0,0
2350,72,75,-1,7,0,0,0
2351,104,117,-1,7,0,0,0
2352,144,163,-1,7,0,0,0
2353,164,172,-1,7,0,0,0
2354,177,187,-1,7,0,0,0
2355,2347,2348,-1,7,0,0,0
2356,2349,2350,-1,7,0,0,0
2357,2351,2352,-1,7,0,0,0
2358,2353,2354,-1,7,0,0,0
2359,251,222,-1,7,0,0,0
2360,254,255,-1,7,0,0,0
2361,197,256,-1,4,0,0,0
2362,260,262,-1,7,0,0,0
2363,263,264,-1,7,0,0,0
2364,265,266,-1,7,0,0,0
2365,2355,2356,-1,7,0,0,0
2366,2357,2358,-1,7,0,0,0
2367,2359,2360,-1,7,0,0,0
2368,2361,2362,-1,4,0,0,0
2369,2363,2364,-1,7,0,0,0
2370,253,745,-1,7,0,0,0
2371,749,729,-1,7,0,0,0
2372,705,751,-1,7,0,0,0
2373,753,755,-1,7,0,0,0
2374,271,760,-1,7,0,0,0
2375,762,-1,-1,7,0,0,0
2376,2365,2366,-1,7,0,0,0
2377,2367,2368,-1,2,0,0,0
2378,2369,2370,-1,7,0,0,0
2379,2371,2372,-1,7,0,0,0
2380,2373,2374,-1,7,0,0,0
2381,2375,1225,-1,7,0,0,0
2382,757,1227,-1,7,0,0,0
2383,2376,2377,-1,2,0,0,0
2384,2378,2379,-1,7,0,0,0
2385,2380,2381,-1,7,0,0,0
2386,2382,-1,-1,7,0,0,0
2387,2383,2384,-1,4,0,0,0
2388,2385,2386,-1,7,0,0,0
2389,2387,2388,-1,4,0,0,0
2390,26,-1,-1,4,0,0,0
2391,2390,-1,-1,4,0,0,0
2392,2391,-1,-1,4,0,0,0
2393,2392,1232,-1,4,0,0,0
2394,789,-1,-1,4,0,0,0
2395,2394,-1,-1,4,0,0,0
2396,2395,-1,-1,4,0,0,0
2397,2396,1240,-1,6,0,0,0
2398,211,-1,-1,4,0,0,0
2399,2398,-1,-1,4,0,0,0
2400,2399,-1,-1,4,0,0,0
2401,2400,1250,-1,4,0,0,0
2402,24,47,-1,2,0,0,0
2403,80,101,-1,7,0,0,0
2404,164,179,-1,7,0,0,0
2405,2402,2403,-1,4,0,0,0
2406,2404,194,-1,7,0,0,0
2407,210,251,-1,4,0,0,0
2408,222,254,-1,7,0,0,0
2409,331,301,-1,7,0,0,0
2410,248,332,-1,2,0,0,0
2411,274,335,-1,2,0,0,0
2412,336,340,-1,7,0,0,0
2413,2405,2406,-1,4,0,0,0
2414,2407,2408,-1,4,0,0,0
2415,2409,2410,-1,2,0,0,0
2416,2411,2412,-1,4,0,0,0
2417,747,766,-1,7,0,0,0
2418,334,729,-1,6,0,0,0
2419,751,802,-1,7,0,0,0
2420,2413,2414,-1,6,0,0,0
2421,2415,2416,-1,6,0,0,0
2422,2417,2418,-1,2,0,0,0
2423,2419,800,-1,2,0,0,0
2424,1252,-1,-1,7,0,0,0
2425,2420,2421,-1,6,0,0,0
2426,2422,2423,-1,6,0,0,0
2427,2424,-1,-1,7,0,0,0
2428,2425,2426,-1,6,0,0,0
2429,2427,-1,-1,7,0,0,0
2430,2428,2429,-1,4,0,0,0
2431,242,-1,-1,4,0,0,0
2432,2431,-1,-1,4,0,0,0
2433,2432,-1,-1,4,0,0,0
2434,2433,1261,-1,4,0,0,0
2435,373,-1,-1,4,0,0,0
2436,2435,-1,-1,4,0,0,0
2437,2436,-1,-1,4,0,0,0
2438,2437,1270,-1,4,0,0,0
2439,139,151,-1,7,0,0,0
2440,2439,377,-1,2,0,0,0
2441,380,381,-1,6,0,0,0
2442,382,231,-1,4,0,0,0
2443,384,385,-1,6,0,0,0
2444,292,389,-1,6,0,0,0
2445,2440,2441,-1,6,0,0,0
2446,2442,2443,-1,6,0,0,0
2447,2444,312,-1,6,0,0,0
2448,379,703,-1,4,0,0,0
2449,725,387,-1,2,0,0,0
2450,360,-1,-1,7,0,0,0
2451,2445,2446,-1,6,0,0,0
2452,2447,2448,-1,6,0,0,0
2453,2449,2450,-1,4,0,0,0
2454,1276,840,-1,6,0,0,0
2455,2451,2452,-1,6,0,0,0
2456,2453,2454,-1,6,0,0,0
2457,830,1273,-1,6,0,0,0
2458,835,838,-1,2,0,0,0
2459,2455,2456,-1,6,0,0,0
2460,2457,2458,-1,6,0,0,0
2461,2459,2460,-1,6,0,0,0
2462,11,42,-1,7,0,0,0
2463,62,71,-1,7,0,0,0
2464,91,129,-1,7,0,0,0
2465,148,185,-1,7,0,0,0
2466,2462,2463,-1,7,0,0,0
2467,2464,2465,-1,7,0,0,0
2468,221,388,-1,7,0,0,0
2469,322,295,-1,4,0,0,0
2470,407,231,-1,7,0,0,0
2471,411,419,-1,7,0,0,0
2472,2466,2467,-1,7,0,0,0
2473,2468,2469,-1,2,0,0,0
2474,2470,2471,-1,7,0,0,0
2475,312,238,-1,7,0,0,0
2476,406,-1,-1,7,0,0,0
2477,2472,2473,-1,2,0,0,0
2478,2474,2475,-1,7,0,0,0
2479,2476,850,-1,7,0,0,0
2480,853,1194,-1,7,0,0,0
2481,757,864,-1,2,0,0,0
2482,865,1317,-1,4,0,0,0
2483,2477,2478,-1,4,0,0,0
2484,2479,2480,-1,7,0,0,0
2485,2481,2482,-1,6,0,0,0
2486,1310,859,-1,7,0,0,0
2487,1314,-1,-1,7,0,0,0
2488,2483,2484,-1,4,0,0,0
2489,2485,2486,-1,4,0,0,0
2490,2487,870,-1,7,0,0,0
2491,2488,2489,-1,6,0,0,0
2492,2490,2397,-1,7,0,0,0
2493,2491,2492,-1,4,0,0,0
2494,427,-1,-1,4,0,0,0
2495,2494,1319,-1,4,0,0,0
2496,4,8,-1,6,0,0,0
2497,65,66,-1,6,0,0,0
2498,159,169,-1,6,0,0,0
2499,172,-1,-1,4,0,0,0
2500,2496,2497,-1,6,0,0,0
2501,2498,2499,-1,6,0,0,0
2502,198,310,-1,6,0,0,0
2503,285,279,-1,4,0,0,0
2504,241,321,-1,6,0,0,0
2505,342,429,-1,6,0,0,0
2506,430,431,-1,6,0,0,0
2507,434,-1,-1,4,0,0,0
2508,2500,2501,-1,6,0,0,0
2509,2502,2503,-1,6,0,0,0
2510,2504,2505,-1,6,0,0,0
2511,2506,2507,-1,6,0,0,0
2512,747,715,-1,6,0,0,0
2513,701,433,-1,6,0,0,0
2514,785,753,-1,6,0,0,0
2515,437,-1,-1,4,0,0,0
2516,2508,2509,-1,6,0,0,0
2517,2510,2511,-1,6,0,0,0
2518,2512,2513,-1,6,0,0,0
2519,2514,2515,-1,6,0,0,0
2520,1216,413,-1,6,0,0,0
2521,355,-1,-1,4,0,0,0
2522,2516,2517,-1,6,0,0,0
2523,2518,2519,-1,6,0,0,0
2524,2520,2521,-1,6,0,0,0
2525,881,2311,-1,6,0,0,0
2526,2522,2523,-1,6,0,0,0
2527,2524,2525,-1,6,0,0,0
2528,2526,2527,-1,6,0,0,0
2529,1323,-1,-1,4,0,0,0
2530,2528,2529,-1,6,0,0,0
2531,1,14,-1,7,0,0,0
2532,26,28,-1,7,0,0,0
2533,61,63,-1,7,0,0,0
2534,67,71,-1,7,0,0,0
2535,129,144,-1,6,0,0,0
2536,166,171,-1,6,0,0,0
2537,2531,2532,-1,7,0,0,0
2538,2533,2534,-1,7,0,0,0
2539,2535,2536,-1,6,0,0,0
2540,221,348,-1,7,0,0,0
2541,341,438,-1,4,0,0,0
2542,335,439,-1,7,0,0,0
2543,441,442,-1,7,0,0,0
2544,327,443,-1,7,0,0,0
2545,2537,2538,-1,7,0,0,0
2546,2539,2540,-1,4,0,0,0
2547,2541,2542,-1,4,0,0,0
2548,2543,2544,-1,7,0,0,0
2549,889,742,-1,7,0,0,0
2550,448,-1,-1,4,0,0,0
2551,2545,2546,-1,2,0,0,0
2552,2547,2548,-1,4,0,0,0
2553,2549,2550,-1,2,0,0,0
2554,1225,887,-1,7,0,0,0
2555,892,446,-1,7,0,0,0
2556,899,1238,-1,6,0,0,0
2557,2551,2552,-1,6,0,0,0
2558,2553,2554,-1,4,0,0,0
2559,2555,2556,-1,2,0,0,0
2560,1326,898,-1,4,0,0,0
2561,2557,2558,-1,6,0,0,0
2562,2559,2560,-1,6,0,0,0
2563,2561,2562,-1,6,0,0,0
2564,37,77,-1,7,0,0,0
2565,149,170,-1,2,0,0,0
2566,175,-1,-1,7,0,0,0
2567,2564,2565,-1,2,0,0,0
2568,2566,209,-1,2,0,0,0
2569,347,236,-1,4,0,0,0
2570,289,256,-1,7,0,0,0
2571,459,335,-1,7,0,0,0
2572,373,460,-1,6,0,0,0
2573,2567,2568,-1,6,0,0,0
2574,2569,2570,-1,4,0,0,0
2575,2571,2572,-1,2,0,0,0
2576,693,458,-1,4,0,0,0
2577,334,425,-1,6,0,0,0
2578,808,753,-1,7,0,0,0
2579,469,-1,-1,7,0,0,0
2580,2573,2574,-1,6,0,0,0
2581,2575,2576,-1,6,0,0,0
2582,2577,2578,-1,4,0,0,0
2583,2579,900,-1,7,0,0,0
2584,465,910,-1,7,0,0,0
2585,2580,2581,-1,6,0,0,0
2586,2582,2583,-1,4,0,0,0
2587,2584,904,-1,2,0,0,0
2588,908,-1,-1,4,0,0,0
2589,2585,2586,-1,6,0,0,0
2590,2587,2588,-1,6,0,0,0
2591,1240,2495,-1,2,0,0,0
2592,2589,2590,-1,6,0,0,0
2593,2591,-1,-1,4,0,0,0
2594,2592,2593,-1,6,0,0,0
2595,56,104,-1,7,0,0,0
2596,153,-1,-1,7,0,0,0
2597,2595,2596,-1,7,0,0,0
2598,276,201,-1,6,0,0,0
2599,294,204,-1,4,0,0,0
2600,399,269,-1,2,0,0,0
2601,477,481,-1,7,0,0,0
2602,484,345,-1,7,0,0,0
2603,491,384,-1,4,0,0,0
2604,223,500,-1,7,0,0,0
2605,2597,2598,-1,2,0,0,0
2606,2599,2600,-1,6,0,0,0
2607,2601,2602,-1,7,0,0,0
2608,2603,2604,-1,4,0,0,0
2609,450,435,-1,6,0,0,0
2610,476,486,-1,7,0,0,0
2611,488,493,-1,7,0,0,0
2612,810,924,-1,2,0,0,0
2613,2605,2606,-1,6,0,0,0
2614,2607,2608,-1,2,0,0,0
2615,2609,2610,-1,4,0,0,0
2616,2611,2612,-1,2,0,0,0
2617,728,919,-1,7,0,0,0
2618,887,496,-1,7,0,0,0
2619,499,504,-1,6,0,0,0
2620,1235,865,-1,2,0,0,0
2621,925,-1,-1,7,0,0,0
2622,2613,2614,-1,6,0,0,0
2623,2615,2616,-1,6,0,0,0
2624,2617,2618,-1,7,0,0,0
2625,2619,2620,-1,6,0,0,0
2626,2621,916,-1,7,0,0,0
2627,1366,835,-1,7,0,0,0
2628,2622,2623,-1,6,0,0,0
2629,2624,2625,-1,2,0,0,0
2630,2626,2627,-1,7,0,0,0
2631,2628,2629,-1,6,0,0,0
2632,2630,-1,-1,7,0,0,0
2633,2631,2632,-1,4,0,0,0
2634,57,76,-1,2,0,0,0
2635,103,170,-1,6,0,0,0
2636,2634,2635,-1,6,0,0,0
2637,242,232,-1,7,0,0,0
2638,216,294,-1,2,0,0,0
2639,508,511,-1,2,0,0,0
2640,2636,2637,-1,4,0,0,0
2641,2638,2639,-1,6,0,0,0
2642,507,510,-1,2,0,0,0
2643,770,847,-1,7,0,0,0
2644,2640,2641,-1,6,0,0,0
2645,2642,2643,-1,4,0,0,0
2646,2644,2645,-1,6,0,0,0
2647,1368,1371,-1,7,0,0,0
2648,2646,2647,-1,4,0,0,0
2649,930,-1,-1,7,0,0,0
2650,2648,2649,-1,4,0,0,0
2651,29,126,-1,2,0,0,0
2652,172,179,-1,4,0,0,0
2653,186,-1,-1,7,0,0,0
2654,2651,2652,-1,6,0,0,0
2655,2653,250,-1,7,0,0,0
2656,291,245,-1,4,0,0,0
2657,451,459,-1,7,0,0,0
2658,335,531,-1,7,0,0,0
2659,208,-1,-1,7,0,0,0
2660,2654,2655,-1,4,0,0,0
2661,2656,2657,-1,4,0,0,0
2662,2658,2659,-1,7,0,0,0
2663,366,729,-1,7,0,0,0
2664,530,717,-1,2,0,0,0
2665,534,-1,-1,4,0,0,0
2666,2660,2661,-1,6,0,0,0
2667,2662,2663,-1,7,0,0,0
2668,2664,2665,-1,6,0,0,0
2669,1193,816,-1,2,0,0,0
2670,526,935,-1,4,0,0,0
2671,537,539,-1,6,0,0,0
2672,941,943,-1,4,0,0,0
2673,2666,2667,-1,4,0,0,0
2674,2668,2669,-1,6,0,0,0
2675,2670,2671,-1,6,0,0,0
2676,2672,-1,-1,4,0,0,0
2677,2673,2674,-1,6,0,0,0
2678,2675,2676,-1,6,0,0,0
2679,940,1408,-1,4,0,0,0
2680,2677,2678,-1,6,0,0,0
2681,2679,-1,-1,4,0,0,0
2682,2680,2681,-1,6,0,0,0
2683,3,23,-1,7,0,0,0
2684,32,57,-1,7,0,0,0
2685,98,111,-1,7,0,0,0
2686,112,157,-1,7,0,0,0
2687,187,-1,-1,7,0,0,0
2688,2683,2684,-1,7,0,0,0
2689,2685,2686,-1,7,0,0,0
2690,2687,192,-1,7,0,0,0
2691,212,215,-1,4,0,0,0
2692,232,282,-1,2,0,0,0
2693,470,206,-1,7,0,0,0
2694,438,542,-1,7,0,0,0
2695,545,484,-1,4,0,0,0
2696,381,471,-1,4,0,0,0
2697,555,-1,-1,7,0,0,0
2698,2688,2689,-1,7,0,0,0
2699,2690,2691,-1,2,0,0,0
2700,2692,2693,-1,4,0,0,0
2701,2694,2695,-1,2,0,0,0
2702,2696,2697,-1,4,0,0,0
2703,695,807,-1,7,0,0,0
2704,271,949,-1,7,0,0,0
2705,552,554,-1,2,0,0,0
2706,2698,2699,-1,2,0,0,0
2707,2700,2701,-1,6,0,0,0
2708,2702,2703,-1,4,0,0,0
2709,2704,2705,-1,2,0,0,0
2710,395,547,-1,7,0,0,0
2711,853,952,-1,7,0,0,0
2712,2706,2707,-1,6,0,0,0
2713,2708,2709,-1,6,0,0,0
2714,2710,2711,-1,7,0,0,0
2715,1409,-1,-1,7,0,0,0
2716,2712,2713,-1,6,0,0,0
2717,2714,2715,-1,7,0,0,0
2718,2438,-1,-1,4,0,0,0
2719,2716,2717,-1,4,0,0,0
2720,2718,-1,-1,4,0,0,0
2721,2719,2720,-1,6,0,0,0
2722,60,86,-1,7,0,0,0
2723,87,-1,-1,7,0,0,0
2724,2722,2723,-1,7,0,0,0
2725,227,251,-1,2,0,0,0
2726,501,481,-1,2,0,0,0
2727,439,556,-1,2,0,0,0
2728,557,558,-1,4,0,0,0
2729,2724,2725,-1,2,0,0,0
2730,2726,2727,-1,6,0,0,0
2731,2728,435,-1,6,0,0,0
2732,428,562,-1,2,0,0,0
2733,563,-1,-1,4,0,0,0
2734,2729,2730,-1,6,0,0,0
2735,2731,2732,-1,6,0,0,0
2736,2733,794,-1,6,0,0,0
2737,922,517,-1,7,0,0,0
2738,958,1412,-1,6,0,0,0
2739,961,962,-1,4,0,0,0
2740,1413,-1,-1,4,0,0,0
2741,2734,2735,-1,6,0,0,0
2742,2736,2737,-1,4,0,0,0
2743,2738,2739,-1,6,0,0,0
2744,2740,955,-1,6,0,0,0
2745,2741,2742,-1,6,0,0,0
2746,2743,2744,-1,6,0,0,0
2747,2745,2746,-1,6,0,0,0
2748,26,30,-1,2,0,0,0
2749,60,161,-1,7,0,0,0
2750,168,182,-1,7,0,0,0
2751,186,-1,-1,7,0,0,0
2752,2748,2749,-1,4,0,0,0
2753,2750,2751,-1,7,0,0,0
2754,297,258,-1,7,0,0,0
2755,321,584,-1,2,0,0,0
2756,208,419,-1,7,0,0,0
2757,2752,2753,-1,4,0,0,0
2758,2754,2755,-1,2,0,0,0
2759,2756,711,-1,7,0,0,0
2760,415,697,-1,7,0,0,0
2761,299,238,-1,7,0,0,0
2762,346,559,-1,7,0,0,0
2763,379,583,-1,7,0,0,0
2764,701,-1,-1,7,0,0,0
2765,2757,2758,-1,6,0,0,0
2766,2759,2760,-1,7,0,0,0
2767,2761,2762,-1,7,0,0,0
2768,2763,2764,-1,7,0,0,0
2769,764,496,-1,7,0,0,0
2770,499,-1,-1,7,0,0,0
2771,2765,2766,-1,4,0,0,0
2772,2767,2768,-1,7,0,0,0
2773,2769,2770,-1,7,0,0,0
2774,586,-1,-1,4,0,0,0
2775,2771,2772,-1,4,0,0,0
2776,2773,2774,-1,2,0,0,0
2777,1455,-1,-1,7,0,0,0
2778,2775,2776,-1,6,0,0,0
2779,2777,-1,-1,7,0,0,0
2780,2778,2779,-1,4,0,0,0
2781,2,92,-1,6,0,0,0
2782,101,113,-1,4,0,0,0
2783,2781,2782,-1,6,0,0,0
2784,285,206,-1,6,0,0,0
2785,606,597,-1,6,0,0,0
2786,622,625,-1,4,0,0,0
2787,2783,2784,-1,6,0,0,0
2788,2785,2786,-1,6,0,0,0
2789,410,621,-1,6,0,0,0
2790,624,776,-1,4,0,0,0
2791,2787,2788,-1,6,0,0,0
2792,2789,2790,-1,6,0,0,0
2793,794,480,-1,6,0,0,0
2794,900,740,-1,4,0,0,0
2795,982,1413,-1,4,0,0,0
2796,2791,2792,-1,6,0,0,0
2797,2793,2794,-1,6,0,0,0
2798,2795,1273,-1,6,0,0,0
2799,1368,1654,-1,2,0,0,0
2800,965,-1,-1,4,0,0,0
2801,2796,2797,-1,6,0,0,0
2802,2798,2799,-1,6,0,0,0
2803,2800,1651,-1,6,0,0,0
2804,2801,2802,-1,6,0,0,0
2805,2803,-1,-1,4,0,0,0
2806,2804,2805,-1,6,0,0,0
2807,106,110,-1,4,0,0,0
2808,158,-1,-1,7,0,0,0
2809,2807,2808,-1,4,0,0,0
2810,267,364,-1,7,0,0,0
2811,399,423,-1,4,0,0,0
2812,587,224,-1,4,0,0,0
2813,403,-1,-1,7,0,0,0
2814,2809,2810,-1,4,0,0,0
2815,2811,2812,-1,6,0,0,0
2816,2813,370,-1,7,0,0,0
2817,253,346,-1,2,0,0,0
2818,483,582,-1,7,0,0,0
2819,655,580,-1,4,0,0,0
2820,609,657,-1,7,0,0,0
2821,589,-1,-1,7,0,0,0
2822,2814,2815,-1,6,0,0,0
2823,2816,2817,-1,2,0,0,0
2824,2818,2819,-1,2,0,0,0
2825,2820,2821,-1,7,0,0,0
2826,797,1227,-1,4,0,0,0
2827,465,-1,-1,7,0,0,0
2828,2822,2823,-1,6,0,0,0
2829,2824,2825,-1,4,0,0,0
2830,2826,2827,-1,4,0,0,0
2831,2828,2829,-1,6,0,0,0
2832,2830,1821,-1,4,0,0,0
2833,2831,2832,-1,6,0,0,0
2834,16,53,-1,2,0,0,0
2835,62,92,-1,6,0,0,0
2836,140,182,-1,4,0,0,0
2837,2834,2835,-1,6,0,0,0
2838,2836,259,-1,6,0,0,0
2839,217,239,-1,7,0,0,0
2840,275,285,-1,4,0,0,0
2841,290,216,-1,4,0,0,0
2842,684,396,-1,6,0,0,0
2843,309,442,-1,6,0,0,0
2844,685,-1,-1,7,0,0,0
2845,2837,2838,-1,6,0,0,0
2846,2839,2840,-1,2,0,0,0
2847,2841,2842,-1,6,0,0,0
2848,2843,2844,-1,4,0,0,0
2849,273,660,-1,6,0,0,0
2850,488,889,-1,2,0,0,0
2851,634,-1,-1,4,0,0,0
2852,2845,2846,-1,6,0,0,0
2853,2847,2848,-1,6,0,0,0
2854,2849,2850,-1,6,0,0,0
2855,2851,794,-1,6,0,0,0
2856,395,784,-1,6,0,0,0
2857,1194,665,-1,6,0,0,0
2858,2852,2853,-1,6,0,0,0
2859,2854,2855,-1,6,0,0,0
2860,2856,2857,-1,6,0,0,0
2861,2393,-1,-1,4,0,0,0
2862,2858,2859,-1,6,0,0,0
2863,2860,2861,-1,6,0,0,0
2864,1147,-1,-1,4,0,0,0
2865,2862,2863,-1,6,0,0,0
2866,2864,-1,-1,4,0,0,0
2867,2865,2866,-1,6,0,0,0
2868,71,86,-1,6,0,0,0
2869,100,106,-1,6,0,0,0
2870,121,157,-1,2,0,0,0
2871,190,-1,-1,4,0,0,0
2872,2868,2869,-1,6,0,0,0
2873,2870,2871,-1,6,0,0,0
2874,192,199,-1,6,0,0,0
2875,297,306,-1,4,0,0,0
2876,263,671,-1,4,0,0,0
2877,2872,2873,-1,6,0,0,0
2878,2874,2875,-1,6,0,0,0
2879,2876,582,-1,6,0,0,0
2880,510,949,-1,6,0,0,0
2881,226,673,-1,6,0,0,0
2882,2877,2878,-1,6,0,0,0
2883,2879,2880,-1,6,0,0,0
2884,2881,990,-1,4,0,0,0
2885,1202,-1,-1,4,0,0,0
2886,2882,2883,-1,6,0,0,0
2887,2884,2885,-1,6,0,0,0
2888,881,-1,-1,4,0,0,0
2889,2886,2887,-1,6,0,0,0
2890,2888,2434,-1,6,0,0,0
2891,2401,1821,-1,2,0,0,0
2892,2889,2890,-1,6,0,0,0
2893,2891,-1,-1,4,0,0,0
2894,2892,2893,-1,6,0,0,0
2895,34,70,-1,7,0,0,0
2896,102,126,-1,7,0,0,0
2897,178,-1,-1,4,0,0,0
2898,2895,2896,-1,7,0,0,0
2899,2897,194,-1,4,0,0,0
2900,459,430,-1,7,0,0,0
2901,471,231,-1,4,0,0,0
2902,685,-1,-1,4,0,0,0
2903,2898,2899,-1,2,0,0,0
2904,2900,2901,-1,2,0,0,0
2905,2902,711,-1,4,0,0,0
2906,593,808,-1,4,0,0,0
2907,785,-1,-1,7,0,0,0
2908,2903,2904,-1,6,0,0,0
2909,2905,2906,-1,6,0,0,0
2910,2907,1216,-1,7,0,0,0
2911,910,-1,-1,7,0,0,0
2912,2908,2909,-1,6,0,0,0
2913,2910,2911,-1,7,0,0,0
2914,859,875,-1,7,0,0,0
2915,2311,-1,-1,7,0,0,0
2916,2912,2913,-1,4,0,0,0
2917,2914,2915,-1,7,0,0,0
2918,2916,2917,-1,4,0,0,0
2919,2397,-1,-1,7,0,0,0
2920,2918,2919,-1,4,0,0,0
2921,39,59,-1,6,0,0,0
2922,64,104,-1,6,0,0,0
2923,111,116,-1,6,0,0,0
2924,124,128,-1,6,0,0,0
2925,134,147,-1,6,0,0,0
2926,161,174,-1,6,0,0,0
2927,176,178,-1,6,0,0,0
2928,179,-1,-1,4,0,0,0
2929,2921,2922,-1,6,0,0,0
2930,2923,2924,-1,6,0,0,0
2931,2925,2926,-1,6,0,0,0
2932,2927,2928,-1,6,0,0,0
2933,192,193,-1,6,0,0,0
2934,200,202,-1,4,0,0,0
2935,207,208,-1,6,0,0,0
2936,214,-1,-1,4,0,0,0
2937,2929,2930,-1,6,0,0,0
2938,2931,2932,-1,6,0,0,0
2939,2933,2934,-1,6,0,0,0
2940,2935,2936,-1,6,0,0,0
2941,695,696,-1,6,0,0,0
2942,697,699,-1,6,0,0,0
2943,701,703,-1,6,0,0,0
2944,705,707,-1,6,0,0,0
2945,713,-1,-1,4,0,0,0
2946,2937,2938,-1,6,0,0,0
2947,2939,2940,-1,6,0,0,0
2948,2941,2942,-1,6,0,0,0
2949,2943,2944,-1,6,0,0,0
2950,2945,1193,-1,6,0,0,0
2951,1194,1196,-1,6,0,0,0
2952,1199,1202,-1,6,0,0,0
2953,2946,2947,-1,6,0,0,0
2954,2948,2949,-1,6,0,0,0
2955,2950,2951,-1,6,0,0,0
2956,2952,2311,-1,6,0,0,0
2957,2953,2954,-1,6,0,0,0
2958,2955,2956,-1,6,0,0,0
2959,2957,2958,-1,6,0,0,0
2960,15,27,-1,2,0,0,0
2961,143,151,-1,2,0,0,0
2962,152,167,-1,6,0,0,0
2963,2960,2961,-1,6,0,0,0
2964,2962,220,-1,6,0,0,0
2965,221,223,-1,2,0,0,0
2966,224,-1,-1,7,0,0,0
2967,2963,2964,-1,6,0,0,0
2968,2965,2966,-1,4,0,0,0
2969,725,226,-1,6,0,0,0
2970,2967,2968,-1,6,0,0,0
2971,2969,1209,-1,6,0,0,0
2972,1214,-1,-1,7,0,0,0
2973,2970,2971,-1,6,0,0,0
2974,2972,1206,-1,2,0,0,0
2975,2973,2974,-1,6,0,0,0
2976,2313,-1,-1,7,0,0,0
2977,2975,2976,-1,4,0,0,0
2978,25,67,-1,7,0,0,0
2979,75,100,-1,7,0,0,0
2980,105,124,-1,7,0,0,0
2981,130,136,-1,7,0,0,0
2982,154,159,-1,7,0,0,0
2983,186,189,-1,7,0,0,0
2984,2978,2979,-1,7,0,0,0
2985,2980,2981,-1,7,0,0,0
2986,2982,2983,-1,7,0,0,0
2987,227,280,-1,7,0,0,0
2988,281,282,-1,7,0,0,0
2989,245,288,-1,7,0,0,0
2990,292,293,-1,4,0,0,0
2991,296,-1,-1,4,0,0,0
2992,2984,2985,-1,7,0,0,0
2993,2986,2987,-1,7,0,0,0
2994,2988,2989,-1,7,0,0,0
2995,2990,2991,-1,6,0,0,0
2996,766,287,-1,7,0,0,0
2997,767,770,-1,7,0,0,0
2998,751,776,-1,2,0,0,0
2999,2992,2993,-1,7,0,0,0
3000,2994,2995,-1,2,0,0,0
3001,2996,2997,-1,7,0,0,0
3002,2998,764,-1,4,0,0,0
3003,1230,1234,-1,7,0,0,0
3004,775,1235,-1,7,0,0,0
3005,1236,-1,-1,4,0,0,0
3006,2999,3000,-1,2,0,0,0
3007,3001,3002,-1,2,0,0,0
3008,3003,3004,-1,7,0,0,0
3009,3005,2393,-1,6,0,0,0
3010,3006,3007,-1,6,0,0,0
3011,3008,3009,-1,2,0,0,0
3012,3010,3011,-1,6,0,0,0
3013,16,20,-1,7,0,0,0
3014,32,34,-1,7,0,0,0
3015,40,52,-1,7,0,0,0
3016,66,73,-1,7,0,0,0
3017,84,108,-1,7,0,0,0
3018,117,149,-1,7,0,0,0
3019,171,175,-1,7,0,0,0
3020,3013,3014,-1,7,0,0,0
3021,3015,3016,-1,7,0,0,0
3022,3017,3018,-1,7,0,0,0
3023,3019,195,-1,7,0,0,0
3024,242,297,-1,7,0,0,0
3025,302,305,-1,7,0,0,0
3026,306,307,-1,7,0,0,0
3027,308,309,-1,7,0,0,0
3028,266,313,-1,7,0,0,0
3029,314,-1,-1,7,0,0,0
3030,3020,3021,-1,7,0,0,0
3031,3022,3023,-1,7,0,0,0
3032,3024,3025,-1,7,0,0,0
3033,3026,3027,-1,7,0,0,0
3034,3028,3029,-1,7,0,0,0
3035,781,316,-1,7,0,0,0
3036,3030,3031,-1,7,0,0,0
3037,3032,3033,-1,7,0,0,0
3038,3034,3035,-1,7,0,0,0
3039,784,1238,-1,7,0,0,0
3040,3036,3037,-1,7,0,0,0
3041,3038,3039,-1,7,0,0,0
3042,1242,-1,-1,7,0,0,0
3043,3040,3041,-1,7,0,0,0
3044,3042,-1,-1,7,0,0,0
3045,3043,3044,-1,7,0,0,0
3046,2397,-1,-1,7,0,0,0
3047,3045,3046,-1,7,0,0,0
3048,14,29,-1,6,0,0,0
3049,33,48,-1,6,0,0,0
3050,53,65,-1,6,0,0,0
3051,70,89,-1,6,0,0,0
3052,105,106,-1,6,0,0,0
3053,112,122,-1,6,0,0,0
3054,124,127,-1,6,0,0,0
3055,146,151,-1,6,0,0,0
3056,168,-1,-1,4,0,0,0
3057,3048,3049,-1,6,0,0,0
3058,3050,3051,-1,6,0,0,0
3059,3052,3053,-1,6,0,0,0
3060,3054,3055,-1,6,0,0,0
3061,3056,210,-1,6,0,0,0
3062,219,230,-1,6,0,0,0
3063,322,323,-1,6,0,0,0
3064,304,213,-1,6,0,0,0
3065,324,325,-1,6,0,0,0
3066,266,327,-1,6,0,0,0
3067,328,329,-1,6,0,0,0
3068,330,-1,-1,4,0,0,0
3069,3057,3058,-1,6,0,0,0
3070,3059,3060,-1,6,0,0,0
3071,3061,3062,-1,6,0,0,0
3072,3063,3064,-1,6,0,0,0
3073,3065,3066,-1,6,0,0,0
3074,3067,3068,-1,6,0,0,0
3075,693,729,-1,6,0,0,0
3076,326,316,-1,6,0,0,0
3077,3069,3070,-1,6,0,0,0
3078,3071,3072,-1,6,0,0,0
3079,3073,3074,-1,6,0,0,0
3080,3075,3076,-1,6,0,0,0
3081,1225,-1,-1,4,0,0,0
3082,3077,3078,-1,6,0,0,0
3083,3079,3080,-1,6,0,0,0
3084,3081,1246,-1,6,0,0,0
3085,3082,3083,-1,6,0,0,0
3086,3084,2401,-1,6,0,0,0
3087,3085,3086,-1,6,0,0,0
3088,368,-1,-1,4,0,0,0
3089,3088,-1,-1,4,0,0,0
3090,3089,-1,-1,4,0,0,0
3091,3090,2434,-1,4,0,0,0
3092,18,100,-1,6,0,0,0
3093,107,109,-1,6,0,0,0
3094,130,165,-1,6,0,0,0
3095,184,-1,-1,4,0,0,0
3096,3092,3093,-1,6,0,0,0
3097,3094,3095,-1,6,0,0,0
3098,301,342,-1,2,0,0,0
3099,423,-1,-1,4,0,0,0
3100,3096,3097,-1,6,0,0,0
3101,3098,3099,-1,6,0,0,0
3102,312,422,-1,6,0,0,0
3103,705,398,-1,6,0,0,0
3104,3100,3101,-1,6,0,0,0
3105,3102,3103,-1,6,0,0,0
3106,1216,736,-1,6,0,0,0
3107,850,1219,-1,6,0,0,0
3108,873,1214,-1,4,0,0,0
3109,3104,3105,-1,6,0,0,0
3110,3106,3107,-1,6,0,0,0
3111,3108,1250,-1,6,0,0,0
3112,875,-1,-1,4,0,0,0
3113,3109,3110,-1,6,0,0,0
3114,3111,3112,-1,6,0,0,0
3115,2495,-1,-1,7,0,0,0
3116,3113,3114,-1,6,0,0,0
3117,3115,-1,-1,7,0,0,0
3118,3116,3117,-1,4,0,0,0
3119,7,30,-1,6,0,0,0
3120,31,46,-1,6,0,0,0
3121,51,53,-1,6,0,0,0
3122,79,83,-1,6,0,0,0
3123,87,92,-1,6,0,0,0
3124,103,123,-1,6,0,0,0
3125,133,144,-1,6,0,0,0
3126,177,186,-1,6,0,0,0
3127,191,-1,-1,7,0,0,0
3128,3119,3120,-1,6,0,0,0
3129,3121,3122,-1,6,0,0,0
3130,3123,3124,-1,6,0,0,0
3131,3125,3126,-1,6,0,0,0
3132,3127,259,-1,2,0,0,0
3133,290,281,-1,6,0,0,0
3134,332,295,-1,6,0,0,0
3135,265,578,-1,6,0,0,0
3136,419,-1,-1,4,0,0,0
3137,3128,3129,-1,6,0,0,0
3138,3130,3131,-1,6,0,0,0
3139,3132,3133,-1,6,0,0,0
3140,3134,3135,-1,6,0,0,0
3141,3136,695,-1,6,0,0,0
3142,507,831,-1,6,0,0,0
3143,721,575,-1,6,0,0,0
3144,577,580,-1,6,0,0,0
3145,3137,3138,-1,6,0,0,0
3146,3139,3140,-1,6,0,0,0
3147,3141,3142,-1,6,0,0,0
3148,3143,3144,-1,6,0,0,0
3149,816,359,-1,6,0,0,0
3150,969,1222,-1,6,0,0,0
3151,3145,3146,-1,6,0,0,0
3152,3147,3148,-1,6,0,0,0
3153,3149,3150,-1,6,0,0,0
3154,1242,-1,-1,4,0,0,0
3155,3151,3152,-1,6,0,0,0
3156,3153,3154,-1,6,0,0,0
3157,3155,3156,-1,6,0,0,0
3158,3091,-1,-1,4,0,0,0
3159,3157,3158,-1,6,0,0,0
3160,87,95,-1,2,0,0,0
3161,164,-1,-1,4,0,0,0
3162,3160,3161,-1,6,0,0,0
3163,341,342,-1,6,0,0,0
3164,343,288,-1,4,0,0,0
3165,324,344,-1,7,0,0,0
3166,345,352,-1,4,0,0,0
3167,3162,3163,-1,6,0,0,0
3168,3164,3165,-1,4,0,0,0
3169,3166,697,-1,4,0,0,0
3170,719,766,-1,4,0,0,0
3171,807,808,-1,7,0,0,0
3172,350,810,-1,6,0,0,0
3173,360,826,-1,4,0,0,0
3174,3167,3168,-1,6,0,0,0
3175,3169,3170,-1,6,0,0,0
3176,3171,3172,-1,2,0,0,0
3177,3173,806,-1,4,0,0,0
3178,355,812,-1,2,0,0,0
3179,359,814,-1,6,0,0,0
3180,3174,3175,-1,6,0,0,0
3181,3176,3177,-1,6,0,0,0
3182,3178,3179,-1,6,0,0,0
3183,1254,1257,-1,7,0,0,0
3184,1266,-1,-1,7,0,0,0
3185,3180,3181,-1,6,0,0,0
3186,3182,3183,-1,4,0,0,0
3187,3184,1264,-1,7,0,0,0
3188,2313,2438,-1,4,0,0,0
3189,3185,3186,-1,6,0,0,0
3190,3187,3188,-1,2,0,0,0
3191,3091,-1,-1,4,0,0,0
3192,3189,3190,-1,6,0,0,0
3193,3191,-1,-1,4,0,0,0
3194,3192,3193,-1,6,0,0,0
3195,1184,-1,-1,0,0,0,0
3196,2150,-1,-1,0,0,0,0
3197,3047,-1,-1,0,0,0,0
