3039,3088,2938,1791,2478,2954,2513,1831,3061,2544,1872,2575,1893,1917,2594,2625,2653,2681,2707,1949,1972,1352,1377,1994,2024,2052,2073,2734,1419,2763,2105,1452,2782,2124,2148,2813,2170,1490,2195,1136,2977,1517,1538,2215,3011,2236,2262,1576,1605,1627,2287,2313,1196,2849,1658,2349,2379,1684,2875,1711,2406,2428,1738,2903
192,136,160,-1,4,0,0,0
193,145,166,-1,4,0,0,0
194,10,36,-1,6,0,0,0
195,80,99,-1,6,0,0,0
196,54,61,-1,6,0,0,0
197,168,172,-1,4,0,0,0
198,17,119,-1,4,0,0,0
199,70,90,-1,6,0,0,0
200,118,156,-1,4,0,0,0
201,4,71,-1,6,0,0,0
202,38,65,-1,6,0,0,0
203,164,190,-1,4,0,0,0
204,8,60,-1,4,0,0,0
205,39,52,-1,4,0,0,0
206,146,184,-1,6,0,0,0
207,147,154,-1,6,0,0,0
208,131,149,-1,6,0,0,0
209,97,109,-1,4,0,0,0
210,163,186,-1,6,0,0,0
211,141,155,-1,4,0,0,0
212,133,151,-1,4,0,0,0
213,68,159,-1,6,0,0,0
214,20,28,-1,6,0,0,0
215,108,162,-1,6,0,0,0
216,93,104,-1,6,0,0,0
217,78,132,-1,6,0,0,0
218,152,170,-1,6,0,0,0
219,16,31,-1,4,0,0,0
220,3,21,-1,6,0,0,0
221,7,67,-1,6,0,0,0
222,72,189,-1,6,0,0,0
223,73,137,-1,6,0,0,0
224,1,49,-1,4,0,0,0
225,9,62,-1,6,0,0,0
226,116,119,-1,6,0,0,0
227,12,39,-1,6,0,0,0
228,78,143,-1,4,0,0,0
229,122,165,-1,6,0,0,0
230,79,151,-1,6,0,0,0
231,40,45,-1,6,0,0,0
232,129,147,-1,4,0,0,0
233,26,103,-1,4,0,0,0
234,32,72,-1,6,0,0,0
235,57,124,-1,4,0,0,0
236,43,190,-1,4,0,0,0
237,65,134,-1,4,0,0,0
238,163,168,-1,4,0,0,0
239,29,86,-1,6,0,0,0
240,16,64,-1,6,0,0,0
241,115,166,-1,4,0,0,0
242,11,114,-1,4,0,0,0
243,24,42,-1,6,0,0,0
244,88,106,-1,6,0,0,0
245,14,125,-1,6,0,0,0
246,137,-1,-1,4,0,0,0
247,246,200,-1,6,0,0,0
248,38,55,-1,6,0,0,0
249,132,174,-1,4,0,0,0
250,17,81,-1,6,0,0,0
251,180,189,-1,4,0,0,0
252,178,186,-1,4,0,0,0
253,142,157,-1,4,0,0,0
254,44,70,-1,4,0,0,0
255,46,183,-1,4,0,0,0
256,89,101,-1,4,0,0,0
257,14,-1,-1,4,0,0,0
258,257,192,-1,6,0,0,0
259,23,102,-1,6,0,0,0
260,32,117,-1,6,0,0,0
261,71,86,-1,4,0,0,0
262,82,181,-1,6,0,0,0
263,108,176,-1,6,0,0,0
264,118,135,-1,6,0,0,0
265,138,150,-1,6,0,0,0
266,107,171,-1,6,0,0,0
267,30,85,-1,4,0,0,0
268,111,175,-1,6,0,0,0
269,141,178,-1,4,0,0,0
270,142,146,-1,4,0,0,0
271,166,180,-1,6,0,0,0
272,130,153,-1,6,0,0,0
273,99,158,-1,6,0,0,0
274,43,87,-1,6,0,0,0
275,134,161,-1,4,0,0,0
276,18,154,-1,4,0,0,0
277,62,173,-1,6,0,0,0
278,136,171,-1,4,0,0,0
279,6,7,-1,6,0,0,0
280,82,105,-1,6,0,0,0
281,110,145,-1,6,0,0,0
282,43,128,-1,4,0,0,0
283,8,159,-1,4,0,0,0
284,47,80,-1,4,0,0,0
285,56,78,-1,4,0,0,0
286,63,147,-1,4,0,0,0
287,83,85,-1,4,0,0,0
288,4,50,-1,6,0,0,0
289,19,61,-1,6,0,0,0
290,29,33,-1,4,0,0,0
291,2,57,-1,6,0,0,0
292,0,103,-1,6,0,0,0
293,52,185,-1,6,0,0,0
294,44,74,-1,4,0,0,0
295,46,146,-1,4,0,0,0
296,36,-1,-1,4,0,0,0
297,296,275,-1,6,0,0,0
298,69,87,-1,4,0,0,0
299,9,37,-1,6,0,0,0
300,130,191,-1,6,0,0,0
301,249,250,-1,6,0,0,0
302,22,159,-1,6,0,0,0
303,28,64,-1,6,0,0,0
304,109,181,-1,6,0,0,0
305,135,167,-1,4,0,0,0
306,148,158,-1,6,0,0,0
307,156,-1,-1,4,0,0,0
308,307,221,-1,4,0,0,0
309,11,24,-1,4,0,0,0
310,80,100,-1,4,0,0,0
311,15,121,-1,4,0,0,0
312,13,-1,-1,4,0,0,0
313,312,218,-1,4,0,0,0
314,36,-1,-1,4,0,0,0
315,314,288,-1,6,0,0,0
316,54,131,-1,4,0,0,0
317,6,26,-1,6,0,0,0
318,98,114,-1,6,0,0,0
319,95,97,-1,6,0,0,0
320,156,-1,-1,4,0,0,0
321,320,306,-1,6,0,0,0
322,175,-1,-1,4,0,0,0
323,322,219,-1,4,0,0,0
324,176,-1,-1,4,0,0,0
325,324,192,-1,4,0,0,0
326,84,96,-1,6,0,0,0
327,137,183,-1,4,0,0,0
328,92,94,-1,6,0,0,0
329,113,181,-1,6,0,0,0
330,193,222,-1,6,0,0,0
331,66,85,-1,4,0,0,0
332,86,144,-1,4,0,0,0
333,59,-1,-1,4,0,0,0
334,333,317,-1,6,0,0,0
335,65,75,-1,4,0,0,0
336,47,115,-1,4,0,0,0
337,98,105,-1,4,0,0,0
338,2,133,-1,6,0,0,0
339,0,177,-1,6,0,0,0
340,174,-1,-1,4,0,0,0
341,340,317,-1,4,0,0,0
342,17,112,-1,6,0,0,0
343,131,135,-1,6,0,0,0
344,91,-1,-1,4,0,0,0
345,344,224,-1,4,0,0,0
346,234,294,-1,4,0,0,0
347,3,113,-1,4,0,0,0
348,55,136,-1,4,0,0,0
349,158,-1,-1,4,0,0,0
350,349,197,-1,4,0,0,0
351,56,-1,-1,4,0,0,0
352,351,243,-1,4,0,0,0
353,328,213,-1,6,0,0,0
354,96,-1,-1,4,0,0,0
355,354,196,-1,6,0,0,0
356,35,-1,-1,4,0,0,0
357,356,231,-1,6,0,0,0
358,63,79,-1,6,0,0,0
359,103,116,-1,4,0,0,0
360,40,91,-1,6,0,0,0
361,3,129,-1,6,0,0,0
362,8,124,-1,6,0,0,0
363,54,55,-1,4,0,0,0
364,111,161,-1,4,0,0,0
365,175,177,-1,4,0,0,0
366,125,170,-1,4,0,0,0
367,141,-1,-1,4,0,0,0
368,367,256,-1,6,0,0,0
369,250,217,-1,4,0,0,0
370,21,36,-1,6,0,0,0
371,114,187,-1,4,0,0,0
372,46,135,-1,6,0,0,0
373,12,122,-1,4,0,0,0
374,48,53,-1,4,0,0,0
375,73,76,-1,6,0,0,0
376,19,-1,-1,4,0,0,0
377,376,287,-1,6,0,0,0
378,173,-1,-1,4,0,0,0
379,378,232,-1,4,0,0,0
380,11,51,-1,6,0,0,0
381,35,95,-1,4,0,0,0
382,149,172,-1,6,0,0,0
383,113,-1,-1,4,0,0,0
384,383,193,-1,4,0,0,0
385,168,182,-1,4,0,0,0
386,77,79,-1,4,0,0,0
387,34,41,-1,4,0,0,0
388,22,97,-1,6,0,0,0
389,144,163,-1,6,0,0,0
390,193,289,-1,6,0,0,0
391,21,-1,-1,4,0,0,0
392,391,214,-1,4,0,0,0
393,70,185,-1,4,0,0,0
394,130,131,-1,6,0,0,0
395,133,138,-1,6,0,0,0
396,140,-1,-1,4,0,0,0
397,396,388,-1,6,0,0,0
398,187,-1,-1,4,0,0,0
399,398,386,-1,6,0,0,0
400,52,-1,-1,4,0,0,0
401,400,288,-1,4,0,0,0
402,98,120,-1,6,0,0,0
403,33,183,-1,6,0,0,0
404,38,104,-1,6,0,0,0
405,141,-1,-1,4,0,0,0
406,405,299,-1,4,0,0,0
407,106,-1,-1,4,0,0,0
408,407,259,-1,4,0,0,0
409,17,-1,-1,4,0,0,0
410,409,365,-1,6,0,0,0
411,57,-1,-1,4,0,0,0
412,411,213,-1,6,0,0,0
413,67,-1,-1,4,0,0,0
414,413,282,-1,6,0,0,0
415,160,-1,-1,4,0,0,0
416,415,326,-1,6,0,0,0
417,8,-1,-1,4,0,0,0
418,417,289,-1,6,0,0,0
419,76,119,-1,4,0,0,0
420,6,132,-1,4,0,0,0
421,25,131,-1,4,0,0,0
422,24,179,-1,4,0,0,0
423,3,95,-1,6,0,0,0
424,180,-1,-1,4,0,0,0
425,424,374,-1,4,0,0,0
426,154,-1,-1,4,0,0,0
427,426,234,-1,4,0,0,0
428,34,39,-1,6,0,0,0
429,11,109,-1,4,0,0,0
430,223,262,-1,4,0,0,0
431,117,165,-1,4,0,0,0
432,29,152,-1,4,0,0,0
433,393,-1,-1,7,0,0,0
434,433,315,-1,2,0,0,0
435,90,111,-1,4,0,0,0
436,75,139,-1,6,0,0,0
437,152,-1,-1,4,0,0,0
438,437,305,-1,6,0,0,0
439,57,60,-1,4,0,0,0
440,153,-1,-1,4,0,0,0
441,440,200,-1,4,0,0,0
442,0,117,-1,6,0,0,0
443,4,54,-1,6,0,0,0
444,30,91,-1,6,0,0,0
445,1,-1,-1,4,0,0,0
446,445,254,-1,6,0,0,0
447,123,-1,-1,4,0,0,0
448,447,261,-1,6,0,0,0
449,45,-1,-1,4,0,0,0
450,449,234,-1,6,0,0,0
451,81,136,-1,6,0,0,0
452,177,183,-1,6,0,0,0
453,34,129,-1,4,0,0,0
454,94,-1,-1,4,0,0,0
455,454,243,-1,4,0,0,0
456,20,-1,-1,4,0,0,0
457,456,443,-1,4,0,0,0
458,30,101,-1,4,0,0,0
459,98,132,-1,4,0,0,0
460,254,358,-1,4,0,0,0
461,161,-1,-1,4,0,0,0
462,461,435,-1,6,0,0,0
463,162,178,-1,6,0,0,0
464,436,-1,-1,4,0,0,0
465,464,301,-1,6,0,0,0
466,140,153,-1,4,0,0,0
467,103,-1,-1,4,0,0,0
468,467,244,-1,6,0,0,0
469,83,-1,-1,4,0,0,0
470,469,338,-1,4,0,0,0
471,18,100,-1,6,0,0,0
472,66,159,-1,6,0,0,0
473,72,88,-1,6,0,0,0
474,128,141,-1,6,0,0,0
475,63,-1,-1,4,0,0,0
476,475,194,-1,6,0,0,0
477,104,121,-1,6,0,0,0
478,45,108,-1,6,0,0,0
479,94,127,-1,6,0,0,0
480,50,96,-1,4,0,0,0
481,6,-1,-1,4,0,0,0
482,481,380,-1,4,0,0,0
483,21,183,-1,4,0,0,0
484,8,182,-1,4,0,0,0
485,294,472,-1,4,0,0,0
486,147,-1,-1,4,0,0,0
487,486,205,-1,6,0,0,0
488,32,-1,-1,4,0,0,0
489,488,-1,-1,4,0,0,0
490,489,247,-1,4,0,0,0
491,80,177,-1,4,0,0,0
492,107,114,-1,4,0,0,0
493,139,-1,-1,4,0,0,0
494,493,209,-1,4,0,0,0
495,104,169,-1,6,0,0,0
496,248,311,-1,6,0,0,0
497,253,422,-1,4,0,0,0
498,174,-1,-1,4,0,0,0
499,498,298,-1,6,0,0,0
500,250,326,-1,6,0,0,0
501,65,-1,-1,4,0,0,0
502,501,204,-1,6,0,0,0
503,156,169,-1,6,0,0,0
504,61,120,-1,6,0,0,0
505,68,-1,-1,4,0,0,0
506,505,474,-1,6,0,0,0
507,9,55,-1,4,0,0,0
508,117,-1,-1,4,0,0,0
509,508,466,-1,4,0,0,0
510,50,100,-1,6,0,0,0
511,25,30,-1,6,0,0,0
512,32,125,-1,6,0,0,0
513,49,55,-1,6,0,0,0
514,172,-1,-1,4,0,0,0
515,514,-1,-1,4,0,0,0
516,515,313,-1,4,0,0,0
517,112,116,-1,6,0,0,0
518,73,78,-1,4,0,0,0
519,385,256,-1,4,0,0,0
520,166,188,-1,4,0,0,0
521,266,-1,-1,4,0,0,0
522,521,438,-1,4,0,0,0
523,512,370,-1,4,0,0,0
524,6,33,-1,6,0,0,0
525,61,-1,-1,4,0,0,0
526,525,319,-1,4,0,0,0
527,121,-1,-1,4,0,0,0
528,527,229,-1,4,0,0,0
529,145,178,-1,6,0,0,0
530,62,188,-1,6,0,0,0
531,136,-1,-1,4,0,0,0
532,531,360,-1,4,0,0,0
533,152,190,-1,6,0,0,0
534,68,-1,-1,4,0,0,0
535,534,216,-1,4,0,0,0
536,193,-1,-1,4,0,0,0
537,536,410,-1,4,0,0,0
538,157,178,-1,6,0,0,0
539,27,96,-1,4,0,0,0
540,306,382,-1,6,0,0,0
541,282,260,-1,4,0,0,0
542,130,-1,-1,4,0,0,0
543,542,478,-1,4,0,0,0
544,6,-1,-1,4,0,0,0
545,544,231,-1,6,0,0,0
546,31,-1,-1,4,0,0,0
547,546,243,-1,6,0,0,0
548,18,72,-1,6,0,0,0
549,171,-1,-1,4,0,0,0
550,549,228,-1,6,0,0,0
551,235,372,-1,4,0,0,0
552,153,-1,-1,4,0,0,0
553,552,216,-1,6,0,0,0
554,208,451,-1,6,0,0,0
555,19,24,-1,6,0,0,0
556,67,-1,-1,4,0,0,0
557,556,473,-1,6,0,0,0
558,60,182,-1,4,0,0,0
559,206,336,-1,6,0,0,0
560,48,-1,-1,4,0,0,0
561,560,381,-1,4,0,0,0
562,56,-1,-1,4,0,0,0
563,562,-1,-1,4,0,0,0
564,563,545,-1,4,0,0,0
565,85,92,-1,4,0,0,0
566,281,229,-1,4,0,0,0
567,326,205,-1,4,0,0,0
568,16,50,-1,4,0,0,0
569,233,503,-1,4,0,0,0
570,14,-1,-1,4,0,0,0
571,570,389,-1,4,0,0,0
572,46,121,-1,6,0,0,0
573,2,20,-1,6,0,0,0
574,40,189,-1,6,0,0,0
575,116,118,-1,4,0,0,0
576,471,-1,-1,7,0,0,0
577,576,313,-1,2,0,0,0
578,142,186,-1,6,0,0,0
579,248,-1,-1,4,0,0,0
580,579,476,-1,6,0,0,0
581,95,-1,-1,4,0,0,0
582,581,275,-1,4,0,0,0
583,7,-1,-1,4,0,0,0
584,583,256,-1,4,0,0,0
585,137,-1,-1,4,0,0,0
586,585,218,-1,4,0,0,0
587,70,-1,-1,4,0,0,0
588,587,524,-1,6,0,0,0
589,57,-1,-1,4,0,0,0
590,589,225,-1,6,0,0,0
591,51,168,-1,6,0,0,0
592,389,277,-1,6,0,0,0
593,54,-1,-1,4,0,0,0
594,593,359,-1,6,0,0,0
595,58,110,-1,4,0,0,0
596,81,191,-1,4,0,0,0
597,134,-1,-1,4,0,0,0
598,597,385,-1,6,0,0,0
599,51,75,-1,4,0,0,0
600,189,-1,-1,4,0,0,0
601,600,243,-1,4,0,0,0
602,84,132,-1,6,0,0,0
603,128,-1,-1,4,0,0,0
604,603,466,-1,6,0,0,0
605,170,-1,-1,4,0,0,0
606,605,328,-1,6,0,0,0
607,101,-1,-1,4,0,0,0
608,607,-1,-1,4,0,0,0
609,608,545,-1,4,0,0,0
610,35,59,-1,6,0,0,0
611,52,183,-1,6,0,0,0
612,14,-1,-1,4,0,0,0
613,612,220,-1,6,0,0,0
614,146,-1,-1,4,0,0,0
615,614,290,-1,6,0,0,0
616,20,43,-1,6,0,0,0
617,8,133,-1,4,0,0,0
618,25,113,-1,4,0,0,0
619,119,129,-1,4,0,0,0
620,401,355,-1,4,0,0,0
621,68,148,-1,6,0,0,0
622,94,145,-1,4,0,0,0
623,89,143,-1,6,0,0,0
624,1,16,-1,4,0,0,0
625,175,-1,-1,4,0,0,0
626,625,207,-1,4,0,0,0
627,69,159,-1,6,0,0,0
628,66,-1,-1,4,0,0,0
629,628,212,-1,6,0,0,0
630,1,41,-1,4,0,0,0
631,87,160,-1,4,0,0,0
632,245,389,-1,4,0,0,0
633,572,-1,-1,4,0,0,0
634,633,450,-1,4,0,0,0
635,371,311,-1,4,0,0,0
636,70,72,-1,4,0,0,0
637,205,-1,-1,4,0,0,0
638,637,592,-1,4,0,0,0
639,3,99,-1,4,0,0,0
640,24,72,-1,4,0,0,0
641,44,190,-1,4,0,0,0
642,204,435,-1,6,0,0,0
643,105,184,-1,4,0,0,0
644,1,-1,-1,4,0,0,0
645,644,317,-1,4,0,0,0
646,15,-1,-1,4,0,0,0
647,646,249,-1,4,0,0,0
648,126,139,-1,4,0,0,0
649,34,149,-1,4,0,0,0
650,0,-1,-1,4,0,0,0
651,650,-1,-1,4,0,0,0
652,651,379,-1,6,0,0,0
653,90,135,-1,4,0,0,0
654,179,-1,-1,4,0,0,0
655,654,253,-1,6,0,0,0
656,53,155,-1,4,0,0,0
657,165,-1,-1,4,0,0,0
658,657,-1,-1,4,0,0,0
659,658,496,-1,4,0,0,0
660,13,26,-1,4,0,0,0
661,209,503,-1,4,0,0,0
662,533,265,-1,6,0,0,0
663,88,-1,-1,4,0,0,0
664,663,403,-1,4,0,0,0
665,125,-1,-1,4,0,0,0
666,665,-1,-1,4,0,0,0
667,666,401,-1,4,0,0,0
668,162,-1,-1,4,0,0,0
669,668,-1,-1,4,0,0,0
670,669,390,-1,4,0,0,0
671,82,149,-1,4,0,0,0
672,281,444,-1,4,0,0,0
673,1,-1,-1,4,0,0,0
674,673,386,-1,6,0,0,0
675,164,-1,-1,4,0,0,0
676,675,371,-1,6,0,0,0
677,4,128,-1,6,0,0,0
678,68,-1,-1,4,0,0,0
679,678,271,-1,6,0,0,0
680,163,-1,-1,4,0,0,0
681,680,-1,-1,4,0,0,0
682,681,547,-1,4,0,0,0
683,128,-1,-1,4,0,0,0
684,683,196,-1,4,0,0,0
685,37,-1,-1,4,0,0,0
686,685,244,-1,4,0,0,0
687,109,-1,-1,4,0,0,0
688,687,218,-1,6,0,0,0
689,93,-1,-1,4,0,0,0
690,689,194,-1,4,0,0,0
691,224,428,-1,6,0,0,0
692,38,70,-1,4,0,0,0
693,57,-1,-1,4,0,0,0
694,693,281,-1,4,0,0,0
695,373,578,-1,4,0,0,0
696,17,-1,-1,4,0,0,0
697,696,558,-1,4,0,0,0
698,86,-1,-1,4,0,0,0
699,698,266,-1,4,0,0,0
700,158,-1,-1,4,0,0,0
701,700,361,-1,4,0,0,0
702,244,-1,-1,4,0,0,0
703,702,341,-1,4,0,0,0
704,300,-1,-1,4,0,0,0
705,704,247,-1,4,0,0,0
706,111,150,-1,4,0,0,0
707,77,123,-1,6,0,0,0
708,9,191,-1,4,0,0,0
709,89,181,-1,4,0,0,0
710,172,-1,-1,4,0,0,0
711,710,-1,-1,4,0,0,0
712,711,499,-1,4,0,0,0
713,64,144,-1,6,0,0,0
714,361,707,-1,4,0,0,0
715,88,133,-1,4,0,0,0
716,477,555,-1,4,0,0,0
717,251,520,-1,6,0,0,0
718,19,-1,-1,4,0,0,0
719,718,429,-1,4,0,0,0
720,299,195,-1,4,0,0,0
721,176,-1,-1,4,0,0,0
722,721,463,-1,6,0,0,0
723,13,127,-1,4,0,0,0
724,365,-1,-1,4,0,0,0
725,724,598,-1,4,0,0,0
726,47,-1,-1,4,0,0,0
727,726,303,-1,4,0,0,0
728,132,-1,-1,4,0,0,0
729,728,-1,-1,4,0,0,0
730,729,547,-1,4,0,0,0
731,65,157,-1,4,0,0,0
732,73,-1,-1,4,0,0,0
733,732,215,-1,4,0,0,0
734,81,118,-1,4,0,0,0
735,84,-1,-1,4,0,0,0
736,735,520,-1,4,0,0,0
737,290,-1,-1,4,0,0,0
738,737,392,-1,4,0,0,0
739,53,78,-1,6,0,0,0
740,93,-1,-1,4,0,0,0
741,740,211,-1,4,0,0,0
742,79,-1,-1,4,0,0,0
743,742,-1,-1,4,0,0,0
744,743,635,-1,4,0,0,0
745,138,-1,-1,4,0,0,0
746,745,-1,-1,4,0,0,0
747,746,446,-1,4,0,0,0
748,200,-1,-1,4,0,0,0
749,748,416,-1,4,0,0,0
750,110,-1,-1,4,0,0,0
751,750,511,-1,6,0,0,0
752,126,-1,-1,4,0,0,0
753,752,-1,-1,4,0,0,0
754,753,301,-1,4,0,0,0
755,621,599,-1,4,0,0,0
756,103,-1,-1,4,0,0,0
757,756,219,-1,4,0,0,0
758,171,-1,-1,4,0,0,0
759,758,359,-1,4,0,0,0
760,185,-1,-1,4,0,0,0
761,760,192,-1,4,0,0,0
762,83,-1,-1,4,0,0,0
763,762,195,-1,6,0,0,0
764,165,-1,-1,4,0,0,0
765,764,196,-1,6,0,0,0
766,11,-1,-1,4,0,0,0
767,766,198,-1,6,0,0,0
768,23,-1,-1,4,0,0,0
769,768,199,-1,6,0,0,0
770,200,201,-1,6,0,0,0
771,123,-1,-1,4,0,0,0
772,771,202,-1,4,0,0,0
773,29,-1,-1,4,0,0,0
774,773,205,-1,6,0,0,0
775,206,207,-1,4,0,0,0
776,126,-1,-1,4,0,0,0
777,776,208,-1,4,0,0,0
778,15,-1,-1,4,0,0,0
779,778,209,-1,6,0,0,0
780,138,-1,-1,4,0,0,0
781,780,211,-1,4,0,0,0
782,187,-1,-1,4,0,0,0
783,782,212,-1,4,0,0,0
784,59,-1,-1,4,0,0,0
785,784,214,-1,4,0,0,0
786,112,-1,-1,4,0,0,0
787,786,215,-1,6,0,0,0
788,216,217,-1,4,0,0,0
789,128,-1,-1,4,0,0,0
790,789,218,-1,6,0,0,0
791,220,221,-1,6,0,0,0
792,5,-1,-1,4,0,0,0
793,792,223,-1,6,0,0,0
794,204,224,-1,4,0,0,0
795,127,-1,-1,4,0,0,0
796,795,228,-1,4,0,0,0
797,33,-1,-1,4,0,0,0
798,797,231,-1,4,0,0,0
799,232,233,-1,4,0,0,0
800,234,235,-1,6,0,0,0
801,83,-1,-1,4,0,0,0
802,801,-1,-1,4,0,0,0
803,802,785,-1,4,0,0,0
804,239,240,-1,4,0,0,0
805,22,-1,-1,4,0,0,0
806,805,244,-1,6,0,0,0
807,245,-1,-1,4,0,0,0
808,807,247,-1,6,0,0,0
809,0,-1,-1,4,0,0,0
810,809,248,-1,4,0,0,0
811,249,-1,-1,4,0,0,0
812,811,761,-1,4,0,0,0
813,102,-1,-1,4,0,0,0
814,813,250,-1,4,0,0,0
815,164,-1,-1,4,0,0,0
816,815,251,-1,4,0,0,0
817,150,-1,-1,4,0,0,0
818,817,252,-1,6,0,0,0
819,58,-1,-1,4,0,0,0
820,819,255,-1,6,0,0,0
821,10,-1,-1,4,0,0,0
822,821,-1,-1,4,0,0,0
823,822,781,-1,6,0,0,0
824,37,-1,-1,4,0,0,0
825,824,261,-1,6,0,0,0
826,45,-1,-1,4,0,0,0
827,826,262,-1,6,0,0,0
828,266,-1,-1,4,0,0,0
829,828,791,-1,6,0,0,0
830,35,-1,-1,4,0,0,0
831,830,268,-1,4,0,0,0
832,271,272,-1,4,0,0,0
833,226,273,-1,4,0,0,0
834,275,276,-1,4,0,0,0
835,41,-1,-1,4,0,0,0
836,835,281,-1,4,0,0,0
837,143,-1,-1,4,0,0,0
838,837,282,-1,6,0,0,0
839,120,-1,-1,4,0,0,0
840,839,287,-1,4,0,0,0
841,160,-1,-1,4,0,0,0
842,841,288,-1,4,0,0,0
843,167,-1,-1,4,0,0,0
844,843,289,-1,4,0,0,0
845,290,245,-1,4,0,0,0
846,291,292,-1,4,0,0,0
847,95,-1,-1,4,0,0,0
848,847,294,-1,4,0,0,0
849,198,-1,-1,4,0,0,0
850,849,297,-1,4,0,0,0
851,5,-1,-1,4,0,0,0
852,851,299,-1,4,0,0,0
853,206,300,-1,6,0,0,0
854,49,-1,-1,4,0,0,0
855,854,303,-1,6,0,0,0
856,190,-1,-1,4,0,0,0
857,856,305,-1,4,0,0,0
858,281,306,-1,6,0,0,0
859,104,-1,-1,4,0,0,0
860,859,311,-1,4,0,0,0
861,168,-1,-1,4,0,0,0
862,861,-1,-1,4,0,0,0
863,862,313,-1,4,0,0,0
864,800,315,-1,4,0,0,0
865,316,-1,-1,7,0,0,0
866,865,798,-1,2,0,0,0
867,47,-1,-1,4,0,0,0
868,867,317,-1,4,0,0,0
869,73,-1,-1,4,0,0,0
870,869,-1,-1,4,0,0,0
871,870,852,-1,4,0,0,0
872,8,-1,-1,4,0,0,0
873,872,326,-1,4,0,0,0
874,30,-1,-1,4,0,0,0
875,874,328,-1,6,0,0,0
876,331,332,-1,6,0,0,0
877,93,-1,-1,4,0,0,0
878,877,-1,-1,4,0,0,0
879,878,834,-1,6,0,0,0
880,162,-1,-1,4,0,0,0
881,880,-1,-1,4,0,0,0
882,881,818,-1,6,0,0,0
883,769,334,-1,6,0,0,0
884,336,337,-1,6,0,0,0
885,71,-1,-1,4,0,0,0
886,885,343,-1,6,0,0,0
887,69,-1,-1,4,0,0,0
888,887,-1,-1,4,0,0,0
889,888,352,-1,6,0,0,0
890,303,-1,-1,7,0,0,0
891,890,796,-1,2,0,0,0
892,124,-1,-1,4,0,0,0
893,892,-1,-1,4,0,0,0
894,893,355,-1,6,0,0,0
895,12,-1,-1,4,0,0,0
896,895,358,-1,4,0,0,0
897,31,-1,-1,4,0,0,0
898,897,359,-1,6,0,0,0
899,206,365,-1,4,0,0,0
900,107,-1,-1,4,0,0,0
901,900,-1,-1,4,0,0,0
902,901,785,-1,4,0,0,0
903,252,-1,-1,4,0,0,0
904,903,368,-1,4,0,0,0
905,224,370,-1,4,0,0,0
906,71,-1,-1,4,0,0,0
907,906,-1,-1,4,0,0,0
908,907,816,-1,4,0,0,0
909,359,371,-1,6,0,0,0
910,373,374,-1,6,0,0,0
911,63,-1,-1,4,0,0,0
912,911,-1,-1,4,0,0,0
913,912,377,-1,6,0,0,0
914,15,-1,-1,4,0,0,0
915,914,380,-1,6,0,0,0
916,219,381,-1,6,0,0,0
917,382,291,-1,4,0,0,0
918,214,-1,-1,4,0,0,0
919,918,794,-1,6,0,0,0
920,385,386,-1,6,0,0,0
921,61,-1,-1,4,0,0,0
922,921,-1,-1,4,0,0,0
923,922,868,-1,6,0,0,0
924,139,-1,-1,4,0,0,0
925,924,387,-1,6,0,0,0
926,110,-1,-1,4,0,0,0
927,926,394,-1,6,0,0,0
928,278,-1,-1,4,0,0,0
929,928,401,-1,6,0,0,0
930,25,-1,-1,4,0,0,0
931,930,402,-1,4,0,0,0
932,32,-1,-1,4,0,0,0
933,932,403,-1,4,0,0,0
934,99,-1,-1,4,0,0,0
935,934,404,-1,4,0,0,0
936,40,-1,-1,4,0,0,0
937,936,-1,-1,4,0,0,0
938,937,767,-1,4,0,0,0
939,113,-1,-1,4,0,0,0
940,939,419,-1,4,0,0,0
941,27,-1,-1,4,0,0,0
942,941,422,-1,4,0,0,0
943,134,-1,-1,4,0,0,0
944,943,423,-1,4,0,0,0
945,810,806,-1,4,0,0,0
946,245,-1,-1,4,0,0,0
947,946,427,-1,4,0,0,0
948,428,429,-1,4,0,0,0
949,431,-1,-1,7,0,0,0
950,949,430,-1,2,0,0,0
951,432,-1,-1,4,0,0,0
952,951,-1,-1,4,0,0,0
953,952,434,-1,4,0,0,0
954,435,-1,-1,7,0,0,0
955,954,818,-1,2,0,0,0
956,39,-1,-1,4,0,0,0
957,956,-1,-1,4,0,0,0
958,957,-1,-1,4,0,0,0
959,958,812,-1,6,0,0,0
960,442,443,-1,4,0,0,0
961,154,-1,-1,4,0,0,0
962,961,-1,-1,4,0,0,0
963,962,446,-1,4,0,0,0
964,448,430,-1,6,0,0,0
965,252,451,-1,4,0,0,0
966,940,462,-1,6,0,0,0
967,152,-1,-1,4,0,0,0
968,967,-1,-1,4,0,0,0
969,968,886,-1,6,0,0,0
970,208,-1,-1,4,0,0,0
971,970,857,-1,4,0,0,0
972,169,-1,-1,4,0,0,0
973,972,466,-1,4,0,0,0
974,125,-1,-1,4,0,0,0
975,974,-1,-1,4,0,0,0
976,975,468,-1,4,0,0,0
977,144,-1,-1,4,0,0,0
978,977,-1,-1,4,0,0,0
979,978,853,-1,4,0,0,0
980,152,-1,-1,4,0,0,0
981,980,-1,-1,4,0,0,0
982,981,470,-1,6,0,0,0
983,471,472,-1,6,0,0,0
984,857,777,-1,6,0,0,0
985,28,-1,-1,4,0,0,0
986,985,478,-1,6,0,0,0
987,484,-1,-1,7,0,0,0
988,987,352,-1,2,0,0,0
989,261,495,-1,4,0,0,0
990,496,497,-1,4,0,0,0
991,151,-1,-1,4,0,0,0
992,991,-1,-1,4,0,0,0
993,992,499,-1,4,0,0,0
994,235,-1,-1,4,0,0,0
995,994,500,-1,6,0,0,0
996,123,-1,-1,4,0,0,0
997,996,-1,-1,4,0,0,0
998,997,868,-1,4,0,0,0
999,510,-1,-1,4,0,0,0
1000,999,774,-1,6,0,0,0
1001,188,-1,-1,4,0,0,0
1002,1001,-1,-1,4,0,0,0
1003,1002,806,-1,6,0,0,0
1004,511,-1,-1,7,0,0,0
1005,1004,925,-1,2,0,0,0
1006,10,-1,-1,4,0,0,0
1007,1006,-1,-1,4,0,0,0
1008,1007,-1,-1,4,0,0,0
1009,1008,516,-1,6,0,0,0
1010,140,-1,-1,4,0,0,0
1011,1010,-1,-1,4,0,0,0
1012,1011,761,-1,4,0,0,0
1013,480,-1,-1,7,0,0,0
1014,1013,915,-1,2,0,0,0
1015,422,-1,-1,4,0,0,0
1016,1015,973,-1,4,0,0,0
1017,504,-1,-1,4,0,0,0
1018,1017,965,-1,4,0,0,0
1019,513,-1,-1,4,0,0,0
1020,1019,873,-1,6,0,0,0
1021,26,-1,-1,4,0,0,0
1022,1021,524,-1,4,0,0,0
1023,448,-1,-1,7,0,0,0
1024,1023,984,-1,2,0,0,0
1025,530,-1,-1,4,0,0,0
1026,1025,532,-1,6,0,0,0
1027,538,-1,-1,7,0,0,0
1028,1027,884,-1,2,0,0,0
1029,539,-1,-1,7,0,0,0
1030,1029,910,-1,2,0,0,0
1031,541,543,-1,6,0,0,0
1032,268,-1,-1,4,0,0,0
1033,1032,553,-1,4,0,0,0
1034,558,-1,-1,4,0,0,0
1035,1034,559,-1,6,0,0,0
1036,335,568,-1,4,0,0,0
1037,217,-1,-1,4,0,0,0
1038,1037,571,-1,4,0,0,0
1039,304,-1,-1,7,0,0,0
1040,1039,-1,-1,7,0,0,0
1041,1040,908,-1,2,0,0,0
1042,578,-1,-1,4,0,0,0
1043,1042,836,-1,4,0,0,0
1044,365,-1,-1,4,0,0,0
1045,1044,-1,-1,4,0,0,0
1046,1045,929,-1,4,0,0,0
1047,487,-1,-1,7,0,0,0
1048,1047,879,-1,2,0,0,0
1049,318,-1,-1,4,0,0,0
1050,1049,586,-1,4,0,0,0
1051,231,-1,-1,4,0,0,0
1052,1051,590,-1,6,0,0,0
1053,185,-1,-1,4,0,0,0
1054,1053,-1,-1,4,0,0,0
1055,1054,875,-1,4,0,0,0
1056,591,-1,-1,4,0,0,0
1057,1056,-1,-1,4,0,0,0
1058,1057,913,-1,4,0,0,0
1059,151,-1,-1,4,0,0,0
1060,1059,-1,-1,4,0,0,0
1061,1060,598,-1,6,0,0,0
1062,137,-1,-1,4,0,0,0
1063,1062,599,-1,4,0,0,0
1064,37,-1,-1,4,0,0,0
1065,1064,602,-1,6,0,0,0
1066,761,800,-1,4,0,0,0
1067,92,-1,-1,4,0,0,0
1068,1067,-1,-1,4,0,0,0
1069,1068,613,-1,4,0,0,0
1070,615,345,-1,6,0,0,0
1071,220,616,-1,6,0,0,0
1072,621,622,-1,4,0,0,0
1073,280,623,-1,6,0,0,0
1074,538,-1,-1,4,0,0,0
1075,1074,632,-1,4,0,0,0
1076,44,-1,-1,4,0,0,0
1077,1076,-1,-1,4,0,0,0
1078,1077,794,-1,4,0,0,0
1079,74,-1,-1,4,0,0,0
1080,1079,-1,-1,4,0,0,0
1081,1080,-1,-1,4,0,0,0
1082,1081,984,-1,4,0,0,0
1083,414,642,-1,4,0,0,0
1084,643,-1,-1,4,0,0,0
1085,1084,-1,-1,4,0,0,0
1086,1085,516,-1,6,0,0,0
1087,1078,-1,-1,4,0,0,0
1088,1087,1009,-1,4,0,0,0
1089,157,-1,-1,4,0,0,0
1090,1089,649,-1,6,0,0,0
1091,306,-1,-1,4,0,0,0
1092,1091,853,-1,6,0,0,0
1093,229,-1,-1,4,0,0,0
1094,1093,772,-1,6,0,0,0
1095,419,660,-1,4,0,0,0
1096,510,-1,-1,4,0,0,0
1097,1096,-1,-1,4,0,0,0
1098,1097,1035,-1,4,0,0,0
1099,602,-1,-1,4,0,0,0
1100,1099,-1,-1,4,0,0,0
1101,1100,667,-1,4,0,0,0
1102,38,-1,-1,4,0,0,0
1103,1102,-1,-1,4,0,0,0
1104,1103,-1,-1,4,0,0,0
1105,1104,670,-1,6,0,0,0
1106,765,455,-1,4,0,0,0
1107,239,-1,-1,4,0,0,0
1108,1107,676,-1,6,0,0,0
1109,21,40,-1,7,0,0,0
1110,52,74,-1,7,0,0,0
1111,120,154,-1,7,0,0,0
1112,176,187,-1,4,0,0,0
1113,1109,1110,-1,7,0,0,0
1114,1111,1112,-1,2,0,0,0
1115,252,524,-1,6,0,0,0
1116,338,375,-1,2,0,0,0
1117,623,479,-1,7,0,0,0
1118,1113,1114,-1,2,0,0,0
1119,1115,1116,-1,6,0,0,0
1120,1117,810,-1,2,0,0,0
1121,925,763,-1,2,0,0,0
1122,655,561,-1,7,0,0,0
1123,684,647,-1,7,0,0,0
1124,686,460,-1,2,0,0,0
1125,983,-1,-1,7,0,0,0
1126,1118,1119,-1,6,0,0,0
1127,1120,1121,-1,6,0,0,0
1128,1122,1123,-1,7,0,0,0
1129,1124,1125,-1,4,0,0,0
1130,889,-1,-1,7,0,0,0
1131,1126,1127,-1,6,0,0,0
1132,1128,1129,-1,2,0,0,0
1133,1130,-1,-1,7,0,0,0
1134,1131,1132,-1,6,0,0,0
1135,1133,-1,-1,7,0,0,0
1136,1134,1135,-1,4,0,0,0
1137,23,-1,-1,4,0,0,0
1138,1137,-1,-1,4,0,0,0
1139,1138,858,-1,4,0,0,0
1140,264,-1,-1,4,0,0,0
1141,1140,690,-1,4,0,0,0
1142,118,-1,-1,4,0,0,0
1143,1142,-1,-1,4,0,0,0
1144,1143,916,-1,4,0,0,0
1145,196,-1,-1,4,0,0,0
1146,1145,816,-1,4,0,0,0
1147,512,-1,-1,4,0,0,0
1148,1147,779,-1,4,0,0,0
1149,706,-1,-1,7,0,0,0
1150,1149,629,-1,2,0,0,0
1151,707,-1,-1,7,0,0,0
1152,1151,925,-1,2,0,0,0
1153,574,-1,-1,4,0,0,0
1154,1153,-1,-1,4,0,0,0
1155,1154,1020,-1,4,0,0,0
1156,3,-1,-1,4,0,0,0
1157,1156,-1,-1,4,0,0,0
1158,1157,761,-1,6,0,0,0
1159,101,-1,-1,4,0,0,0
1160,1159,-1,-1,4,0,0,0
1161,1160,873,-1,4,0,0,0
1162,194,-1,-1,4,0,0,0
1163,1162,-1,-1,4,0,0,0
1164,1163,1078,-1,4,0,0,0
1165,59,-1,-1,4,0,0,0
1166,1165,-1,-1,4,0,0,0
1167,1166,834,-1,4,0,0,0
1168,360,-1,-1,4,0,0,0
1169,1168,763,-1,4,0,0,0
1170,305,-1,-1,4,0,0,0
1171,1170,777,-1,4,0,0,0
1172,727,-1,-1,4,0,0,0
1173,1172,730,-1,6,0,0,0
1174,379,-1,-1,4,0,0,0
1175,1174,-1,-1,4,0,0,0
1176,1175,1082,-1,4,0,0,0
1177,858,679,-1,4,0,0,0
1178,119,121,-1,7,0,0,0
1179,142,167,-1,7,0,0,0
1180,1178,1179,-1,7,0,0,0
1181,232,358,-1,4,0,0,0
1182,225,293,-1,4,0,0,0
1183,624,309,-1,7,0,0,0
1184,734,739,-1,7,0,0,0
1185,1180,1181,-1,2,0,0,0
1186,1182,1183,-1,4,0,0,0
1187,1184,502,-1,2,0,0,0
1188,733,736,-1,7,0,0,0
1189,960,-1,-1,7,0,0,0
1190,1185,1186,-1,6,0,0,0
1191,1187,1188,-1,4,0,0,0
1192,1189,1139,-1,2,0,0,0
1193,703,738,-1,6,0,0,0
1194,1190,1191,-1,6,0,0,0
1195,1192,1193,-1,6,0,0,0
1196,1194,1195,-1,6,0,0,0
1197,852,412,-1,4,0,0,0
1198,435,-1,-1,4,0,0,0
1199,1198,-1,-1,4,0,0,0
1200,1199,754,-1,6,0,0,0
1201,397,755,-1,4,0,0,0
1202,204,-1,-1,4,0,0,0
1203,1202,774,-1,4,0,0,0
1204,777,779,-1,4,0,0,0
1205,781,783,-1,4,0,0,0
1206,176,-1,-1,4,0,0,0
1207,1206,-1,-1,4,0,0,0
1208,1207,787,-1,6,0,0,0
1209,35,-1,-1,4,0,0,0
1210,1209,-1,-1,4,0,0,0
1211,1210,791,-1,4,0,0,0
1212,222,-1,-1,4,0,0,0
1213,1212,793,-1,6,0,0,0
1214,229,-1,-1,7,0,0,0
1215,1214,796,-1,2,0,0,0
1216,41,-1,-1,4,0,0,0
1217,1216,-1,-1,4,0,0,0
1218,1217,800,-1,4,0,0,0
1219,243,-1,-1,4,0,0,0
1220,1219,806,-1,4,0,0,0
1221,810,-1,-1,4,0,0,0
1222,1221,812,-1,6,0,0,0
1223,7,-1,-1,4,0,0,0
1224,1223,-1,-1,4,0,0,0
1225,1224,814,-1,4,0,0,0
1226,253,-1,-1,7,0,0,0
1227,1226,818,-1,2,0,0,0
1228,254,-1,-1,4,0,0,0
1229,1228,820,-1,4,0,0,0
1230,90,-1,-1,4,0,0,0
1231,1230,-1,-1,4,0,0,0
1232,1231,-1,-1,4,0,0,0
1233,1232,829,-1,6,0,0,0
1234,12,-1,-1,4,0,0,0
1235,1234,-1,-1,4,0,0,0
1236,1235,834,-1,6,0,0,0
1237,180,-1,-1,4,0,0,0
1238,1237,-1,-1,4,0,0,0
1239,1238,845,-1,4,0,0,0
1240,293,-1,-1,4,0,0,0
1241,1240,848,-1,4,0,0,0
1242,295,-1,-1,4,0,0,0
1243,1242,-1,-1,4,0,0,0
1244,1243,850,-1,4,0,0,0
1245,298,-1,-1,4,0,0,0
1246,1245,852,-1,6,0,0,0
1247,161,-1,-1,4,0,0,0
1248,1247,-1,-1,4,0,0,0
1249,1248,857,-1,6,0,0,0
1250,150,-1,-1,4,0,0,0
1251,1250,-1,-1,4,0,0,0
1252,1251,858,-1,6,0,0,0
1253,868,825,-1,6,0,0,0
1254,318,-1,-1,4,0,0,0
1255,1254,-1,-1,4,0,0,0
1256,1255,1229,-1,6,0,0,0
1257,327,-1,-1,7,0,0,0
1258,1257,873,-1,2,0,0,0
1259,167,-1,-1,4,0,0,0
1260,1259,-1,-1,4,0,0,0
1261,1260,875,-1,6,0,0,0
1262,879,882,-1,4,0,0,0
1263,335,-1,-1,4,0,0,0
1264,1263,884,-1,6,0,0,0
1265,353,-1,-1,4,0,0,0
1266,1265,889,-1,6,0,0,0
1267,845,-1,-1,4,0,0,0
1268,1267,894,-1,4,0,0,0
1269,357,896,-1,4,0,0,0
1270,114,-1,-1,4,0,0,0
1271,1270,-1,-1,4,0,0,0
1272,1271,898,-1,6,0,0,0
1273,1264,908,-1,4,0,0,0
1274,372,-1,-1,7,0,0,0
1275,1274,909,-1,2,0,0,0
1276,375,-1,-1,4,0,0,0
1277,1276,910,-1,6,0,0,0
1278,275,-1,-1,4,0,0,0
1279,1278,915,-1,6,0,0,0
1280,916,917,-1,4,0,0,0
1281,305,-1,-1,4,0,0,0
1282,1281,-1,-1,4,0,0,0
1283,1282,919,-1,4,0,0,0
1284,227,-1,-1,4,0,0,0
1285,1284,-1,-1,4,0,0,0
1286,1285,923,-1,6,0,0,0
1287,388,-1,-1,7,0,0,0
1288,1287,925,-1,2,0,0,0
1289,408,-1,-1,4,0,0,0
1290,1289,938,-1,4,0,0,0
1291,215,-1,-1,4,0,0,0
1292,1291,940,-1,4,0,0,0
1293,255,-1,-1,4,0,0,0
1294,1293,-1,-1,4,0,0,0
1295,1294,945,-1,4,0,0,0
1296,266,-1,-1,4,0,0,0
1297,1296,-1,-1,4,0,0,0
1298,1297,955,-1,6,0,0,0
1299,444,-1,-1,4,0,0,0
1300,1299,-1,-1,4,0,0,0
1301,1300,963,-1,4,0,0,0
1302,279,-1,-1,4,0,0,0
1303,1302,-1,-1,4,0,0,0
1304,1303,966,-1,4,0,0,0
1305,76,-1,-1,4,0,0,0
1306,1305,-1,-1,4,0,0,0
1307,1306,973,-1,4,0,0,0
1308,228,-1,-1,4,0,0,0
1309,1308,-1,-1,4,0,0,0
1310,1309,993,-1,6,0,0,0
1311,419,-1,-1,4,0,0,0
1312,1311,-1,-1,4,0,0,0
1313,1312,1252,-1,4,0,0,0
1314,794,-1,-1,4,0,0,0
1315,1314,1005,-1,4,0,0,0
1316,210,-1,-1,4,0,0,0
1317,1316,-1,-1,4,0,0,0
1318,1317,1012,-1,6,0,0,0
1319,442,-1,-1,7,0,0,0
1320,1319,-1,-1,7,0,0,0
1321,1320,1264,-1,2,0,0,0
1322,1018,522,-1,4,0,0,0
1323,466,-1,-1,4,0,0,0
1324,1323,-1,-1,4,0,0,0
1325,1324,1229,-1,6,0,0,0
1326,7,22,-1,2,0,0,0
1327,62,77,-1,6,0,0,0
1328,82,91,-1,7,0,0,0
1329,150,188,-1,7,0,0,0
1330,1326,1327,-1,6,0,0,0
1331,1328,1329,-1,7,0,0,0
1332,205,209,-1,6,0,0,0
1333,375,548,-1,4,0,0,0
1334,263,347,-1,6,0,0,0
1335,283,237,-1,6,0,0,0
1336,1330,1331,-1,4,0,0,0
1337,1332,1333,-1,6,0,0,0
1338,1334,1335,-1,6,0,0,0
1339,785,545,-1,7,0,0,0
1340,547,765,-1,6,0,0,0
1341,550,551,-1,4,0,0,0
1342,554,-1,-1,4,0,0,0
1343,1336,1337,-1,6,0,0,0
1344,1338,1339,-1,4,0,0,0
1345,1340,1341,-1,6,0,0,0
1346,1342,1033,-1,6,0,0,0
1347,1343,1344,-1,6,0,0,0
1348,1345,1346,-1,6,0,0,0
1349,953,-1,-1,7,0,0,0
1350,1347,1348,-1,6,0,0,0
1351,1349,-1,-1,7,0,0,0
1352,1350,1351,-1,4,0,0,0
1353,20,131,-1,2,0,0,0
1354,148,166,-1,2,0,0,0
1355,1353,1354,-1,6,0,0,0
1356,290,278,-1,7,0,0,0
1357,362,555,-1,7,0,0,0
1358,507,565,-1,2,0,0,0
1359,1355,1356,-1,4,0,0,0
1360,1357,1358,-1,2,0,0,0
1361,834,915,-1,2,0,0,0
1362,410,523,-1,4,0,0,0
1363,557,561,-1,4,0,0,0
1364,566,567,-1,7,0,0,0
1365,1036,569,-1,2,0,0,0
1366,1359,1360,-1,6,0,0,0
1367,1361,1362,-1,6,0,0,0
1368,1363,1364,-1,4,0,0,0
1369,1365,1035,-1,4,0,0,0
1370,564,1038,-1,4,0,0,0
1371,1366,1367,-1,6,0,0,0
1372,1368,1369,-1,6,0,0,0
1373,1370,1041,-1,6,0,0,0
1374,1256,-1,-1,7,0,0,0
1375,1371,1372,-1,6,0,0,0
1376,1373,1374,-1,4,0,0,0
1377,1375,1376,-1,6,0,0,0
1378,582,-1,-1,4,0,0,0
1379,1378,-1,-1,4,0,0,0
1380,1379,1046,-1,6,0,0,0
1381,1055,-1,-1,4,0,0,0
1382,1381,1058,-1,6,0,0,0
1383,66,-1,-1,4,0,0,0
1384,1383,-1,-1,4,0,0,0
1385,1384,-1,-1,4,0,0,0
1386,1385,1061,-1,4,0,0,0
1387,127,-1,-1,4,0,0,0
1388,1387,-1,-1,4,0,0,0
1389,1388,-1,-1,4,0,0,0
1390,1389,1069,-1,6,0,0,0
1391,13,-1,-1,4,0,0,0
1392,1391,-1,-1,4,0,0,0
1393,1392,-1,-1,4,0,0,0
1394,1393,-1,-1,4,0,0,0
1395,1394,1222,-1,6,0,0,0
1396,63,77,-1,2,0,0,0
1397,174,180,-1,2,0,0,0
1398,190,-1,-1,7,0,0,0
1399,1396,1397,-1,6,0,0,0
1400,1398,244,-1,2,0,0,0
1401,382,484,-1,6,0,0,0
1402,479,624,-1,7,0,0,0
1403,420,627,-1,4,0,0,0
1404,1399,1400,-1,6,0,0,0
1405,1401,1402,-1,4,0,0,0
1406,1403,810,-1,4,0,0,0
1407,1073,942,-1,7,0,0,0
1408,860,441,-1,7,0,0,0
1409,626,790,-1,4,0,0,0
1410,1404,1405,-1,6,0,0,0
1411,1406,1407,-1,4,0,0,0
1412,1408,1409,-1,2,0,0,0
1413,1208,1018,-1,4,0,0,0
1414,1410,1411,-1,6,0,0,0
1415,1412,1413,-1,6,0,0,0
1416,1313,-1,-1,4,0,0,0
1417,1414,1415,-1,6,0,0,0
1418,1416,-1,-1,4,0,0,0
1419,1417,1418,-1,6,0,0,0
1420,339,-1,-1,4,0,0,0
1421,1420,-1,-1,4,0,0,0
1422,1421,1075,-1,6,0,0,0
1423,29,-1,-1,4,0,0,0
1424,1423,-1,-1,4,0,0,0
1425,1424,-1,-1,4,0,0,0
1426,1425,1225,-1,4,0,0,0
1427,1249,634,-1,4,0,0,0
1428,1061,-1,-1,7,0,0,0
1429,1428,-1,-1,7,0,0,0
1430,1429,1395,-1,2,0,0,0
1431,342,-1,-1,4,0,0,0
1432,1431,-1,-1,4,0,0,0
1433,1432,-1,-1,4,0,0,0
1434,1433,1082,-1,6,0,0,0
1435,129,136,-1,7,0,0,0
1436,144,145,-1,2,0,0,0
1437,1435,1436,-1,2,0,0,0
1438,251,513,-1,7,0,0,0
1439,639,640,-1,6,0,0,0
1440,421,641,-1,2,0,0,0
1441,1437,1438,-1,4,0,0,0
1442,1439,1440,-1,6,0,0,0
1443,523,-1,-1,4,0,0,0
1444,1441,1442,-1,6,0,0,0
1445,1443,904,-1,6,0,0,0
1446,1083,-1,-1,4,0,0,0
1447,1444,1445,-1,6,0,0,0
1448,1446,1286,-1,6,0,0,0
1449,1086,-1,-1,7,0,0,0
1450,1447,1448,-1,6,0,0,0
1451,1449,-1,-1,7,0,0,0
1452,1450,1451,-1,4,0,0,0
1453,179,-1,-1,4,0,0,0
1454,1453,-1,-1,4,0,0,0
1455,1454,-1,-1,4,0,0,0
1456,1455,1292,-1,4,0,0,0
1457,337,-1,-1,4,0,0,0
1458,1457,-1,-1,4,0,0,0
1459,1458,1092,-1,4,0,0,0
1460,662,-1,-1,4,0,0,0
1461,1460,-1,-1,4,0,0,0
1462,1461,1098,-1,6,0,0,0
1463,814,-1,-1,4,0,0,0
1464,1463,-1,-1,4,0,0,0
1465,1464,1321,-1,6,0,0,0
1466,4,5,-1,6,0,0,0
1467,41,99,-1,4,0,0,0
1468,138,142,-1,2,0,0,0
1469,1466,1467,-1,6,0,0,0
1470,1468,244,-1,6,0,0,0
1471,610,656,-1,2,0,0,0
1472,671,-1,-1,7,0,0,0
1473,1469,1470,-1,6,0,0,0
1474,1471,1472,-1,4,0,0,0
1475,873,377,-1,4,0,0,0
1476,412,553,-1,7,0,0,0
1477,550,899,-1,4,0,0,0
1478,672,661,-1,6,0,0,0
1479,674,-1,-1,4,0,0,0
1480,1473,1474,-1,6,0,0,0
1481,1475,1476,-1,4,0,0,0
1482,1477,1478,-1,6,0,0,0
1483,1479,564,-1,6,0,0,0
1484,1106,1108,-1,4,0,0,0
1485,1480,1481,-1,6,0,0,0
1486,1482,1483,-1,6,0,0,0
1487,1484,959,-1,4,0,0,0
1488,1485,1486,-1,6,0,0,0
1489,1487,-1,-1,4,0,0,0
1490,1488,1489,-1,6,0,0,0
1491,3,40,-1,2,0,0,0
1492,51,81,-1,7,0,0,0
1493,113,121,-1,2,0,0,0
1494,122,157,-1,7,0,0,0
1495,171,187,-1,4,0,0,0
1496,1491,1492,-1,4,0,0,0
1497,1493,1494,-1,4,0,0,0
1498,1495,436,-1,4,0,0,0
1499,302,395,-1,2,0,0,0
1500,692,-1,-1,7,0,0,0
1501,1496,1497,-1,6,0,0,0
1502,1498,1499,-1,6,0,0,0
1503,1500,818,-1,2,0,0,0
1504,857,787,-1,6,0,0,0
1505,845,468,-1,6,0,0,0
1506,645,694,-1,2,0,0,0
1507,1501,1502,-1,6,0,0,0
1508,1503,1504,-1,6,0,0,0
1509,1505,1506,-1,6,0,0,0
1510,1144,1146,-1,7,0,0,0
1511,1258,-1,-1,7,0,0,0
1512,1507,1508,-1,6,0,0,0
1513,1509,1510,-1,4,0,0,0
1514,1511,1244,-1,7,0,0,0
1515,1512,1513,-1,6,0,0,0
1516,1514,-1,-1,7,0,0,0
1517,1515,1516,-1,4,0,0,0
1518,67,107,-1,6,0,0,0
1519,1518,208,-1,6,0,0,0
1520,287,474,-1,7,0,0,0
1521,484,596,-1,4,0,0,0
1522,364,641,-1,6,0,0,0
1523,1519,1520,-1,4,0,0,0
1524,1521,1522,-1,6,0,0,0
1525,810,827,-1,4,0,0,0
1526,688,535,-1,2,0,0,0
1527,325,695,-1,6,0,0,0
1528,569,-1,-1,4,0,0,0
1529,1523,1524,-1,6,0,0,0
1530,1525,1526,-1,6,0,0,0
1531,1527,1528,-1,6,0,0,0
1532,1106,-1,-1,4,0,0,0
1533,1529,1530,-1,6,0,0,0
1534,1531,1532,-1,6,0,0,0
1535,1456,1101,-1,7,0,0,0
1536,1533,1534,-1,6,0,0,0
1537,1535,-1,-1,7,0,0,0
1538,1536,1537,-1,4,0,0,0
1539,931,-1,-1,4,0,0,0
1540,1539,1152,-1,4,0,0,0
1541,714,-1,-1,4,0,0,0
1542,1541,-1,-1,4,0,0,0
1543,1542,1155,-1,6,0,0,0
1544,95,-1,-1,4,0,0,0
1545,1544,-1,-1,4,0,0,0
1546,1545,-1,-1,4,0,0,0
1547,1546,1158,-1,4,0,0,0
1548,716,-1,-1,4,0,0,0
1549,1548,1161,-1,6,0,0,0
1550,155,-1,-1,4,0,0,0
1551,1550,-1,-1,4,0,0,0
1552,1551,-1,-1,4,0,0,0
1553,1552,-1,-1,4,0,0,0
1554,1553,-1,-1,4,0,0,0
1555,1554,-1,-1,4,0,0,0
1556,1555,1430,-1,6,0,0,0
1557,34,65,-1,4,0,0,0
1558,125,143,-1,2,0,0,0
1559,1557,1558,-1,6,0,0,0
1560,311,394,-1,2,0,0,0
1561,677,395,-1,2,0,0,0
1562,636,575,-1,6,0,0,0
1563,1559,1560,-1,6,0,0,0
1564,1561,1562,-1,6,0,0,0
1565,545,590,-1,7,0,0,0
1566,526,701,-1,6,0,0,0
1567,1563,1564,-1,6,0,0,0
1568,1565,1566,-1,2,0,0,0
1569,1208,945,-1,2,0,0,0
1570,1016,-1,-1,7,0,0,0
1571,1567,1568,-1,6,0,0,0
1572,1569,1570,-1,4,0,0,0
1573,1283,-1,-1,4,0,0,0
1574,1571,1572,-1,6,0,0,0
1575,1573,-1,-1,4,0,0,0
1576,1574,1575,-1,6,0,0,0
1577,10,22,-1,7,0,0,0
1578,51,60,-1,6,0,0,0
1579,145,163,-1,6,0,0,0
1580,179,-1,-1,7,0,0,0
1581,1577,1578,-1,2,0,0,0
1582,1579,1580,-1,4,0,0,0
1583,290,261,-1,2,0,0,0
1584,300,382,-1,7,0,0,0
1585,436,616,-1,7,0,0,0
1586,404,723,-1,2,0,0,0
1587,1581,1582,-1,6,0,0,0
1588,1583,1584,-1,4,0,0,0
1589,1585,1586,-1,2,0,0,0
1590,800,1073,-1,7,0,0,0
1591,844,674,-1,2,0,0,0
1592,1065,-1,-1,7,0,0,0
1593,1587,1588,-1,6,0,0,0
1594,1589,1590,-1,4,0,0,0
1595,1591,1592,-1,4,0,0,0
1596,652,1167,-1,4,0,0,0
1597,1169,1241,-1,2,0,0,0
1598,1150,-1,-1,7,0,0,0
1599,1593,1594,-1,6,0,0,0
1600,1595,1596,-1,6,0,0,0
1601,1597,1598,-1,4,0,0,0
1602,1266,-1,-1,7,0,0,0
1603,1599,1600,-1,6,0,0,0
1604,1601,1602,-1,4,0,0,0
1605,1603,1604,-1,6,0,0,0
1606,23,48,-1,2,0,0,0
1607,56,100,-1,6,0,0,0
1608,145,184,-1,4,0,0,0
1609,1606,1607,-1,6,0,0,0
1610,1608,249,-1,4,0,0,0
1611,209,572,-1,4,0,0,0
1612,230,-1,-1,4,0,0,0
1613,1609,1610,-1,6,0,0,0
1614,1611,1612,-1,6,0,0,0
1615,368,418,-1,6,0,0,0
1616,613,855,-1,2,0,0,0
1617,541,1063,-1,2,0,0,0
1618,695,588,-1,7,0,0,0
1619,1613,1614,-1,6,0,0,0
1620,1615,1616,-1,6,0,0,0
1621,1617,1618,-1,4,0,0,0
1622,945,1141,-1,2,0,0,0
1623,1619,1620,-1,6,0,0,0
1624,1621,1622,-1,6,0,0,0
1625,1623,1624,-1,6,0,0,0
1626,1380,-1,-1,4,0,0,0
1627,1625,1626,-1,6,0,0,0
1628,1005,1171,-1,6,0,0,0
1629,882,1177,-1,6,0,0,0
1630,49,-1,-1,4,0,0,0
1631,1630,-1,-1,4,0,0,0
1632,1631,-1,-1,4,0,0,0
1633,1632,1261,-1,6,0,0,0
1634,23,67,-1,7,0,0,0
1635,116,-1,-1,4,0,0,0
1636,1634,1635,-1,2,0,0,0
1637,380,198,-1,4,0,0,0
1638,319,363,-1,6,0,0,0
1639,1636,1637,-1,6,0,0,0
1640,1638,313,-1,6,0,0,0
1641,1071,933,-1,7,0,0,0
1642,330,-1,-1,4,0,0,0
1643,1639,1640,-1,6,0,0,0
1644,1641,1642,-1,2,0,0,0
1645,744,747,-1,4,0,0,0
1646,1197,1030,-1,4,0,0,0
1647,1026,-1,-1,4,0,0,0
1648,1643,1644,-1,6,0,0,0
1649,1645,1646,-1,6,0,0,0
1650,1647,1386,-1,4,0,0,0
1651,1540,1422,-1,6,0,0,0
1652,1173,-1,-1,7,0,0,0
1653,1648,1649,-1,6,0,0,0
1654,1650,1651,-1,6,0,0,0
1655,1652,1176,-1,2,0,0,0
1656,1653,1654,-1,6,0,0,0
1657,1655,-1,-1,4,0,0,0
1658,1656,1657,-1,6,0,0,0
1659,98,-1,-1,4,0,0,0
1660,1659,-1,-1,4,0,0,0
1661,1660,-1,-1,4,0,0,0
1662,1661,1205,-1,6,0,0,0
1663,1280,1201,-1,6,0,0,0
1664,41,42,-1,7,0,0,0
1665,46,149,-1,6,0,0,0
1666,1664,1665,-1,2,0,0,0
1667,305,385,-1,4,0,0,0
1668,290,473,-1,6,0,0,0
1669,618,734,-1,7,0,0,0
1670,1666,1667,-1,6,0,0,0
1671,1668,1669,-1,4,0,0,0
1672,853,584,-1,7,0,0,0
1673,757,-1,-1,7,0,0,0
1674,1670,1671,-1,6,0,0,0
1675,1672,1673,-1,7,0,0,0
1676,919,1158,-1,4,0,0,0
1677,894,659,-1,7,0,0,0
1678,577,-1,-1,7,0,0,0
1679,1674,1675,-1,4,0,0,0
1680,1676,1677,-1,4,0,0,0
1681,1678,1629,-1,7,0,0,0
1682,1679,1680,-1,6,0,0,0
1683,1681,-1,-1,7,0,0,0
1684,1682,1683,-1,4,0,0,0
1685,182,-1,-1,4,0,0,0
1686,1685,-1,-1,4,0,0,0
1687,1686,-1,-1,4,0,0,0
1688,1687,1227,-1,4,0,0,0
1689,27,139,-1,4,0,0,0
1690,148,-1,-1,7,0,0,0
1691,1689,1690,-1,4,0,0,0
1692,317,255,-1,2,0,0,0
1693,380,739,-1,6,0,0,0
1694,1691,1692,-1,6,0,0,0
1695,1693,401,-1,6,0,0,0
1696,258,684,-1,6,0,0,0
1697,757,751,-1,6,0,0,0
1698,722,-1,-1,4,0,0,0
1699,1694,1695,-1,6,0,0,0
1700,1696,1697,-1,6,0,0,0
1701,1698,829,-1,6,0,0,0
1702,725,969,-1,6,0,0,0
1703,1052,1213,-1,2,0,0,0
1704,1070,-1,-1,7,0,0,0
1705,1699,1700,-1,6,0,0,0
1706,1701,1702,-1,6,0,0,0
1707,1703,1704,-1,4,0,0,0
1708,1200,1549,-1,2,0,0,0
1709,1705,1706,-1,6,0,0,0
1710,1707,1708,-1,6,0,0,0
1711,1709,1710,-1,6,0,0,0
1712,60,82,-1,7,0,0,0
1713,93,120,-1,7,0,0,0
1714,186,-1,-1,7,0,0,0
1715,1712,1713,-1,7,0,0,0
1716,1714,359,-1,2,0,0,0
1717,370,471,-1,6,0,0,0
1718,677,284,-1,7,0,0,0
1719,653,-1,-1,4,0,0,0
1720,1715,1716,-1,2,0,0,0
1721,1717,1718,-1,4,0,0,0
1722,1719,487,-1,6,0,0,0
1723,416,986,-1,7,0,0,0
1724,557,615,-1,4,0,0,0
1725,601,1095,-1,6,0,0,0
1726,606,876,-1,2,0,0,0
1727,1720,1721,-1,6,0,0,0
1728,1722,1723,-1,4,0,0,0
1729,1724,1725,-1,6,0,0,0
1730,1726,754,-1,6,0,0,0
1731,490,747,-1,2,0,0,0
1732,1727,1728,-1,6,0,0,0
1733,1729,1730,-1,6,0,0,0
1734,1731,1105,-1,6,0,0,0
1735,1663,-1,-1,4,0,0,0
1736,1732,1733,-1,6,0,0,0
1737,1734,1735,-1,6,0,0,0
1738,1736,1737,-1,6,0,0,0
1739,210,-1,-1,4,0,0,0
1740,1739,-1,-1,4,0,0,0
1741,1740,1205,-1,4,0,0,0
1742,785,-1,-1,4,0,0,0
1743,1742,1208,-1,4,0,0,0
1744,219,-1,-1,4,0,0,0
1745,1744,-1,-1,4,0,0,0
1746,1745,1211,-1,6,0,0,0
1747,179,-1,-1,4,0,0,0
1748,1747,-1,-1,4,0,0,0
1749,1748,-1,-1,4,0,0,0
1750,1749,1215,-1,6,0,0,0
1751,242,-1,-1,4,0,0,0
1752,1751,-1,-1,4,0,0,0
1753,1752,1220,-1,4,0,0,0
1754,1225,-1,-1,7,0,0,0
1755,1754,1222,-1,2,0,0,0
1756,218,-1,-1,4,0,0,0
1757,1756,-1,-1,4,0,0,0
1758,1757,1227,-1,4,0,0,0
1759,1229,823,-1,4,0,0,0
1760,1215,-1,-1,4,0,0,0
1761,1760,1233,-1,4,0,0,0
1762,4,-1,-1,4,0,0,0
1763,1762,-1,-1,4,0,0,0
1764,1763,-1,-1,4,0,0,0
1765,1764,1236,-1,4,0,0,0
1766,20,21,-1,7,0,0,0
1767,108,139,-1,2,0,0,0
1768,178,-1,-1,7,0,0,0
1769,1766,1767,-1,2,0,0,0
1770,1768,277,-1,2,0,0,0
1771,278,279,-1,4,0,0,0
1772,280,240,-1,7,0,0,0
1773,283,284,-1,2,0,0,0
1774,285,286,-1,7,0,0,0
1775,1769,1770,-1,6,0,0,0
1776,1771,1772,-1,4,0,0,0
1777,1773,1774,-1,4,0,0,0
1778,836,838,-1,2,0,0,0
1779,840,842,-1,2,0,0,0
1780,844,846,-1,2,0,0,0
1781,1775,1776,-1,6,0,0,0
1782,1777,1778,-1,6,0,0,0
1783,1779,1780,-1,6,0,0,0
1784,1239,1204,-1,6,0,0,0
1785,1241,1246,-1,7,0,0,0
1786,1781,1782,-1,6,0,0,0
1787,1783,1784,-1,6,0,0,0
1788,1785,1244,-1,2,0,0,0
1789,1786,1787,-1,6,0,0,0
1790,1788,-1,-1,4,0,0,0
1791,1789,1790,-1,6,0,0,0
1792,108,-1,-1,4,0,0,0
1793,1792,-1,-1,4,0,0,0
1794,1793,-1,-1,4,0,0,0
1795,1794,1252,-1,4,0,0,0
1796,42,-1,-1,4,0,0,0
1797,1796,-1,-1,4,0,0,0
1798,1797,-1,-1,4,0,0,0
1799,1798,1261,-1,6,0,0,0
1800,883,-1,-1,4,0,0,0
1801,1800,1262,-1,6,0,0,0
1802,173,-1,-1,4,0,0,0
1803,1802,-1,-1,4,0,0,0
1804,1803,-1,-1,4,0,0,0
1805,1804,-1,-1,4,0,0,0
1806,1805,1266,-1,4,0,0,0
1807,43,106,-1,7,0,0,0
1808,171,-1,-1,4,0,0,0
1809,1807,1808,-1,2,0,0,0
1810,254,219,-1,2,0,0,0
1811,360,361,-1,4,0,0,0
1812,362,363,-1,7,0,0,0
1813,230,364,-1,4,0,0,0
1814,366,-1,-1,7,0,0,0
1815,1809,1810,-1,6,0,0,0
1816,1811,1812,-1,4,0,0,0
1817,1813,1814,-1,4,0,0,0
1818,787,352,-1,2,0,0,0
1819,899,369,-1,2,0,0,0
1820,905,-1,-1,7,0,0,0
1821,1815,1816,-1,6,0,0,0
1822,1817,1818,-1,6,0,0,0
1823,1819,1820,-1,4,0,0,0
1824,902,904,-1,7,0,0,0
1825,1275,1277,-1,7,0,0,0
1826,1821,1822,-1,6,0,0,0
1827,1823,1824,-1,4,0,0,0
1828,1825,1273,-1,7,0,0,0
1829,1826,1827,-1,6,0,0,0
1830,1828,-1,-1,7,0,0,0
1831,1829,1830,-1,4,0,0,0
1832,379,-1,-1,4,0,0,0
1833,1832,1279,-1,6,0,0,0
1834,920,-1,-1,7,0,0,0
1835,1834,-1,-1,7,0,0,0
1836,1835,1750,-1,2,0,0,0
1837,1288,-1,-1,4,0,0,0
1838,1837,1286,-1,6,0,0,0
1839,9,74,-1,4,0,0,0
1840,105,140,-1,2,0,0,0
1841,1839,1840,-1,6,0,0,0
1842,305,336,-1,2,0,0,0
1843,277,420,-1,4,0,0,0
1844,421,-1,-1,7,0,0,0
1845,1841,1842,-1,6,0,0,0
1846,1843,1844,-1,4,0,0,0
1847,796,875,-1,2,0,0,0
1848,909,410,-1,6,0,0,0
1849,357,412,-1,6,0,0,0
1850,414,321,-1,6,0,0,0
1851,416,392,-1,4,0,0,0
1852,418,942,-1,4,0,0,0
1853,944,425,-1,7,0,0,0
1854,948,-1,-1,4,0,0,0
1855,1845,1846,-1,6,0,0,0
1856,1847,1848,-1,6,0,0,0
1857,1849,1850,-1,6,0,0,0
1858,1851,1852,-1,6,0,0,0
1859,1853,1854,-1,2,0,0,0
1860,1292,947,-1,6,0,0,0
1861,950,-1,-1,4,0,0,0
1862,1855,1856,-1,6,0,0,0
1863,1857,1858,-1,6,0,0,0
1864,1859,1860,-1,6,0,0,0
1865,1861,1295,-1,6,0,0,0
1866,953,1298,-1,2,0,0,0
1867,1862,1863,-1,6,0,0,0
1868,1864,1865,-1,6,0,0,0
1869,1866,-1,-1,4,0,0,0
1870,1867,1868,-1,6,0,0,0
1871,1869,-1,-1,4,0,0,0
1872,1870,1871,-1,6,0,0,0
1873,783,-1,-1,4,0,0,0
1874,1873,-1,-1,4,0,0,0
1875,1874,-1,-1,4,0,0,0
1876,1875,1761,-1,4,0,0,0
1877,122,172,-1,6,0,0,0
1878,1877,251,-1,6,0,0,0
1879,385,335,-1,7,0,0,0
1880,362,452,-1,7,0,0,0
1881,453,458,-1,6,0,0,0
1882,459,-1,-1,7,0,0,0
1883,1878,1879,-1,4,0,0,0
1884,1880,1881,-1,2,0,0,0
1885,1882,450,-1,2,0,0,0
1886,965,455,-1,2,0,0,0
1887,457,460,-1,4,0,0,0
1888,1883,1884,-1,6,0,0,0
1889,1885,1886,-1,6,0,0,0
1890,1887,969,-1,6,0,0,0
1891,1888,1889,-1,6,0,0,0
1892,1890,1304,-1,4,0,0,0
1893,1891,1892,-1,6,0,0,0
1894,5,95,-1,7,0,0,0
1895,180,-1,-1,7,0,0,0
1896,1894,1895,-1,7,0,0,0
1897,365,298,-1,4,0,0,0
1898,360,363,-1,7,0,0,0
1899,329,463,-1,2,0,0,0
1900,286,-1,-1,7,0,0,0
1901,1896,1897,-1,2,0,0,0
1902,1898,1899,-1,2,0,0,0
1903,1900,796,-1,7,0,0,0
1904,399,308,-1,6,0,0,0
1905,983,-1,-1,7,0,0,0
1906,1901,1902,-1,6,0,0,0
1907,1903,1904,-1,2,0,0,0
1908,1905,823,-1,7,0,0,0
1909,465,971,-1,7,0,0,0
1910,1307,976,-1,4,0,0,0
1911,979,982,-1,6,0,0,0
1912,1906,1907,-1,6,0,0,0
1913,1908,1909,-1,7,0,0,0
1914,1910,1911,-1,6,0,0,0
1915,1912,1913,-1,4,0,0,0
1916,1914,-1,-1,4,0,0,0
1917,1915,1916,-1,6,0,0,0
1918,502,-1,-1,4,0,0,0
1919,1918,-1,-1,4,0,0,0
1920,1919,1795,-1,6,0,0,0
1921,1003,-1,-1,4,0,0,0
1922,1921,1315,-1,6,0,0,0
1923,1743,1321,-1,4,0,0,0
1924,24,92,-1,7,0,0,0
1925,124,181,-1,7,0,0,0
1926,1924,1925,-1,7,0,0,0
1927,253,287,-1,7,0,0,0
1928,453,529,-1,4,0,0,0
1929,1926,1927,-1,7,0,0,0
1930,1928,816,-1,4,0,0,0
1931,523,793,-1,7,0,0,0
1932,408,1022,-1,2,0,0,0
1933,526,528,-1,4,0,0,0
1934,369,-1,-1,4,0,0,0
1935,1929,1930,-1,2,0,0,0
1936,1931,1932,-1,2,0,0,0
1937,1933,1934,-1,6,0,0,0
1938,1020,966,-1,6,0,0,0
1939,1272,1026,-1,7,0,0,0
1940,1935,1936,-1,6,0,0,0
1941,1937,1938,-1,6,0,0,0
1942,1939,1325,-1,7,0,0,0
1943,1024,-1,-1,7,0,0,0
1944,1940,1941,-1,6,0,0,0
1945,1942,1943,-1,7,0,0,0
1946,1923,-1,-1,4,0,0,0
1947,1944,1945,-1,4,0,0,0
1948,1946,-1,-1,4,0,0,0
1949,1947,1948,-1,6,0,0,0
1950,0,2,-1,4,0,0,0
1951,77,121,-1,2,0,0,0
1952,167,189,-1,7,0,0,0
1953,1950,1951,-1,6,0,0,0
1954,1952,317,-1,7,0,0,0
1955,202,533,-1,2,0,0,0
1956,483,-1,-1,4,0,0,0
1957,1953,1954,-1,4,0,0,0
1958,1955,1956,-1,6,0,0,0
1959,909,476,-1,4,0,0,0
1960,770,535,-1,7,0,0,0
1961,944,540,-1,6,0,0,0
1962,1957,1958,-1,6,0,0,0
1963,1959,1960,-1,4,0,0,0
1964,1961,891,-1,6,0,0,0
1965,537,1028,-1,2,0,0,0
1966,1030,1031,-1,6,0,0,0
1967,1962,1963,-1,6,0,0,0
1968,1964,1965,-1,6,0,0,0
1969,1966,959,-1,6,0,0,0
1970,1967,1968,-1,6,0,0,0
1971,1969,1922,-1,4,0,0,0
1972,1970,1971,-1,6,0,0,0
1973,73,106,-1,7,0,0,0
1974,140,-1,-1,7,0,0,0
1975,1973,1974,-1,7,0,0,0
1976,228,299,-1,7,0,0,0
1977,512,520,-1,2,0,0,0
1978,572,558,-1,2,0,0,0
1979,504,573,-1,7,0,0,0
1980,574,459,-1,2,0,0,0
1981,575,-1,-1,4,0,0,0
1982,1975,1976,-1,7,0,0,0
1983,1977,1978,-1,6,0,0,0
1984,1979,1980,-1,2,0,0,0
1985,1981,-1,-1,4,0,0,0
1986,1982,1983,-1,2,0,0,0
1987,1984,1985,-1,6,0,0,0
1988,577,1043,-1,4,0,0,0
1989,580,995,-1,7,0,0,0
1990,1986,1987,-1,6,0,0,0
1991,1988,1989,-1,4,0,0,0
1992,1990,1991,-1,6,0,0,0
1993,1806,1380,-1,4,0,0,0
1994,1992,1993,-1,6,0,0,0
1995,54,58,-1,7,0,0,0
1996,156,157,-1,4,0,0,0
1997,1995,1996,-1,2,0,0,0
1998,251,250,-1,2,0,0,0
1999,359,220,-1,4,0,0,0
2000,387,266,-1,4,0,0,0
2001,512,374,-1,6,0,0,0
2002,273,-1,-1,4,0,0,0
2003,1997,1998,-1,6,0,0,0
2004,1999,2000,-1,6,0,0,0
2005,2001,2002,-1,6,0,0,0
2006,785,873,-1,7,0,0,0
2007,499,584,-1,4,0,0,0
2008,842,566,-1,2,0,0,0
2009,588,-1,-1,7,0,0,0
2010,2003,2004,-1,6,0,0,0
2011,2005,2006,-1,4,0,0,0
2012,2007,2008,-1,6,0,0,0
2013,2009,1003,-1,2,0,0,0
2014,1050,1052,-1,6,0,0,0
2015,2010,2011,-1,6,0,0,0
2016,2012,2013,-1,6,0,0,0
2017,2014,1024,-1,6,0,0,0
2018,1048,-1,-1,7,0,0,0
2019,2015,2016,-1,6,0,0,0
2020,2017,2018,-1,4,0,0,0
2021,1382,-1,-1,7,0,0,0
2022,2019,2020,-1,6,0,0,0
2023,2021,-1,-1,7,0,0,0
2024,2022,2023,-1,4,0,0,0
2025,53,147,-1,7,0,0,0
2026,160,-1,-1,7,0,0,0
2027,2025,2026,-1,7,0,0,0
2028,276,387,-1,6,0,0,0
2029,199,595,-1,4,0,0,0
2030,596,-1,-1,4,0,0,0
2031,2027,2028,-1,2,0,0,0
2032,2029,2030,-1,6,0,0,0
2033,496,321,-1,7,0,0,0
2034,592,594,-1,7,0,0,0
2035,550,831,-1,4,0,0,0
2036,1063,601,-1,6,0,0,0
2037,804,1065,-1,6,0,0,0
2038,604,606,-1,6,0,0,0
2039,2031,2032,-1,6,0,0,0
2040,2033,2034,-1,7,0,0,0
2041,2035,2036,-1,6,0,0,0
2042,2037,2038,-1,6,0,0,0
2043,1227,919,-1,7,0,0,0
2044,971,998,-1,4,0,0,0
2045,864,-1,-1,4,0,0,0
2046,2039,2040,-1,4,0,0,0
2047,2041,2042,-1,6,0,0,0
2048,2043,2044,-1,2,0,0,0
2049,2045,1386,-1,6,0,0,0
2050,2046,2047,-1,6,0,0,0
2051,2048,2049,-1,6,0,0,0
2052,2050,2051,-1,6,0,0,0
2053,18,47,-1,2,0,0,0
2054,90,133,-1,7,0,0,0
2055,155,174,-1,2,0,0,0
2056,2053,2054,-1,4,0,0,0
2057,2055,197,-1,6,0,0,0
2058,610,596,-1,2,0,0,0
2059,611,-1,-1,4,0,0,0
2060,2056,2057,-1,6,0,0,0
2061,2058,2059,-1,6,0,0,0
2062,418,-1,-1,7,0,0,0
2063,2060,2061,-1,6,0,0,0
2064,2062,609,-1,2,0,0,0
2065,1307,1066,-1,6,0,0,0
2066,1043,950,-1,6,0,0,0
2067,1070,-1,-1,7,0,0,0
2068,2063,2064,-1,6,0,0,0
2069,2065,2066,-1,6,0,0,0
2070,2067,1390,-1,7,0,0,0
2071,2068,2069,-1,6,0,0,0
2072,2070,-1,-1,7,0,0,0
2073,2071,2072,-1,4,0,0,0
2074,394,-1,-1,4,0,0,0
2075,2074,-1,-1,4,0,0,0
2076,2075,-1,-1,4,0,0,0
2077,2076,-1,-1,4,0,0,0
2078,2077,1395,-1,4,0,0,0
2079,1426,1427,-1,6,0,0,0
2080,28,42,-1,2,0,0,0
2081,171,189,-1,6,0,0,0
2082,2080,2081,-1,6,0,0,0
2083,209,216,-1,2,0,0,0
2084,364,267,-1,6,0,0,0
2085,636,518,-1,6,0,0,0
2086,2082,2083,-1,6,0,0,0
2087,2084,2085,-1,6,0,0,0
2088,781,940,-1,4,0,0,0
2089,355,896,-1,6,0,0,0
2090,308,635,-1,2,0,0,0
2091,509,-1,-1,7,0,0,0
2092,2086,2087,-1,6,0,0,0
2093,2088,2089,-1,6,0,0,0
2094,2090,2091,-1,4,0,0,0
2095,1252,1078,-1,2,0,0,0
2096,609,1239,-1,6,0,0,0
2097,638,1028,-1,6,0,0,0
2098,2092,2093,-1,6,0,0,0
2099,2094,2095,-1,6,0,0,0
2100,2096,2097,-1,6,0,0,0
2101,2098,2099,-1,6,0,0,0
2102,2100,1434,-1,6,0,0,0
2103,2101,2102,-1,6,0,0,0
2104,1430,-1,-1,4,0,0,0
2105,2103,2104,-1,6,0,0,0
2106,154,185,-1,2,0,0,0
2107,2106,385,-1,6,0,0,0
2108,303,503,-1,4,0,0,0
2109,222,530,-1,6,0,0,0
2110,310,648,-1,6,0,0,0
2111,2107,2108,-1,6,0,0,0
2112,2109,2110,-1,6,0,0,0
2113,806,502,-1,6,0,0,0
2114,1073,645,-1,7,0,0,0
2115,647,1090,-1,6,0,0,0
2116,2111,2112,-1,6,0,0,0
2117,2113,2114,-1,4,0,0,0
2118,2115,1033,-1,6,0,0,0
2119,2116,2117,-1,6,0,0,0
2120,2118,1456,-1,4,0,0,0
2121,1322,-1,-1,7,0,0,0
2122,2119,2120,-1,6,0,0,0
2123,2121,-1,-1,7,0,0,0
2124,2122,2123,-1,4,0,0,0
2125,2,16,-1,4,0,0,0
2126,31,33,-1,7,0,0,0
2127,61,103,-1,2,0,0,0
2128,2125,2126,-1,4,0,0,0
2129,2127,198,-1,4,0,0,0
2130,271,617,-1,6,0,0,0
2131,653,-1,-1,7,0,0,0
2132,2128,2129,-1,6,0,0,0
2133,2130,2131,-1,4,0,0,0
2134,598,770,-1,7,0,0,0
2135,567,-1,-1,4,0,0,0
2136,2132,2133,-1,6,0,0,0
2137,2134,2135,-1,2,0,0,0
2138,812,1227,-1,4,0,0,0
2139,516,609,-1,4,0,0,0
2140,652,947,-1,7,0,0,0
2141,1094,-1,-1,7,0,0,0
2142,2136,2137,-1,6,0,0,0
2143,2138,2139,-1,6,0,0,0
2144,2140,2141,-1,7,0,0,0
2145,1325,1459,-1,6,0,0,0
2146,2142,2143,-1,6,0,0,0
2147,2144,2145,-1,2,0,0,0
2148,2146,2147,-1,6,0,0,0
2149,48,68,-1,7,0,0,0
2150,73,85,-1,7,0,0,0
2151,154,169,-1,6,0,0,0
2152,2149,2150,-1,7,0,0,0
2153,2151,199,-1,6,0,0,0
2154,362,273,-1,6,0,0,0
2155,517,640,-1,2,0,0,0
2156,236,-1,-1,7,0,0,0
2157,2152,2153,-1,2,0,0,0
2158,2154,2155,-1,6,0,0,0
2159,2156,297,-1,2,0,0,0
2160,799,664,-1,2,0,0,0
2161,1090,-1,-1,4,0,0,0
2162,2157,2158,-1,6,0,0,0
2163,2159,2160,-1,6,0,0,0
2164,2161,1012,-1,4,0,0,0
2165,2162,2163,-1,6,0,0,0
2166,2164,1101,-1,4,0,0,0
2167,1105,1746,-1,2,0,0,0
2168,2165,2166,-1,6,0,0,0
2169,2167,1465,-1,4,0,0,0
2170,2168,2169,-1,6,0,0,0
2171,85,116,-1,6,0,0,0
2172,118,150,-1,6,0,0,0
2173,2171,2172,-1,6,0,0,0
2174,385,373,-1,6,0,0,0
2175,195,428,-1,2,0,0,0
2176,573,677,-1,7,0,0,0
2177,529,-1,-1,4,0,0,0
2178,2173,2174,-1,6,0,0,0
2179,2175,2176,-1,4,0,0,0
2180,2177,810,-1,6,0,0,0
2181,868,321,-1,6,0,0,0
2182,679,-1,-1,4,0,0,0
2183,2178,2179,-1,6,0,0,0
2184,2180,2181,-1,6,0,0,0
2185,2182,812,-1,4,0,0,0
2186,682,1014,-1,7,0,0,0
2187,2183,2184,-1,6,0,0,0
2188,2185,2186,-1,4,0,0,0
2189,1390,-1,-1,4,0,0,0
2190,2187,2188,-1,6,0,0,0
2191,2189,1088,-1,6,0,0,0
2192,2079,-1,-1,4,0,0,0
2193,2190,2191,-1,6,0,0,0
2194,2192,-1,-1,4,0,0,0
2195,2193,2194,-1,6,0,0,0
2196,202,578,-1,7,0,0,0
2197,292,591,-1,4,0,0,0
2198,263,671,-1,2,0,0,0
2199,2196,2197,-1,2,0,0,0
2200,2198,781,-1,6,0,0,0
2201,357,676,-1,6,0,0,0
2202,697,699,-1,2,0,0,0
2203,701,604,-1,4,0,0,0
2204,2199,2200,-1,6,0,0,0
2205,2201,2202,-1,6,0,0,0
2206,2203,703,-1,4,0,0,0
2207,705,1148,-1,6,0,0,0
2208,1150,1000,-1,6,0,0,0
2209,2204,2205,-1,6,0,0,0
2210,2206,2207,-1,6,0,0,0
2211,2208,1750,-1,6,0,0,0
2212,1540,-1,-1,7,0,0,0
2213,2209,2210,-1,6,0,0,0
2214,2211,2212,-1,4,0,0,0
2215,2213,2214,-1,6,0,0,0
2216,37,71,-1,7,0,0,0
2217,116,169,-1,4,0,0,0
2218,2216,2217,-1,2,0,0,0
2219,211,235,-1,4,0,0,0
2220,221,533,-1,2,0,0,0
2221,363,272,-1,7,0,0,0
2222,715,648,-1,6,0,0,0
2223,2218,2219,-1,6,0,0,0
2224,2220,2221,-1,4,0,0,0
2225,2222,986,-1,6,0,0,0
2226,775,1036,-1,2,0,0,0
2227,948,-1,-1,4,0,0,0
2228,2223,2224,-1,6,0,0,0
2229,2225,2226,-1,6,0,0,0
2230,2227,-1,-1,4,0,0,0
2231,2228,2229,-1,6,0,0,0
2232,2230,1547,-1,6,0,0,0
2233,1549,-1,-1,7,0,0,0
2234,2231,2232,-1,6,0,0,0
2235,2233,-1,-1,7,0,0,0
2236,2234,2235,-1,4,0,0,0
2237,15,59,-1,4,0,0,0
2238,81,100,-1,6,0,0,0
2239,2237,2238,-1,6,0,0,0
2240,243,208,-1,7,0,0,0
2241,326,443,-1,2,0,0,0
2242,331,-1,-1,7,0,0,0
2243,2239,2240,-1,4,0,0,0
2244,2241,2242,-1,4,0,0,0
2245,774,438,-1,7,0,0,0
2246,553,836,-1,7,0,0,0
2247,827,717,-1,7,0,0,0
2248,1071,561,-1,6,0,0,0
2249,799,719,-1,7,0,0,0
2250,720,722,-1,6,0,0,0
2251,2243,2244,-1,6,0,0,0
2252,2245,2246,-1,7,0,0,0
2253,2247,2248,-1,2,0,0,0
2254,2249,2250,-1,2,0,0,0
2255,1215,705,-1,7,0,0,0
2256,2251,2252,-1,4,0,0,0
2257,2253,2254,-1,6,0,0,0
2258,2255,1164,-1,2,0,0,0
2259,2256,2257,-1,6,0,0,0
2260,2258,-1,-1,4,0,0,0
2261,2259,2260,-1,6,0,0,0
2262,2261,1556,-1,4,0,0,0
2263,4,10,-1,4,0,0,0
2264,12,26,-1,2,0,0,0
2265,35,69,-1,4,0,0,0
2266,81,180,-1,4,0,0,0
2267,2263,2264,-1,6,0,0,0
2268,2265,2266,-1,6,0,0,0
2269,692,-1,-1,7,0,0,0
2270,2267,2268,-1,6,0,0,0
2271,2269,592,-1,2,0,0,0
2272,506,664,-1,7,0,0,0
2273,720,846,-1,7,0,0,0
2274,2270,2271,-1,6,0,0,0
2275,2272,2273,-1,7,0,0,0
2276,1012,725,-1,7,0,0,0
2277,1148,-1,-1,7,0,0,0
2278,2274,2275,-1,4,0,0,0
2279,2276,2277,-1,7,0,0,0
2280,1758,1459,-1,7,0,0,0
2281,1628,1173,-1,7,0,0,0
2282,2278,2279,-1,4,0,0,0
2283,2280,2281,-1,7,0,0,0
2284,1543,-1,-1,7,0,0,0
2285,2282,2283,-1,4,0,0,0
2286,2284,-1,-1,7,0,0,0
2287,2285,2286,-1,4,0,0,0
2288,58,59,-1,4,0,0,0
2289,72,92,-1,7,0,0,0
2290,121,143,-1,6,0,0,0
2291,191,-1,-1,4,0,0,0
2292,2288,2289,-1,4,0,0,0
2293,2290,2291,-1,6,0,0,0
2294,205,336,-1,6,0,0,0
2295,452,731,-1,2,0,0,0
2296,2292,2293,-1,6,0,0,0
2297,2294,2295,-1,6,0,0,0
2298,642,494,-1,2,0,0,0
2299,2296,2297,-1,6,0,0,0
2300,2298,682,-1,4,0,0,0
2301,1050,1246,-1,6,0,0,0
2302,2299,2300,-1,6,0,0,0
2303,2301,1268,-1,4,0,0,0
2304,1301,1290,-1,6,0,0,0
2305,1629,-1,-1,7,0,0,0
2306,2302,2303,-1,6,0,0,0
2307,2304,2305,-1,4,0,0,0
2308,1176,-1,-1,7,0,0,0
2309,2306,2307,-1,6,0,0,0
2310,2308,-1,-1,7,0,0,0
2311,2309,2310,-1,4,0,0,0
2312,1556,-1,-1,4,0,0,0
2313,2311,2312,-1,6,0,0,0
2314,548,-1,-1,4,0,0,0
2315,2314,-1,-1,4,0,0,0
2316,2315,-1,-1,4,0,0,0
2317,2316,1633,-1,6,0,0,0
2318,42,88,-1,7,0,0,0
2319,100,139,-1,6,0,0,0
2320,170,182,-1,7,0,0,0
2321,2318,2319,-1,2,0,0,0
2322,2320,288,-1,2,0,0,0
2323,262,386,-1,4,0,0,0
2324,573,595,-1,4,0,0,0
2325,723,458,-1,2,0,0,0
2326,611,-1,-1,4,0,0,0
2327,2321,2322,-1,6,0,0,0
2328,2323,2324,-1,6,0,0,0
2329,2325,2326,-1,6,0,0,0
2330,410,973,-1,2,0,0,0
2331,898,532,-1,4,0,0,0
2332,346,736,-1,6,0,0,0
2333,699,691,-1,6,0,0,0
2334,2327,2328,-1,6,0,0,0
2335,2329,2330,-1,6,0,0,0
2336,2331,2332,-1,6,0,0,0
2337,2333,1092,-1,6,0,0,0
2338,1171,712,-1,7,0,0,0
2339,1146,1094,-1,7,0,0,0
2340,2334,2335,-1,6,0,0,0
2341,2336,2337,-1,6,0,0,0
2342,2338,2339,-1,7,0,0,0
2343,1662,-1,-1,4,0,0,0
2344,2340,2341,-1,6,0,0,0
2345,2342,2343,-1,2,0,0,0
2346,1801,-1,-1,7,0,0,0
2347,2344,2345,-1,6,0,0,0
2348,2346,-1,-1,7,0,0,0
2349,2347,2348,-1,4,0,0,0
2350,49,87,-1,2,0,0,0
2351,164,173,-1,6,0,0,0
2352,2350,2351,-1,6,0,0,0
2353,472,452,-1,4,0,0,0
2354,630,639,-1,7,0,0,0
2355,715,269,-1,6,0,0,0
2356,713,-1,-1,7,0,0,0
2357,2352,2353,-1,6,0,0,0
2358,2354,2355,-1,2,0,0,0
2359,2356,940,-1,7,0,0,0
2360,448,430,-1,2,0,0,0
2361,840,425,-1,7,0,0,0
2362,751,-1,-1,4,0,0,0
2363,2357,2358,-1,6,0,0,0
2364,2359,2360,-1,2,0,0,0
2365,2361,2362,-1,2,0,0,0
2366,670,749,-1,6,0,0,0
2367,738,1275,-1,2,0,0,0
2368,990,1031,-1,2,0,0,0
2369,2363,2364,-1,6,0,0,0
2370,2365,2366,-1,6,0,0,0
2371,2367,2368,-1,6,0,0,0
2372,1048,1200,-1,2,0,0,0
2373,1663,-1,-1,4,0,0,0
2374,2369,2370,-1,6,0,0,0
2375,2371,2372,-1,6,0,0,0
2376,2373,1462,-1,6,0,0,0
2377,2374,2375,-1,6,0,0,0
2378,2376,-1,-1,4,0,0,0
2379,2377,2378,-1,6,0,0,0
2380,741,-1,-1,4,0,0,0
2381,2380,-1,-1,4,0,0,0
2382,2381,1688,-1,4,0,0,0
2383,15,67,-1,2,0,0,0
2384,117,133,-1,4,0,0,0
2385,175,-1,-1,4,0,0,0
2386,2383,2384,-1,6,0,0,0
2387,2385,248,-1,6,0,0,0
2388,200,219,-1,6,0,0,0
2389,520,708,-1,6,0,0,0
2390,2386,2387,-1,6,0,0,0
2391,2388,2389,-1,6,0,0,0
2392,684,1022,-1,2,0,0,0
2393,759,1072,-1,6,0,0,0
2394,2390,2391,-1,6,0,0,0
2395,2392,2393,-1,6,0,0,0
2396,667,-1,-1,4,0,0,0
2397,2394,2395,-1,6,0,0,0
2398,2396,1547,-1,4,0,0,0
2399,1164,1041,-1,6,0,0,0
2400,1628,-1,-1,4,0,0,0
2401,2397,2398,-1,6,0,0,0
2402,2399,2400,-1,6,0,0,0
2403,2382,-1,-1,7,0,0,0
2404,2401,2402,-1,6,0,0,0
2405,2403,-1,-1,7,0,0,0
2406,2404,2405,-1,4,0,0,0
2407,0,19,-1,2,0,0,0
2408,50,106,-1,7,0,0,0
2409,115,-1,-1,7,0,0,0
2410,2407,2408,-1,4,0,0,0
2411,2409,214,-1,7,0,0,0
2412,422,279,-1,6,0,0,0
2413,343,517,-1,2,0,0,0
2414,492,-1,-1,4,0,0,0
2415,2410,2411,-1,4,0,0,0
2416,2412,2413,-1,6,0,0,0
2417,2414,379,-1,6,0,0,0
2418,774,462,-1,7,0,0,0
2419,506,697,-1,7,0,0,0
2420,694,935,-1,7,0,0,0
2421,2415,2416,-1,6,0,0,0
2422,2417,2418,-1,4,0,0,0
2423,2419,2420,-1,7,0,0,0
2424,2421,2422,-1,6,0,0,0
2425,2423,1086,-1,7,0,0,0
2426,2424,2425,-1,4,0,0,0
2427,2317,-1,-1,7,0,0,0
2428,2426,2427,-1,4,0,0,0
2429,213,-1,-1,4,0,0,0
2430,2429,-1,-1,4,0,0,0
2431,2430,-1,-1,4,0,0,0
2432,2431,1743,-1,4,0,0,0
2433,241,-1,-1,4,0,0,0
2434,2433,-1,-1,4,0,0,0
2435,2434,-1,-1,4,0,0,0
2436,2435,1753,-1,6,0,0,0
2437,808,-1,-1,4,0,0,0
2438,2437,-1,-1,4,0,0,0
2439,2438,1755,-1,4,0,0,0
2440,816,-1,-1,4,0,0,0
2441,2440,-1,-1,4,0,0,0
2442,2441,1758,-1,4,0,0,0
2443,274,-1,-1,4,0,0,0
2444,2443,-1,-1,4,0,0,0
2445,2444,-1,-1,4,0,0,0
2446,2445,1765,-1,4,0,0,0
2447,43,84,-1,6,0,0,0
2448,112,119,-1,4,0,0,0
2449,173,-1,-1,7,0,0,0
2450,2447,2448,-1,6,0,0,0
2451,2449,204,-1,7,0,0,0
2452,253,202,-1,7,0,0,0
2453,207,302,-1,7,0,0,0
2454,304,309,-1,6,0,0,0
2455,310,-1,-1,4,0,0,0
2456,2450,2451,-1,4,0,0,0
2457,2452,2453,-1,7,0,0,0
2458,2454,2455,-1,6,0,0,0
2459,853,301,-1,6,0,0,0
2460,258,855,-1,4,0,0,0
2461,308,860,-1,2,0,0,0
2462,2456,2457,-1,4,0,0,0
2463,2458,2459,-1,6,0,0,0
2464,2460,2461,-1,6,0,0,0
2465,1249,863,-1,7,0,0,0
2466,864,866,-1,6,0,0,0
2467,1253,-1,-1,4,0,0,0
2468,2462,2463,-1,6,0,0,0
2469,2464,2465,-1,4,0,0,0
2470,2466,2467,-1,6,0,0,0
2471,1795,1741,-1,4,0,0,0
2472,1256,-1,-1,7,0,0,0
2473,2468,2469,-1,6,0,0,0
2474,2470,2471,-1,6,0,0,0
2475,2472,-1,-1,7,0,0,0
2476,2473,2474,-1,6,0,0,0
2477,2475,-1,-1,7,0,0,0
2478,2476,2477,-1,4,0,0,0
2479,329,-1,-1,7,0,0,0
2480,2479,-1,-1,7,0,0,0
2481,2480,-1,-1,7,0,0,0
2482,2481,1799,-1,2,0,0,0
2483,34,102,-1,6,0,0,0
2484,107,117,-1,2,0,0,0
2485,185,-1,-1,7,0,0,0
2486,2483,2484,-1,6,0,0,0
2487,2485,256,-1,2,0,0,0
2488,223,338,-1,2,0,0,0
2489,339,331,-1,2,0,0,0
2490,342,347,-1,7,0,0,0
2491,348,-1,-1,4,0,0,0
2492,2486,2487,-1,6,0,0,0
2493,2488,2489,-1,6,0,0,0
2494,2490,2491,-1,2,0,0,0
2495,341,886,-1,6,0,0,0
2496,345,346,-1,6,0,0,0
2497,350,-1,-1,4,0,0,0
2498,2492,2493,-1,6,0,0,0
2499,2494,2495,-1,6,0,0,0
2500,2496,2497,-1,6,0,0,0
2501,1264,879,-1,7,0,0,0
2502,891,1269,-1,6,0,0,0
2503,1272,-1,-1,7,0,0,0
2504,2498,2499,-1,6,0,0,0
2505,2500,2501,-1,4,0,0,0
2506,2502,2503,-1,4,0,0,0
2507,1268,-1,-1,4,0,0,0
2508,2504,2505,-1,6,0,0,0
2509,2506,2507,-1,6,0,0,0
2510,1806,-1,-1,7,0,0,0
2511,2508,2509,-1,6,0,0,0
2512,2510,-1,-1,7,0,0,0
2513,2511,2512,-1,4,0,0,0
2514,42,-1,-1,4,0,0,0
2515,2514,-1,-1,4,0,0,0
2516,2515,-1,-1,4,0,0,0
2517,2516,-1,-1,4,0,0,0
2518,2517,1833,-1,4,0,0,0
2519,117,148,-1,2,0,0,0
2520,173,175,-1,2,0,0,0
2521,2519,2520,-1,6,0,0,0
2522,251,387,-1,7,0,0,0
2523,215,389,-1,6,0,0,0
2524,393,395,-1,7,0,0,0
2525,366,-1,-1,7,0,0,0
2526,2521,2522,-1,4,0,0,0
2527,2523,2524,-1,4,0,0,0
2528,2525,390,-1,2,0,0,0
2529,392,927,-1,7,0,0,0
2530,397,838,-1,4,0,0,0
2531,399,931,-1,6,0,0,0
2532,933,935,-1,6,0,0,0
2533,406,-1,-1,4,0,0,0
2534,2526,2527,-1,6,0,0,0
2535,2528,2529,-1,4,0,0,0
2536,2530,2531,-1,6,0,0,0
2537,2532,2533,-1,6,0,0,0
2538,1236,929,-1,7,0,0,0
2539,2534,2535,-1,6,0,0,0
2540,2536,2537,-1,6,0,0,0
2541,2538,1290,-1,2,0,0,0
2542,2539,2540,-1,6,0,0,0
2543,2541,2482,-1,6,0,0,0
2544,2542,2543,-1,6,0,0,0
2545,36,42,-1,2,0,0,0
2546,43,52,-1,2,0,0,0
2547,72,79,-1,6,0,0,0
2548,80,97,-1,4,0,0,0
2549,111,131,-1,7,0,0,0
2550,134,178,-1,7,0,0,0
2551,2545,2546,-1,6,0,0,0
2552,2547,2548,-1,6,0,0,0
2553,2549,2550,-1,7,0,0,0
2554,251,211,-1,4,0,0,0
2555,299,233,-1,7,0,0,0
2556,436,439,-1,4,0,0,0
2557,270,-1,-1,7,0,0,0
2558,2551,2552,-1,6,0,0,0
2559,2553,2554,-1,2,0,0,0
2560,2555,2556,-1,2,0,0,0
2561,2557,438,-1,2,0,0,0
2562,384,441,-1,6,0,0,0
2563,350,960,-1,6,0,0,0
2564,2558,2559,-1,6,0,0,0
2565,2560,2561,-1,6,0,0,0
2566,2562,2563,-1,6,0,0,0
2567,964,-1,-1,7,0,0,0
2568,2564,2565,-1,6,0,0,0
2569,2566,2567,-1,4,0,0,0
2570,959,1301,-1,6,0,0,0
2571,2568,2569,-1,6,0,0,0
2572,2570,-1,-1,4,0,0,0
2573,2571,2572,-1,6,0,0,0
2574,1876,-1,-1,7,0,0,0
2575,2573,2574,-1,4,0,0,0
2576,57,172,-1,7,0,0,0
2577,2576,389,-1,2,0,0,0
2578,473,474,-1,4,0,0,0
2579,477,479,-1,7,0,0,0
2580,480,483,-1,4,0,0,0
2581,2577,2578,-1,6,0,0,0
2582,2579,2580,-1,2,0,0,0
2583,258,476,-1,7,0,0,0
2584,986,482,-1,6,0,0,0
2585,323,485,-1,2,0,0,0
2586,2581,2582,-1,6,0,0,0
2587,2583,2584,-1,2,0,0,0
2588,2585,984,-1,6,0,0,0
2589,465,988,-1,7,0,0,0
2590,2586,2587,-1,6,0,0,0
2591,2588,2589,-1,4,0,0,0
2592,2590,2591,-1,6,0,0,0
2593,2442,-1,-1,4,0,0,0
2594,2592,2593,-1,6,0,0,0
2595,66,76,-1,4,0,0,0
2596,2595,192,-1,4,0,0,0
2597,218,275,-1,4,0,0,0
2598,473,226,-1,7,0,0,0
2599,491,492,-1,4,0,0,0
2600,238,-1,-1,4,0,0,0
2601,2596,2597,-1,6,0,0,0
2602,2598,2599,-1,2,0,0,0
2603,2600,875,-1,6,0,0,0
2604,791,377,-1,2,0,0,0
2605,368,487,-1,6,0,0,0
2606,855,457,-1,2,0,0,0
2607,494,989,-1,4,0,0,0
2608,832,-1,-1,7,0,0,0
2609,2601,2602,-1,6,0,0,0
2610,2603,2604,-1,6,0,0,0
2611,2605,2606,-1,6,0,0,0
2612,2607,2608,-1,4,0,0,0
2613,971,490,-1,2,0,0,0
2614,1269,990,-1,4,0,0,0
2615,995,-1,-1,4,0,0,0
2616,2609,2610,-1,6,0,0,0
2617,2611,2612,-1,6,0,0,0
2618,2613,2614,-1,6,0,0,0
2619,2615,1310,-1,4,0,0,0
2620,2616,2617,-1,6,0,0,0
2621,2618,2619,-1,6,0,0,0
2622,1920,-1,-1,7,0,0,0
2623,2620,2621,-1,6,0,0,0
2624,2622,-1,-1,7,0,0,0
2625,2623,2624,-1,4,0,0,0
2626,46,48,-1,2,0,0,0
2627,124,129,-1,7,0,0,0
2628,135,-1,-1,4,0,0,0
2629,2626,2627,-1,4,0,0,0
2630,2628,220,-1,4,0,0,0
2631,335,373,-1,2,0,0,0
2632,503,504,-1,6,0,0,0
2633,393,507,-1,2,0,0,0
2634,2629,2630,-1,6,0,0,0
2635,2631,2632,-1,6,0,0,0
2636,2633,898,-1,4,0,0,0
2637,427,506,-1,7,0,0,0
2638,399,509,-1,2,0,0,0
2639,2634,2635,-1,6,0,0,0
2640,2636,2637,-1,4,0,0,0
2641,2638,1225,-1,4,0,0,0
2642,1279,803,-1,7,0,0,0
2643,998,1000,-1,2,0,0,0
2644,2639,2640,-1,6,0,0,0
2645,2641,2642,-1,4,0,0,0
2646,2643,1313,-1,4,0,0,0
2647,1310,-1,-1,7,0,0,0
2648,2644,2645,-1,6,0,0,0
2649,2646,2647,-1,4,0,0,0
2650,1922,-1,-1,7,0,0,0
2651,2648,2649,-1,6,0,0,0
2652,2650,-1,-1,7,0,0,0
2653,2651,2652,-1,4,0,0,0
2654,18,99,-1,7,0,0,0
2655,126,146,-1,2,0,0,0
2656,151,161,-1,7,0,0,0
2657,175,-1,-1,7,0,0,0
2658,2654,2655,-1,2,0,0,0
2659,2656,2657,-1,7,0,0,0
2660,255,300,-1,2,0,0,0
2661,512,474,-1,4,0,0,0
2662,513,477,-1,2,0,0,0
2663,517,453,-1,6,0,0,0
2664,518,203,-1,6,0,0,0
2665,2658,2659,-1,4,0,0,0
2666,2660,2661,-1,6,0,0,0
2667,2662,2663,-1,6,0,0,0
2668,2664,910,-1,6,0,0,0
2669,341,519,-1,6,0,0,0
2670,2665,2666,-1,6,0,0,0
2671,2667,2668,-1,6,0,0,0
2672,2669,-1,-1,4,0,0,0
2673,2670,2671,-1,6,0,0,0
2674,2672,1009,-1,4,0,0,0
2675,1318,-1,-1,7,0,0,0
2676,2673,2674,-1,6,0,0,0
2677,2675,1920,-1,7,0,0,0
2678,2436,-1,-1,7,0,0,0
2679,2676,2677,-1,4,0,0,0
2680,2678,-1,-1,7,0,0,0
2681,2679,2680,-1,4,0,0,0
2682,39,40,-1,6,0,0,0
2683,62,80,-1,2,0,0,0
2684,141,-1,-1,4,0,0,0
2685,2682,2683,-1,6,0,0,0
2686,2684,204,-1,4,0,0,0
2687,371,223,-1,7,0,0,0
2688,520,423,-1,4,0,0,0
2689,2685,2686,-1,6,0,0,0
2690,2687,2688,-1,2,0,0,0
2691,379,927,-1,6,0,0,0
2692,920,485,-1,7,0,0,0
2693,2689,2690,-1,6,0,0,0
2694,2691,2692,-1,4,0,0,0
2695,908,1218,-1,4,0,0,0
2696,976,1014,-1,4,0,0,0
2697,1016,-1,-1,7,0,0,0
2698,2693,2694,-1,6,0,0,0
2699,2695,2696,-1,6,0,0,0
2700,2697,1304,-1,7,0,0,0
2701,1322,-1,-1,4,0,0,0
2702,2698,2699,-1,6,0,0,0
2703,2700,2701,-1,2,0,0,0
2704,1923,-1,-1,4,0,0,0
2705,2702,2703,-1,6,0,0,0
2706,2704,-1,-1,4,0,0,0
2707,2705,2706,-1,6,0,0,0
2708,5,28,-1,7,0,0,0
2709,62,162,-1,2,0,0,0
2710,2708,2709,-1,2,0,0,0
2711,387,388,-1,4,0,0,0
2712,372,429,-1,6,0,0,0
2713,610,617,-1,7,0,0,0
2714,618,439,-1,2,0,0,0
2715,619,-1,-1,4,0,0,0
2716,2710,2711,-1,6,0,0,0
2717,2712,2713,-1,4,0,0,0
2718,2714,2715,-1,6,0,0,0
2719,1071,346,-1,6,0,0,0
2720,528,519,-1,2,0,0,0
2721,1072,-1,-1,4,0,0,0
2722,2716,2717,-1,6,0,0,0
2723,2718,2719,-1,6,0,0,0
2724,2720,2721,-1,6,0,0,0
2725,889,808,-1,6,0,0,0
2726,620,1253,-1,6,0,0,0
2727,2722,2723,-1,6,0,0,0
2728,2724,2725,-1,6,0,0,0
2729,2726,1758,-1,4,0,0,0
2730,2727,2728,-1,6,0,0,0
2731,2729,-1,-1,4,0,0,0
2732,2730,2731,-1,6,0,0,0
2733,2078,-1,-1,4,0,0,0
2734,2732,2733,-1,6,0,0,0
2735,13,18,-1,2,0,0,0
2736,20,24,-1,6,0,0,0
2737,55,76,-1,6,0,0,0
2738,94,136,-1,6,0,0,0
2739,166,170,-1,6,0,0,0
2740,186,-1,-1,7,0,0,0
2741,2735,2736,-1,6,0,0,0
2742,2737,2738,-1,6,0,0,0
2743,2739,2740,-1,4,0,0,0
2744,204,249,-1,6,0,0,0
2745,206,194,-1,6,0,0,0
2746,199,630,-1,7,0,0,0
2747,631,-1,-1,7,0,0,0
2748,2741,2742,-1,6,0,0,0
2749,2743,2744,-1,6,0,0,0
2750,2745,2746,-1,4,0,0,0
2751,2747,598,-1,7,0,0,0
2752,909,629,-1,6,0,0,0
2753,927,482,-1,4,0,0,0
2754,2748,2749,-1,6,0,0,0
2755,2750,2751,-1,4,0,0,0
2756,2752,2753,-1,6,0,0,0
2757,620,-1,-1,7,0,0,0
2758,2754,2755,-1,6,0,0,0
2759,2756,2757,-1,4,0,0,0
2760,1422,-1,-1,7,0,0,0
2761,2758,2759,-1,6,0,0,0
2762,2760,2079,-1,7,0,0,0
2763,2761,2762,-1,4,0,0,0
2764,125,179,-1,7,0,0,0
2765,181,184,-1,7,0,0,0
2766,2764,2765,-1,7,0,0,0
2767,328,311,-1,6,0,0,0
2768,255,524,-1,4,0,0,0
2769,302,495,-1,4,0,0,0
2770,348,285,-1,6,0,0,0
2771,2766,2767,-1,2,0,0,0
2772,2768,2769,-1,6,0,0,0
2773,2770,909,-1,4,0,0,0
2774,357,557,-1,6,0,0,0
2775,2771,2772,-1,6,0,0,0
2776,2773,2774,-1,6,0,0,0
2777,537,-1,-1,7,0,0,0
2778,2775,2776,-1,6,0,0,0
2779,2777,1273,-1,7,0,0,0
2780,2778,2779,-1,4,0,0,0
2781,1088,2446,-1,7,0,0,0
2782,2780,2781,-1,4,0,0,0
2783,31,33,-1,4,0,0,0
2784,96,145,-1,6,0,0,0
2785,178,191,-1,2,0,0,0
2786,2783,2784,-1,6,0,0,0
2787,2785,245,-1,6,0,0,0
2788,212,381,-1,4,0,0,0
2789,394,656,-1,2,0,0,0
2790,631,-1,-1,7,0,0,0
2791,2786,2787,-1,6,0,0,0
2792,2788,2789,-1,6,0,0,0
2793,2790,450,-1,2,0,0,0
2794,462,414,-1,7,0,0,0
2795,594,655,-1,7,0,0,0
2796,626,905,-1,6,0,0,0
2797,1095,551,-1,7,0,0,0
2798,661,540,-1,2,0,0,0
2799,2791,2792,-1,6,0,0,0
2800,2793,2794,-1,4,0,0,0
2801,2795,2796,-1,2,0,0,0
2802,2797,2798,-1,2,0,0,0
2803,908,465,-1,6,0,0,0
2804,659,638,-1,7,0,0,0
2805,2799,2800,-1,6,0,0,0
2806,2801,2802,-1,6,0,0,0
2807,2803,2804,-1,4,0,0,0
2808,2805,2806,-1,6,0,0,0
2809,2807,2432,-1,6,0,0,0
2810,1382,1462,-1,7,0,0,0
2811,2808,2809,-1,6,0,0,0
2812,2810,-1,-1,7,0,0,0
2813,2811,2812,-1,4,0,0,0
2814,572,-1,-1,4,0,0,0
2815,2814,-1,-1,4,0,0,0
2816,2815,-1,-1,4,0,0,0
2817,2816,-1,-1,4,0,0,0
2818,2817,2518,-1,4,0,0,0
2819,16,25,-1,4,0,0,0
2820,51,53,-1,7,0,0,0
2821,83,174,-1,2,0,0,0
2822,2819,2820,-1,4,0,0,0
2823,2821,196,-1,6,0,0,0
2824,336,381,-1,6,0,0,0
2825,226,201,-1,2,0,0,0
2826,595,-1,-1,4,0,0,0
2827,2822,2823,-1,6,0,0,0
2828,2824,2825,-1,6,0,0,0
2829,2826,777,-1,4,0,0,0
2830,523,334,-1,6,0,0,0
2831,688,838,-1,2,0,0,0
2832,717,584,-1,6,0,0,0
2833,741,-1,-1,4,0,0,0
2834,2827,2828,-1,6,0,0,0
2835,2829,2830,-1,6,0,0,0
2836,2831,2832,-1,6,0,0,0
2837,2833,1092,-1,6,0,0,0
2838,871,744,-1,4,0,0,0
2839,988,-1,-1,7,0,0,0
2840,2834,2835,-1,6,0,0,0
2841,2836,2837,-1,6,0,0,0
2842,2838,2839,-1,4,0,0,0
2843,1295,1318,-1,7,0,0,0
2844,2840,2841,-1,6,0,0,0
2845,2842,2843,-1,4,0,0,0
2846,2317,-1,-1,7,0,0,0
2847,2844,2845,-1,6,0,0,0
2848,2846,-1,-1,7,0,0,0
2849,2847,2848,-1,4,0,0,0
2850,31,55,-1,6,0,0,0
2851,75,101,-1,6,0,0,0
2852,132,-1,-1,4,0,0,0
2853,2850,2851,-1,6,0,0,0
2854,2852,530,-1,4,0,0,0
2855,565,619,-1,6,0,0,0
2856,627,-1,-1,7,0,0,0
2857,2853,2854,-1,6,0,0,0
2858,2855,2856,-1,4,0,0,0
2859,355,438,-1,6,0,0,0
2860,719,686,-1,2,0,0,0
2861,733,672,-1,6,0,0,0
2862,554,-1,-1,4,0,0,0
2863,2857,2858,-1,6,0,0,0
2864,2859,2860,-1,6,0,0,0
2865,2861,2862,-1,6,0,0,0
2866,634,1167,-1,4,0,0,0
2867,979,1203,-1,6,0,0,0
2868,2863,2864,-1,6,0,0,0
2869,2865,2866,-1,6,0,0,0
2870,2867,-1,-1,4,0,0,0
2871,2868,2869,-1,6,0,0,0
2872,2870,2382,-1,4,0,0,0
2873,2871,2872,-1,6,0,0,0
2874,1876,-1,-1,4,0,0,0
2875,2873,2874,-1,6,0,0,0
2876,87,88,-1,2,0,0,0
2877,109,-1,-1,7,0,0,0
2878,2876,2877,-1,4,0,0,0
2879,328,254,-1,2,0,0,0
2880,374,451,-1,4,0,0,0
2881,578,731,-1,2,0,0,0
2882,709,-1,-1,7,0,0,0
2883,2878,2879,-1,6,0,0,0
2884,2880,2881,-1,6,0,0,0
2885,2882,427,-1,7,0,0,0
2886,717,759,-1,6,0,0,0
2887,989,-1,-1,4,0,0,0
2888,2883,2884,-1,6,0,0,0
2889,2885,2886,-1,2,0,0,0
2890,2887,863,-1,4,0,0,0
2891,749,1169,-1,6,0,0,0
2892,1038,1197,-1,7,0,0,0
2893,1083,580,-1,4,0,0,0
2894,2888,2889,-1,6,0,0,0
2895,2890,2891,-1,6,0,0,0
2896,2892,2893,-1,2,0,0,0
2897,1313,1662,-1,6,0,0,0
2898,2894,2895,-1,6,0,0,0
2899,2896,2897,-1,6,0,0,0
2900,1434,1838,-1,6,0,0,0
2901,2898,2899,-1,6,0,0,0
2902,2900,2818,-1,4,0,0,0
2903,2901,2902,-1,6,0,0,0
2904,788,-1,-1,7,0,0,0
2905,2904,-1,-1,7,0,0,0
2906,2905,-1,-1,7,0,0,0
2907,2906,2432,-1,2,0,0,0
2908,1759,-1,-1,7,0,0,0
2909,2908,2442,-1,2,0,0,0
2910,22,63,-1,6,0,0,0
2911,96,121,-1,4,0,0,0
2912,149,169,-1,2,0,0,0
2913,170,182,-1,4,0,0,0
2914,187,-1,-1,7,0,0,0
2915,2910,2911,-1,6,0,0,0
2916,2912,2913,-1,6,0,0,0
2917,2914,248,-1,7,0,0,0
2918,214,256,-1,6,0,0,0
2919,259,260,-1,2,0,0,0
2920,263,264,-1,7,0,0,0
2921,265,267,-1,6,0,0,0
2922,269,270,-1,7,0,0,0
2923,2915,2916,-1,6,0,0,0
2924,2917,2918,-1,2,0,0,0
2925,2919,2920,-1,4,0,0,0
2926,2921,2922,-1,4,0,0,0
2927,258,825,-1,7,0,0,0
2928,827,831,-1,6,0,0,0
2929,832,833,-1,7,0,0,0
2930,2923,2924,-1,6,0,0,0
2931,2925,2926,-1,6,0,0,0
2932,2927,2928,-1,2,0,0,0
2933,2929,-1,-1,7,0,0,0
2934,2930,2931,-1,6,0,0,0
2935,2932,2933,-1,4,0,0,0
2936,2934,2935,-1,6,0,0,0
2937,1761,2446,-1,4,0,0,0
2938,2936,2937,-1,6,0,0,0
2939,105,153,-1,6,0,0,0
2940,2939,319,-1,6,0,0,0
2941,274,-1,-1,7,0,0,0
2942,2940,2941,-1,4,0,0,0
2943,783,321,-1,2,0,0,0
2944,323,325,-1,6,0,0,0
2945,330,876,-1,2,0,0,0
2946,2942,2943,-1,6,0,0,0
2947,2944,2945,-1,6,0,0,0
2948,871,1258,-1,7,0,0,0
2949,866,-1,-1,4,0,0,0
2950,2946,2947,-1,6,0,0,0
2951,2948,2949,-1,2,0,0,0
2952,2950,2951,-1,6,0,0,0
2953,2482,1801,-1,4,0,0,0
2954,2952,2953,-1,6,0,0,0
2955,30,44,-1,4,0,0,0
2956,60,124,-1,2,0,0,0
2957,2955,2956,-1,6,0,0,0
2958,282,473,-1,4,0,0,0
2959,2957,2958,-1,6,0,0,0
2960,818,814,-1,4,0,0,0
2961,845,917,-1,7,0,0,0
2962,594,688,-1,4,0,0,0
2963,406,691,-1,7,0,0,0
2964,2959,2960,-1,6,0,0,0
2965,2961,2962,-1,2,0,0,0
2966,2963,609,-1,2,0,0,0
2967,1211,1139,-1,7,0,0,0
2968,902,1141,-1,6,0,0,0
2969,964,-1,-1,4,0,0,0
2970,2964,2965,-1,6,0,0,0
2971,2966,2967,-1,4,0,0,0
2972,2968,2969,-1,6,0,0,0
2973,2970,2971,-1,6,0,0,0
2974,2972,1836,-1,4,0,0,0
2975,2973,2974,-1,6,0,0,0
2976,2818,2078,-1,6,0,0,0
2977,2975,2976,-1,6,0,0,0
2978,34,50,-1,7,0,0,0
2979,2978,281,-1,7,0,0,0
2980,208,385,-1,2,0,0,0
2981,221,289,-1,2,0,0,0
2982,388,277,-1,2,0,0,0
2983,233,708,-1,4,0,0,0
2984,491,709,-1,6,0,0,0
2985,713,-1,-1,4,0,0,0
2986,2979,2980,-1,2,0,0,0
2987,2981,2982,-1,6,0,0,0
2988,2983,2984,-1,6,0,0,0
2989,2985,834,-1,6,0,0,0
2990,655,-1,-1,7,0,0,0
2991,2986,2987,-1,6,0,0,0
2992,2988,2989,-1,6,0,0,0
2993,2990,1144,-1,7,0,0,0
2994,712,1066,-1,6,0,0,0
2995,982,1277,-1,4,0,0,0
2996,1108,-1,-1,7,0,0,0
2997,2991,2992,-1,6,0,0,0
2998,2993,2994,-1,2,0,0,0
2999,2995,2996,-1,4,0,0,0
3000,1799,1325,-1,7,0,0,0
3001,1298,-1,-1,7,0,0,0
3002,2997,2998,-1,6,0,0,0
3003,2999,3000,-1,4,0,0,0
3004,3001,1465,-1,7,0,0,0
3005,1543,-1,-1,7,0,0,0
3006,3002,3003,-1,6,0,0,0
3007,3004,3005,-1,7,0,0,0
3008,2907,-1,-1,7,0,0,0
3009,3006,3007,-1,4,0,0,0
3010,3008,-1,-1,7,0,0,0
3011,3009,3010,-1,4,0,0,0
3012,45,69,-1,4,0,0,0
3013,96,102,-1,4,0,0,0
3014,134,150,-1,4,0,0,0
3015,3012,3013,-1,6,0,0,0
3016,3014,193,-1,6,0,0,0
3017,194,197,-1,7,0,0,0
3018,203,-1,-1,7,0,0,0
3019,3015,3016,-1,6,0,0,0
3020,3017,3018,-1,7,0,0,0
3021,761,763,-1,2,0,0,0
3022,765,767,-1,7,0,0,0
3023,769,770,-1,4,0,0,0
3024,772,775,-1,4,0,0,0
3025,790,-1,-1,4,0,0,0
3026,3019,3020,-1,4,0,0,0
3027,3021,3022,-1,4,0,0,0
3028,3023,3024,-1,6,0,0,0
3029,3025,1203,-1,4,0,0,0
3030,1204,1213,-1,4,0,0,0
3031,3026,3027,-1,6,0,0,0
3032,3028,3029,-1,6,0,0,0
3033,3030,1741,-1,6,0,0,0
3034,1746,-1,-1,4,0,0,0
3035,3031,3032,-1,6,0,0,0
3036,3033,3034,-1,6,0,0,0
3037,3035,3036,-1,6,0,0,0
3038,2907,-1,-1,7,0,0,0
3039,3037,3038,-1,4,0,0,0
3040,2439,2909,-1,6,0,0,0
3041,64,88,-1,6,0,0,0
3042,112,188,-1,2,0,0,0
3043,191,-1,-1,4,0,0,0
3044,3041,3042,-1,6,0,0,0
3045,3043,337,-1,4,0,0,0
3046,3044,3045,-1,6,0,0,0
3047,899,384,-1,4,0,0,0
3048,833,-1,-1,7,0,0,0
3049,3046,3047,-1,6,0,0,0
3050,3048,913,-1,2,0,0,0
3051,1280,-1,-1,4,0,0,0
3052,3049,3050,-1,6,0,0,0
3053,3051,1283,-1,4,0,0,0
3054,3052,3053,-1,6,0,0,0
3055,2518,1836,-1,7,0,0,0
3056,1838,-1,-1,7,0,0,0
3057,3054,3055,-1,4,0,0,0
3058,3056,-1,-1,7,0,0,0
3059,3057,3058,-1,4,0,0,0
3060,3040,-1,-1,4,0,0,0
3061,3059,3060,-1,6,0,0,0
3062,19,97,-1,4,0,0,0
3063,130,135,-1,6,0,0,0
3064,140,148,-1,7,0,0,0
3065,149,159,-1,7,0,0,0
3066,177,-1,-1,4,0,0,0
3067,3062,3063,-1,6,0,0,0
3068,3064,3065,-1,7,0,0,0
3069,3066,225,-1,6,0,0,0
3070,226,227,-1,7,0,0,0
3071,230,236,-1,2,0,0,0
3072,237,238,-1,7,0,0,0
3073,3067,3068,-1,4,0,0,0
3074,3069,3070,-1,4,0,0,0
3075,3071,3072,-1,4,0,0,0
3076,794,798,-1,4,0,0,0
3077,799,804,-1,7,0,0,0
3078,3073,3074,-1,6,0,0,0
3079,3075,3076,-1,6,0,0,0
3080,3077,1218,-1,7,0,0,0
3081,803,-1,-1,4,0,0,0
3082,3078,3079,-1,6,0,0,0
3083,3080,3081,-1,2,0,0,0
3084,1750,-1,-1,7,0,0,0
3085,3082,3083,-1,6,0,0,0
3086,3084,2436,-1,2,0,0,0
3087,3085,3086,-1,6,0,0,0
3088,3087,3040,-1,6,0,0,0
